OUT=out/grok1_run3_20260802T023050Z
CKPT=/home/raulmc/.models/xai-grok-1/ckpt-0
SLUG=xai-grok-1__ckpt-0
BINARY=xai-dissect 0.1.0; mtime=2026-08-01 21:30:39.123500679 -0500
START_UTC=2026-08-02T02:30:50+00:00

=== inventory START 2026-08-02T02:30:50+00:00 ===
2026-08-02T02:30:50.224059Z  INFO command{repo="xai-dissect" command="inventory" run_id="xai-dissect-1785637850224044032-3119626-0" git_sha="unknown" limit=None prefix="tensor" family="grok-1" sample_values=None}: xai_dissect: command_start event="command_start"
checkpoint: /home/raulmc/.models/xai-grok-1/ckpt-0  shards: 770  tensors: 770
inferred:  vocab=Some(131072)  d_model=Some(6144)  n_experts=Some(8)  d_ff=Some(32768)  n_blocks=Some(64)

# xai-dissect inventory

- **model_family**: `grok-1`
- **checkpoint**: `/home/raulmc/.models/xai-grok-1/ckpt-0`
- **shards**: 770
- **schema_version**: 2

## Inferred hyperparameters

| Field | Value |
| ----- | ----- |
| vocab_size | 131072 |
| d_model | 6144 |
| n_experts | 8 |
| d_ff | 32768 |
| n_blocks | 64 |

## Totals

| Metric | Value |
| ------ | ----- |
| tensors | 770 |
| f32 tensors | 322 |
| int8 tensors | 448 |
| quant tensors | 448 |
| total elements | 315684820992 |
| total bytes | 318114914304 (296.27 GiB) |

## Tensor kinds

| Kind | Count | Bytes |
| ---- | ----: | ----: |
| attn_proj_i8.model_width | 128 | 4831838208 (4.50 GiB) |
| attn_proj_i8.narrow | 128 | 805306368 (768.00 MiB) |
| block_norm | 256 | 6291456 (6.00 MiB) |
| final_norm | 1 | 24576 (24.00 KiB) |
| moe_expert.down | 64 | 103079215104 (96.00 GiB) |
| moe_expert.gate | 64 | 103079215104 (96.00 GiB) |
| moe_expert.up | 64 | 103079215104 (96.00 GiB) |
| router | 64 | 12582912 (12.00 MiB) |
| token_embedding | 1 | 3221225472 (3.00 GiB) |

## Blocks

| Label | Block | Shards | Tensors | Bytes | Kinds |
| ----- | ----: | ------ | ------: | ----: | ----- |
| embedding | - | 0..=0 | 1 | 3221225472 (3.00 GiB) | 1xtoken_embedding |
| block_000 | 0 | 2..=13 | 12 | 4920213504 (4.58 GiB) | 2xattn_proj_i8.model_width, 2xattn_proj_i8.narrow, 4xblock_norm, 1xmoe_expert.down, 1xmoe_expert.gate, 1xmoe_expert.up, 1xrouter |
| block_001 | 1 | 14..=25 | 12 | 4920213504 (4.58 GiB) | 2xattn_proj_i8.model_width, 2xattn_proj_i8.narrow, 4xblock_norm, 1xmoe_expert.down, 1xmoe_expert.gate, 1xmoe_expert.up, 1xrouter |
| block_002 | 2 | 26..=37 | 12 | 4920213504 (4.58 GiB) | 2xattn_proj_i8.model_width, 2xattn_proj_i8.narrow, 4xblock_norm, 1xmoe_expert.down, 1xmoe_expert.gate, 1xmoe_expert.up, 1xrouter |
| block_003 | 3 | 38..=49 | 12 | 4920213504 (4.58 GiB) | 2xattn_proj_i8.model_width, 2xattn_proj_i8.narrow, 4xblock_norm, 1xmoe_expert.down, 1xmoe_expert.gate, 1xmoe_expert.up, 1xrouter |
| block_004 | 4 | 50..=61 | 12 | 4920213504 (4.58 GiB) | 2xattn_proj_i8.model_width, 2xattn_proj_i8.narrow, 4xblock_norm, 1xmoe_expert.down, 1xmoe_expert.gate, 1xmoe_expert.up, 1xrouter |
| block_005 | 5 | 62..=73 | 12 | 4920213504 (4.58 GiB) | 2xattn_proj_i8.model_width, 2xattn_proj_i8.narrow, 4xblock_norm, 1xmoe_expert.down, 1xmoe_expert.gate, 1xmoe_expert.up, 1xrouter |
| block_006 | 6 | 74..=85 | 12 | 4920213504 (4.58 GiB) | 2xattn_proj_i8.model_width, 2xattn_proj_i8.narrow, 4xblock_norm, 1xmoe_expert.down, 1xmoe_expert.gate, 1xmoe_expert.up, 1xrouter |
| block_007 | 7 | 86..=97 | 12 | 4920213504 (4.58 GiB) | 2xattn_proj_i8.model_width, 2xattn_proj_i8.narrow, 4xblock_norm, 1xmoe_expert.down, 1xmoe_expert.gate, 1xmoe_expert.up, 1xrouter |
| block_008 | 8 | 98..=109 | 12 | 4920213504 (4.58 GiB) | 2xattn_proj_i8.model_width, 2xattn_proj_i8.narrow, 4xblock_norm, 1xmoe_expert.down, 1xmoe_expert.gate, 1xmoe_expert.up, 1xrouter |
| block_009 | 9 | 110..=121 | 12 | 4920213504 (4.58 GiB) | 2xattn_proj_i8.model_width, 2xattn_proj_i8.narrow, 4xblock_norm, 1xmoe_expert.down, 1xmoe_expert.gate, 1xmoe_expert.up, 1xrouter |
| block_010 | 10 | 122..=133 | 12 | 4920213504 (4.58 GiB) | 2xattn_proj_i8.model_width, 2xattn_proj_i8.narrow, 4xblock_norm, 1xmoe_expert.down, 1xmoe_expert.gate, 1xmoe_expert.up, 1xrouter |
| block_011 | 11 | 134..=145 | 12 | 4920213504 (4.58 GiB) | 2xattn_proj_i8.model_width, 2xattn_proj_i8.narrow, 4xblock_norm, 1xmoe_expert.down, 1xmoe_expert.gate, 1xmoe_expert.up, 1xrouter |
| block_012 | 12 | 146..=157 | 12 | 4920213504 (4.58 GiB) | 2xattn_proj_i8.model_width, 2xattn_proj_i8.narrow, 4xblock_norm, 1xmoe_expert.down, 1xmoe_expert.gate, 1xmoe_expert.up, 1xrouter |
| block_013 | 13 | 158..=169 | 12 | 4920213504 (4.58 GiB) | 2xattn_proj_i8.model_width, 2xattn_proj_i8.narrow, 4xblock_norm, 1xmoe_expert.down, 1xmoe_expert.gate, 1xmoe_expert.up, 1xrouter |
| block_014 | 14 | 170..=181 | 12 | 4920213504 (4.58 GiB) | 2xattn_proj_i8.model_width, 2xattn_proj_i8.narrow, 4xblock_norm, 1xmoe_expert.down, 1xmoe_expert.gate, 1xmoe_expert.up, 1xrouter |
| block_015 | 15 | 182..=193 | 12 | 4920213504 (4.58 GiB) | 2xattn_proj_i8.model_width, 2xattn_proj_i8.narrow, 4xblock_norm, 1xmoe_expert.down, 1xmoe_expert.gate, 1xmoe_expert.up, 1xrouter |
| block_016 | 16 | 194..=205 | 12 | 4920213504 (4.58 GiB) | 2xattn_proj_i8.model_width, 2xattn_proj_i8.narrow, 4xblock_norm, 1xmoe_expert.down, 1xmoe_expert.gate, 1xmoe_expert.up, 1xrouter |
| block_017 | 17 | 206..=217 | 12 | 4920213504 (4.58 GiB) | 2xattn_proj_i8.model_width, 2xattn_proj_i8.narrow, 4xblock_norm, 1xmoe_expert.down, 1xmoe_expert.gate, 1xmoe_expert.up, 1xrouter |
| block_018 | 18 | 218..=229 | 12 | 4920213504 (4.58 GiB) | 2xattn_proj_i8.model_width, 2xattn_proj_i8.narrow, 4xblock_norm, 1xmoe_expert.down, 1xmoe_expert.gate, 1xmoe_expert.up, 1xrouter |
| block_019 | 19 | 230..=241 | 12 | 4920213504 (4.58 GiB) | 2xattn_proj_i8.model_width, 2xattn_proj_i8.narrow, 4xblock_norm, 1xmoe_expert.down, 1xmoe_expert.gate, 1xmoe_expert.up, 1xrouter |
| block_020 | 20 | 242..=253 | 12 | 4920213504 (4.58 GiB) | 2xattn_proj_i8.model_width, 2xattn_proj_i8.narrow, 4xblock_norm, 1xmoe_expert.down, 1xmoe_expert.gate, 1xmoe_expert.up, 1xrouter |
| block_021 | 21 | 254..=265 | 12 | 4920213504 (4.58 GiB) | 2xattn_proj_i8.model_width, 2xattn_proj_i8.narrow, 4xblock_norm, 1xmoe_expert.down, 1xmoe_expert.gate, 1xmoe_expert.up, 1xrouter |
| block_022 | 22 | 266..=277 | 12 | 4920213504 (4.58 GiB) | 2xattn_proj_i8.model_width, 2xattn_proj_i8.narrow, 4xblock_norm, 1xmoe_expert.down, 1xmoe_expert.gate, 1xmoe_expert.up, 1xrouter |
| block_023 | 23 | 278..=289 | 12 | 4920213504 (4.58 GiB) | 2xattn_proj_i8.model_width, 2xattn_proj_i8.narrow, 4xblock_norm, 1xmoe_expert.down, 1xmoe_expert.gate, 1xmoe_expert.up, 1xrouter |
| block_024 | 24 | 290..=301 | 12 | 4920213504 (4.58 GiB) | 2xattn_proj_i8.model_width, 2xattn_proj_i8.narrow, 4xblock_norm, 1xmoe_expert.down, 1xmoe_expert.gate, 1xmoe_expert.up, 1xrouter |
| block_025 | 25 | 302..=313 | 12 | 4920213504 (4.58 GiB) | 2xattn_proj_i8.model_width, 2xattn_proj_i8.narrow, 4xblock_norm, 1xmoe_expert.down, 1xmoe_expert.gate, 1xmoe_expert.up, 1xrouter |
| block_026 | 26 | 314..=325 | 12 | 4920213504 (4.58 GiB) | 2xattn_proj_i8.model_width, 2xattn_proj_i8.narrow, 4xblock_norm, 1xmoe_expert.down, 1xmoe_expert.gate, 1xmoe_expert.up, 1xrouter |
| block_027 | 27 | 326..=337 | 12 | 4920213504 (4.58 GiB) | 2xattn_proj_i8.model_width, 2xattn_proj_i8.narrow, 4xblock_norm, 1xmoe_expert.down, 1xmoe_expert.gate, 1xmoe_expert.up, 1xrouter |
| block_028 | 28 | 338..=349 | 12 | 4920213504 (4.58 GiB) | 2xattn_proj_i8.model_width, 2xattn_proj_i8.narrow, 4xblock_norm, 1xmoe_expert.down, 1xmoe_expert.gate, 1xmoe_expert.up, 1xrouter |
| block_029 | 29 | 350..=361 | 12 | 4920213504 (4.58 GiB) | 2xattn_proj_i8.model_width, 2xattn_proj_i8.narrow, 4xblock_norm, 1xmoe_expert.down, 1xmoe_expert.gate, 1xmoe_expert.up, 1xrouter |
| block_030 | 30 | 362..=373 | 12 | 4920213504 (4.58 GiB) | 2xattn_proj_i8.model_width, 2xattn_proj_i8.narrow, 4xblock_norm, 1xmoe_expert.down, 1xmoe_expert.gate, 1xmoe_expert.up, 1xrouter |
| block_031 | 31 | 374..=385 | 12 | 4920213504 (4.58 GiB) | 2xattn_proj_i8.model_width, 2xattn_proj_i8.narrow, 4xblock_norm, 1xmoe_expert.down, 1xmoe_expert.gate, 1xmoe_expert.up, 1xrouter |
| block_032 | 32 | 386..=397 | 12 | 4920213504 (4.58 GiB) | 2xattn_proj_i8.model_width, 2xattn_proj_i8.narrow, 4xblock_norm, 1xmoe_expert.down, 1xmoe_expert.gate, 1xmoe_expert.up, 1xrouter |
| block_033 | 33 | 398..=409 | 12 | 4920213504 (4.58 GiB) | 2xattn_proj_i8.model_width, 2xattn_proj_i8.narrow, 4xblock_norm, 1xmoe_expert.down, 1xmoe_expert.gate, 1xmoe_expert.up, 1xrouter |
| block_034 | 34 | 410..=421 | 12 | 4920213504 (4.58 GiB) | 2xattn_proj_i8.model_width, 2xattn_proj_i8.narrow, 4xblock_norm, 1xmoe_expert.down, 1xmoe_expert.gate, 1xmoe_expert.up, 1xrouter |
| block_035 | 35 | 422..=433 | 12 | 4920213504 (4.58 GiB) | 2xattn_proj_i8.model_width, 2xattn_proj_i8.narrow, 4xblock_norm, 1xmoe_expert.down, 1xmoe_expert.gate, 1xmoe_expert.up, 1xrouter |
| block_036 | 36 | 434..=445 | 12 | 4920213504 (4.58 GiB) | 2xattn_proj_i8.model_width, 2xattn_proj_i8.narrow, 4xblock_norm, 1xmoe_expert.down, 1xmoe_expert.gate, 1xmoe_expert.up, 1xrouter |
| block_037 | 37 | 446..=457 | 12 | 4920213504 (4.58 GiB) | 2xattn_proj_i8.model_width, 2xattn_proj_i8.narrow, 4xblock_norm, 1xmoe_expert.down, 1xmoe_expert.gate, 1xmoe_expert.up, 1xrouter |
| block_038 | 38 | 458..=469 | 12 | 4920213504 (4.58 GiB) | 2xattn_proj_i8.model_width, 2xattn_proj_i8.narrow, 4xblock_norm, 1xmoe_expert.down, 1xmoe_expert.gate, 1xmoe_expert.up, 1xrouter |
| block_039 | 39 | 470..=481 | 12 | 4920213504 (4.58 GiB) | 2xattn_proj_i8.model_width, 2xattn_proj_i8.narrow, 4xblock_norm, 1xmoe_expert.down, 1xmoe_expert.gate, 1xmoe_expert.up, 1xrouter |
| block_040 | 40 | 482..=493 | 12 | 4920213504 (4.58 GiB) | 2xattn_proj_i8.model_width, 2xattn_proj_i8.narrow, 4xblock_norm, 1xmoe_expert.down, 1xmoe_expert.gate, 1xmoe_expert.up, 1xrouter |
| block_041 | 41 | 494..=505 | 12 | 4920213504 (4.58 GiB) | 2xattn_proj_i8.model_width, 2xattn_proj_i8.narrow, 4xblock_norm, 1xmoe_expert.down, 1xmoe_expert.gate, 1xmoe_expert.up, 1xrouter |
| block_042 | 42 | 506..=517 | 12 | 4920213504 (4.58 GiB) | 2xattn_proj_i8.model_width, 2xattn_proj_i8.narrow, 4xblock_norm, 1xmoe_expert.down, 1xmoe_expert.gate, 1xmoe_expert.up, 1xrouter |
| block_043 | 43 | 518..=529 | 12 | 4920213504 (4.58 GiB) | 2xattn_proj_i8.model_width, 2xattn_proj_i8.narrow, 4xblock_norm, 1xmoe_expert.down, 1xmoe_expert.gate, 1xmoe_expert.up, 1xrouter |
| block_044 | 44 | 530..=541 | 12 | 4920213504 (4.58 GiB) | 2xattn_proj_i8.model_width, 2xattn_proj_i8.narrow, 4xblock_norm, 1xmoe_expert.down, 1xmoe_expert.gate, 1xmoe_expert.up, 1xrouter |
| block_045 | 45 | 542..=553 | 12 | 4920213504 (4.58 GiB) | 2xattn_proj_i8.model_width, 2xattn_proj_i8.narrow, 4xblock_norm, 1xmoe_expert.down, 1xmoe_expert.gate, 1xmoe_expert.up, 1xrouter |
| block_046 | 46 | 554..=565 | 12 | 4920213504 (4.58 GiB) | 2xattn_proj_i8.model_width, 2xattn_proj_i8.narrow, 4xblock_norm, 1xmoe_expert.down, 1xmoe_expert.gate, 1xmoe_expert.up, 1xrouter |
| block_047 | 47 | 566..=577 | 12 | 4920213504 (4.58 GiB) | 2xattn_proj_i8.model_width, 2xattn_proj_i8.narrow, 4xblock_norm, 1xmoe_expert.down, 1xmoe_expert.gate, 1xmoe_expert.up, 1xrouter |
| block_048 | 48 | 578..=589 | 12 | 4920213504 (4.58 GiB) | 2xattn_proj_i8.model_width, 2xattn_proj_i8.narrow, 4xblock_norm, 1xmoe_expert.down, 1xmoe_expert.gate, 1xmoe_expert.up, 1xrouter |
| block_049 | 49 | 590..=601 | 12 | 4920213504 (4.58 GiB) | 2xattn_proj_i8.model_width, 2xattn_proj_i8.narrow, 4xblock_norm, 1xmoe_expert.down, 1xmoe_expert.gate, 1xmoe_expert.up, 1xrouter |
| block_050 | 50 | 602..=613 | 12 | 4920213504 (4.58 GiB) | 2xattn_proj_i8.model_width, 2xattn_proj_i8.narrow, 4xblock_norm, 1xmoe_expert.down, 1xmoe_expert.gate, 1xmoe_expert.up, 1xrouter |
| block_051 | 51 | 614..=625 | 12 | 4920213504 (4.58 GiB) | 2xattn_proj_i8.model_width, 2xattn_proj_i8.narrow, 4xblock_norm, 1xmoe_expert.down, 1xmoe_expert.gate, 1xmoe_expert.up, 1xrouter |
| block_052 | 52 | 626..=637 | 12 | 4920213504 (4.58 GiB) | 2xattn_proj_i8.model_width, 2xattn_proj_i8.narrow, 4xblock_norm, 1xmoe_expert.down, 1xmoe_expert.gate, 1xmoe_expert.up, 1xrouter |
| block_053 | 53 | 638..=649 | 12 | 4920213504 (4.58 GiB) | 2xattn_proj_i8.model_width, 2xattn_proj_i8.narrow, 4xblock_norm, 1xmoe_expert.down, 1xmoe_expert.gate, 1xmoe_expert.up, 1xrouter |
| block_054 | 54 | 650..=661 | 12 | 4920213504 (4.58 GiB) | 2xattn_proj_i8.model_width, 2xattn_proj_i8.narrow, 4xblock_norm, 1xmoe_expert.down, 1xmoe_expert.gate, 1xmoe_expert.up, 1xrouter |
| block_055 | 55 | 662..=673 | 12 | 4920213504 (4.58 GiB) | 2xattn_proj_i8.model_width, 2xattn_proj_i8.narrow, 4xblock_norm, 1xmoe_expert.down, 1xmoe_expert.gate, 1xmoe_expert.up, 1xrouter |
| block_056 | 56 | 674..=685 | 12 | 4920213504 (4.58 GiB) | 2xattn_proj_i8.model_width, 2xattn_proj_i8.narrow, 4xblock_norm, 1xmoe_expert.down, 1xmoe_expert.gate, 1xmoe_expert.up, 1xrouter |
| block_057 | 57 | 686..=697 | 12 | 4920213504 (4.58 GiB) | 2xattn_proj_i8.model_width, 2xattn_proj_i8.narrow, 4xblock_norm, 1xmoe_expert.down, 1xmoe_expert.gate, 1xmoe_expert.up, 1xrouter |
| block_058 | 58 | 698..=709 | 12 | 4920213504 (4.58 GiB) | 2xattn_proj_i8.model_width, 2xattn_proj_i8.narrow, 4xblock_norm, 1xmoe_expert.down, 1xmoe_expert.gate, 1xmoe_expert.up, 1xrouter |
| block_059 | 59 | 710..=721 | 12 | 4920213504 (4.58 GiB) | 2xattn_proj_i8.model_width, 2xattn_proj_i8.narrow, 4xblock_norm, 1xmoe_expert.down, 1xmoe_expert.gate, 1xmoe_expert.up, 1xrouter |
| block_060 | 60 | 722..=733 | 12 | 4920213504 (4.58 GiB) | 2xattn_proj_i8.model_width, 2xattn_proj_i8.narrow, 4xblock_norm, 1xmoe_expert.down, 1xmoe_expert.gate, 1xmoe_expert.up, 1xrouter |
| block_061 | 61 | 734..=745 | 12 | 4920213504 (4.58 GiB) | 2xattn_proj_i8.model_width, 2xattn_proj_i8.narrow, 4xblock_norm, 1xmoe_expert.down, 1xmoe_expert.gate, 1xmoe_expert.up, 1xrouter |
| block_062 | 62 | 746..=757 | 12 | 4920213504 (4.58 GiB) | 2xattn_proj_i8.model_width, 2xattn_proj_i8.narrow, 4xblock_norm, 1xmoe_expert.down, 1xmoe_expert.gate, 1xmoe_expert.up, 1xrouter |
| block_063 | 63 | 758..=769 | 12 | 4920213504 (4.58 GiB) | 2xattn_proj_i8.model_width, 2xattn_proj_i8.narrow, 4xblock_norm, 1xmoe_expert.down, 1xmoe_expert.gate, 1xmoe_expert.up, 1xrouter |
| final_norm | - | 1..=1 | 1 | 24576 (24.00 KiB) | 1xfinal_norm |

## Exemplar block (`block_000`)

| Shard | In-shard | Role | Dtype | Shape | Kind | Slot |
| ----: | -------: | ---- | ----- | ----- | ---- | ---: |
| 2 | 0 | quant.weight | int8 | `(8, 6144, 32768)` | moe_expert.gate | 0 |
| 3 | 0 | quant.weight | int8 | `(8, 32768, 6144)` | moe_expert.down | 1 |
| 4 | 0 | quant.weight | int8 | `(8, 6144, 32768)` | moe_expert.up | 2 |
| 5 | 0 | quant.weight | int8 | `(6144, 1024)` | attn_proj_i8.narrow | 3 |
| 6 | 0 | quant.weight | int8 | `(6144, 6144)` | attn_proj_i8.model_width | 4 |
| 7 | 0 | quant.weight | int8 | `(6144, 6144)` | attn_proj_i8.model_width | 5 |
| 8 | 0 | quant.weight | int8 | `(6144, 1024)` | attn_proj_i8.narrow | 6 |
| 9 | 0 | tensor | f32 | `(6144,)` | block_norm | 7 |
| 10 | 0 | tensor | f32 | `(6144,)` | block_norm | 8 |
| 11 | 0 | tensor | f32 | `(6144,)` | block_norm | 9 |
| 12 | 0 | tensor | f32 | `(6144,)` | block_norm | 10 |
| 13 | 0 | tensor | f32 | `(6144, 8)` | router | 11 |

wrote inventory bundle -> out/grok1_run3_20260802T023050Z/{reports,exports,manifests}/xai-grok-1-ckpt-0/...
2026-08-02T02:32:32.187471Z  INFO command{repo="xai-dissect" command="inventory" run_id="xai-dissect-1785637850224044032-3119626-0" git_sha="unknown" limit=None prefix="tensor" family="grok-1" sample_values=None}: xai_dissect: command_finish event="command_finish" latency_ms=101963 success=true error_category="none"
=== inventory OK 2026-08-02T02:32:32+00:00 ===

=== experts START 2026-08-02T02:32:32+00:00 ===
2026-08-02T02:32:32.193401Z  INFO command{repo="xai-dissect" command="experts" run_id="xai-dissect-1785637952193385970-3122235-0" git_sha="unknown" limit=None prefix="tensor" family="grok-1" sample_values=None}: xai_dissect: command_start event="command_start"
checkpoint: /home/raulmc/.models/xai-grok-1/ckpt-0  blocks: 64  expected_experts_per_block: Some(8)
naming_checks: 4  anomalies: 0

# xai-dissect expert atlas

- **model_family**: `grok-1`
- **checkpoint**: `/home/raulmc/.models/xai-grok-1/ckpt-0`
- **shards**: 770
- **relevant_blocks**: 64
- **expected_experts_per_block**: 8
- **schema_version**: 1

## Expert counts by block

| Block | Experts | Expert tensors | Slots | Shapes |
| ----: | ------: | -------------: | ----- | ------ |
| 0 | 8 | 3 | 0, 1, 2 | expert_slot_00 (8, 6144, 32768)<br>expert_slot_01 (8, 32768, 6144)<br>expert_slot_02 (8, 6144, 32768) |
| 1 | 8 | 3 | 0, 1, 2 | expert_slot_00 (8, 6144, 32768)<br>expert_slot_01 (8, 32768, 6144)<br>expert_slot_02 (8, 6144, 32768) |
| 2 | 8 | 3 | 0, 1, 2 | expert_slot_00 (8, 6144, 32768)<br>expert_slot_01 (8, 32768, 6144)<br>expert_slot_02 (8, 6144, 32768) |
| 3 | 8 | 3 | 0, 1, 2 | expert_slot_00 (8, 6144, 32768)<br>expert_slot_01 (8, 32768, 6144)<br>expert_slot_02 (8, 6144, 32768) |
| 4 | 8 | 3 | 0, 1, 2 | expert_slot_00 (8, 6144, 32768)<br>expert_slot_01 (8, 32768, 6144)<br>expert_slot_02 (8, 6144, 32768) |
| 5 | 8 | 3 | 0, 1, 2 | expert_slot_00 (8, 6144, 32768)<br>expert_slot_01 (8, 32768, 6144)<br>expert_slot_02 (8, 6144, 32768) |
| 6 | 8 | 3 | 0, 1, 2 | expert_slot_00 (8, 6144, 32768)<br>expert_slot_01 (8, 32768, 6144)<br>expert_slot_02 (8, 6144, 32768) |
| 7 | 8 | 3 | 0, 1, 2 | expert_slot_00 (8, 6144, 32768)<br>expert_slot_01 (8, 32768, 6144)<br>expert_slot_02 (8, 6144, 32768) |
| 8 | 8 | 3 | 0, 1, 2 | expert_slot_00 (8, 6144, 32768)<br>expert_slot_01 (8, 32768, 6144)<br>expert_slot_02 (8, 6144, 32768) |
| 9 | 8 | 3 | 0, 1, 2 | expert_slot_00 (8, 6144, 32768)<br>expert_slot_01 (8, 32768, 6144)<br>expert_slot_02 (8, 6144, 32768) |
| 10 | 8 | 3 | 0, 1, 2 | expert_slot_00 (8, 6144, 32768)<br>expert_slot_01 (8, 32768, 6144)<br>expert_slot_02 (8, 6144, 32768) |
| 11 | 8 | 3 | 0, 1, 2 | expert_slot_00 (8, 6144, 32768)<br>expert_slot_01 (8, 32768, 6144)<br>expert_slot_02 (8, 6144, 32768) |
| 12 | 8 | 3 | 0, 1, 2 | expert_slot_00 (8, 6144, 32768)<br>expert_slot_01 (8, 32768, 6144)<br>expert_slot_02 (8, 6144, 32768) |
| 13 | 8 | 3 | 0, 1, 2 | expert_slot_00 (8, 6144, 32768)<br>expert_slot_01 (8, 32768, 6144)<br>expert_slot_02 (8, 6144, 32768) |
| 14 | 8 | 3 | 0, 1, 2 | expert_slot_00 (8, 6144, 32768)<br>expert_slot_01 (8, 32768, 6144)<br>expert_slot_02 (8, 6144, 32768) |
| 15 | 8 | 3 | 0, 1, 2 | expert_slot_00 (8, 6144, 32768)<br>expert_slot_01 (8, 32768, 6144)<br>expert_slot_02 (8, 6144, 32768) |
| 16 | 8 | 3 | 0, 1, 2 | expert_slot_00 (8, 6144, 32768)<br>expert_slot_01 (8, 32768, 6144)<br>expert_slot_02 (8, 6144, 32768) |
| 17 | 8 | 3 | 0, 1, 2 | expert_slot_00 (8, 6144, 32768)<br>expert_slot_01 (8, 32768, 6144)<br>expert_slot_02 (8, 6144, 32768) |
| 18 | 8 | 3 | 0, 1, 2 | expert_slot_00 (8, 6144, 32768)<br>expert_slot_01 (8, 32768, 6144)<br>expert_slot_02 (8, 6144, 32768) |
| 19 | 8 | 3 | 0, 1, 2 | expert_slot_00 (8, 6144, 32768)<br>expert_slot_01 (8, 32768, 6144)<br>expert_slot_02 (8, 6144, 32768) |
| 20 | 8 | 3 | 0, 1, 2 | expert_slot_00 (8, 6144, 32768)<br>expert_slot_01 (8, 32768, 6144)<br>expert_slot_02 (8, 6144, 32768) |
| 21 | 8 | 3 | 0, 1, 2 | expert_slot_00 (8, 6144, 32768)<br>expert_slot_01 (8, 32768, 6144)<br>expert_slot_02 (8, 6144, 32768) |
| 22 | 8 | 3 | 0, 1, 2 | expert_slot_00 (8, 6144, 32768)<br>expert_slot_01 (8, 32768, 6144)<br>expert_slot_02 (8, 6144, 32768) |
| 23 | 8 | 3 | 0, 1, 2 | expert_slot_00 (8, 6144, 32768)<br>expert_slot_01 (8, 32768, 6144)<br>expert_slot_02 (8, 6144, 32768) |
| 24 | 8 | 3 | 0, 1, 2 | expert_slot_00 (8, 6144, 32768)<br>expert_slot_01 (8, 32768, 6144)<br>expert_slot_02 (8, 6144, 32768) |
| 25 | 8 | 3 | 0, 1, 2 | expert_slot_00 (8, 6144, 32768)<br>expert_slot_01 (8, 32768, 6144)<br>expert_slot_02 (8, 6144, 32768) |
| 26 | 8 | 3 | 0, 1, 2 | expert_slot_00 (8, 6144, 32768)<br>expert_slot_01 (8, 32768, 6144)<br>expert_slot_02 (8, 6144, 32768) |
| 27 | 8 | 3 | 0, 1, 2 | expert_slot_00 (8, 6144, 32768)<br>expert_slot_01 (8, 32768, 6144)<br>expert_slot_02 (8, 6144, 32768) |
| 28 | 8 | 3 | 0, 1, 2 | expert_slot_00 (8, 6144, 32768)<br>expert_slot_01 (8, 32768, 6144)<br>expert_slot_02 (8, 6144, 32768) |
| 29 | 8 | 3 | 0, 1, 2 | expert_slot_00 (8, 6144, 32768)<br>expert_slot_01 (8, 32768, 6144)<br>expert_slot_02 (8, 6144, 32768) |
| 30 | 8 | 3 | 0, 1, 2 | expert_slot_00 (8, 6144, 32768)<br>expert_slot_01 (8, 32768, 6144)<br>expert_slot_02 (8, 6144, 32768) |
| 31 | 8 | 3 | 0, 1, 2 | expert_slot_00 (8, 6144, 32768)<br>expert_slot_01 (8, 32768, 6144)<br>expert_slot_02 (8, 6144, 32768) |
| 32 | 8 | 3 | 0, 1, 2 | expert_slot_00 (8, 6144, 32768)<br>expert_slot_01 (8, 32768, 6144)<br>expert_slot_02 (8, 6144, 32768) |
| 33 | 8 | 3 | 0, 1, 2 | expert_slot_00 (8, 6144, 32768)<br>expert_slot_01 (8, 32768, 6144)<br>expert_slot_02 (8, 6144, 32768) |
| 34 | 8 | 3 | 0, 1, 2 | expert_slot_00 (8, 6144, 32768)<br>expert_slot_01 (8, 32768, 6144)<br>expert_slot_02 (8, 6144, 32768) |
| 35 | 8 | 3 | 0, 1, 2 | expert_slot_00 (8, 6144, 32768)<br>expert_slot_01 (8, 32768, 6144)<br>expert_slot_02 (8, 6144, 32768) |
| 36 | 8 | 3 | 0, 1, 2 | expert_slot_00 (8, 6144, 32768)<br>expert_slot_01 (8, 32768, 6144)<br>expert_slot_02 (8, 6144, 32768) |
| 37 | 8 | 3 | 0, 1, 2 | expert_slot_00 (8, 6144, 32768)<br>expert_slot_01 (8, 32768, 6144)<br>expert_slot_02 (8, 6144, 32768) |
| 38 | 8 | 3 | 0, 1, 2 | expert_slot_00 (8, 6144, 32768)<br>expert_slot_01 (8, 32768, 6144)<br>expert_slot_02 (8, 6144, 32768) |
| 39 | 8 | 3 | 0, 1, 2 | expert_slot_00 (8, 6144, 32768)<br>expert_slot_01 (8, 32768, 6144)<br>expert_slot_02 (8, 6144, 32768) |
| 40 | 8 | 3 | 0, 1, 2 | expert_slot_00 (8, 6144, 32768)<br>expert_slot_01 (8, 32768, 6144)<br>expert_slot_02 (8, 6144, 32768) |
| 41 | 8 | 3 | 0, 1, 2 | expert_slot_00 (8, 6144, 32768)<br>expert_slot_01 (8, 32768, 6144)<br>expert_slot_02 (8, 6144, 32768) |
| 42 | 8 | 3 | 0, 1, 2 | expert_slot_00 (8, 6144, 32768)<br>expert_slot_01 (8, 32768, 6144)<br>expert_slot_02 (8, 6144, 32768) |
| 43 | 8 | 3 | 0, 1, 2 | expert_slot_00 (8, 6144, 32768)<br>expert_slot_01 (8, 32768, 6144)<br>expert_slot_02 (8, 6144, 32768) |
| 44 | 8 | 3 | 0, 1, 2 | expert_slot_00 (8, 6144, 32768)<br>expert_slot_01 (8, 32768, 6144)<br>expert_slot_02 (8, 6144, 32768) |
| 45 | 8 | 3 | 0, 1, 2 | expert_slot_00 (8, 6144, 32768)<br>expert_slot_01 (8, 32768, 6144)<br>expert_slot_02 (8, 6144, 32768) |
| 46 | 8 | 3 | 0, 1, 2 | expert_slot_00 (8, 6144, 32768)<br>expert_slot_01 (8, 32768, 6144)<br>expert_slot_02 (8, 6144, 32768) |
| 47 | 8 | 3 | 0, 1, 2 | expert_slot_00 (8, 6144, 32768)<br>expert_slot_01 (8, 32768, 6144)<br>expert_slot_02 (8, 6144, 32768) |
| 48 | 8 | 3 | 0, 1, 2 | expert_slot_00 (8, 6144, 32768)<br>expert_slot_01 (8, 32768, 6144)<br>expert_slot_02 (8, 6144, 32768) |
| 49 | 8 | 3 | 0, 1, 2 | expert_slot_00 (8, 6144, 32768)<br>expert_slot_01 (8, 32768, 6144)<br>expert_slot_02 (8, 6144, 32768) |
| 50 | 8 | 3 | 0, 1, 2 | expert_slot_00 (8, 6144, 32768)<br>expert_slot_01 (8, 32768, 6144)<br>expert_slot_02 (8, 6144, 32768) |
| 51 | 8 | 3 | 0, 1, 2 | expert_slot_00 (8, 6144, 32768)<br>expert_slot_01 (8, 32768, 6144)<br>expert_slot_02 (8, 6144, 32768) |
| 52 | 8 | 3 | 0, 1, 2 | expert_slot_00 (8, 6144, 32768)<br>expert_slot_01 (8, 32768, 6144)<br>expert_slot_02 (8, 6144, 32768) |
| 53 | 8 | 3 | 0, 1, 2 | expert_slot_00 (8, 6144, 32768)<br>expert_slot_01 (8, 32768, 6144)<br>expert_slot_02 (8, 6144, 32768) |
| 54 | 8 | 3 | 0, 1, 2 | expert_slot_00 (8, 6144, 32768)<br>expert_slot_01 (8, 32768, 6144)<br>expert_slot_02 (8, 6144, 32768) |
| 55 | 8 | 3 | 0, 1, 2 | expert_slot_00 (8, 6144, 32768)<br>expert_slot_01 (8, 32768, 6144)<br>expert_slot_02 (8, 6144, 32768) |
| 56 | 8 | 3 | 0, 1, 2 | expert_slot_00 (8, 6144, 32768)<br>expert_slot_01 (8, 32768, 6144)<br>expert_slot_02 (8, 6144, 32768) |
| 57 | 8 | 3 | 0, 1, 2 | expert_slot_00 (8, 6144, 32768)<br>expert_slot_01 (8, 32768, 6144)<br>expert_slot_02 (8, 6144, 32768) |
| 58 | 8 | 3 | 0, 1, 2 | expert_slot_00 (8, 6144, 32768)<br>expert_slot_01 (8, 32768, 6144)<br>expert_slot_02 (8, 6144, 32768) |
| 59 | 8 | 3 | 0, 1, 2 | expert_slot_00 (8, 6144, 32768)<br>expert_slot_01 (8, 32768, 6144)<br>expert_slot_02 (8, 6144, 32768) |
| 60 | 8 | 3 | 0, 1, 2 | expert_slot_00 (8, 6144, 32768)<br>expert_slot_01 (8, 32768, 6144)<br>expert_slot_02 (8, 6144, 32768) |
| 61 | 8 | 3 | 0, 1, 2 | expert_slot_00 (8, 6144, 32768)<br>expert_slot_01 (8, 32768, 6144)<br>expert_slot_02 (8, 6144, 32768) |
| 62 | 8 | 3 | 0, 1, 2 | expert_slot_00 (8, 6144, 32768)<br>expert_slot_01 (8, 32768, 6144)<br>expert_slot_02 (8, 6144, 32768) |
| 63 | 8 | 3 | 0, 1, 2 | expert_slot_00 (8, 6144, 32768)<br>expert_slot_01 (8, 32768, 6144)<br>expert_slot_02 (8, 6144, 32768) |

## Tensor naming patterns

| Family | Pattern | Projection | Slots | Shapes | Blocks |
| ------ | ------- | ---------- | ----- | ------ | -----: |
| expert_slot_00 | `block_{block}.expert_slot_00.expert_{expert}` | gate | 0 | (8, 6144, 32768) | 64 |
| expert_slot_01 | `block_{block}.expert_slot_01.expert_{expert}` | down | 1 | (8, 32768, 6144) | 64 |
| expert_slot_02 | `block_{block}.expert_slot_02.expert_{expert}` | up | 2 | (8, 6144, 32768) | 64 |

## Naming consistency checks

| Check | Result | Detail |
| ----- | ------ | ------ |
| expert_blocks_present | pass | discovered expert tensors in 64 blocks |
| expert_count_consistent | pass | expected 8 experts per block |
| expert_family_count_consistent | pass | expected 3 expert tensor families per block |
| expert_layout_pattern_consistent | pass | canonical inferred pattern: ["expert_slot_00|gate|int8|(8, 6144, 32768)", "expert_slot_01|down|int8|(8, 32768, 6144)", "expert_slot_02|up|int8|(8, 6144, 32768)"] |

## Missing or irregular expert tensors

None detected.

## Layout anomalies

None detected.

## Naming consistency issues

None detected.

## Exemplar block (`block_000`)

| Expert | Tensor associations |
| -----: | ------------------- |
| 0 | `block_000.expert_slot_00.expert_00` gate `(6144, 32768)`<br>`block_000.expert_slot_01.expert_00` down `(32768, 6144)`<br>`block_000.expert_slot_02.expert_00` up `(6144, 32768)` |
| 1 | `block_000.expert_slot_00.expert_01` gate `(6144, 32768)`<br>`block_000.expert_slot_01.expert_01` down `(32768, 6144)`<br>`block_000.expert_slot_02.expert_01` up `(6144, 32768)` |
| 2 | `block_000.expert_slot_00.expert_02` gate `(6144, 32768)`<br>`block_000.expert_slot_01.expert_02` down `(32768, 6144)`<br>`block_000.expert_slot_02.expert_02` up `(6144, 32768)` |
| 3 | `block_000.expert_slot_00.expert_03` gate `(6144, 32768)`<br>`block_000.expert_slot_01.expert_03` down `(32768, 6144)`<br>`block_000.expert_slot_02.expert_03` up `(6144, 32768)` |
| 4 | `block_000.expert_slot_00.expert_04` gate `(6144, 32768)`<br>`block_000.expert_slot_01.expert_04` down `(32768, 6144)`<br>`block_000.expert_slot_02.expert_04` up `(6144, 32768)` |
| 5 | `block_000.expert_slot_00.expert_05` gate `(6144, 32768)`<br>`block_000.expert_slot_01.expert_05` down `(32768, 6144)`<br>`block_000.expert_slot_02.expert_05` up `(6144, 32768)` |
| 6 | `block_000.expert_slot_00.expert_06` gate `(6144, 32768)`<br>`block_000.expert_slot_01.expert_06` down `(32768, 6144)`<br>`block_000.expert_slot_02.expert_06` up `(6144, 32768)` |
| 7 | `block_000.expert_slot_00.expert_07` gate `(6144, 32768)`<br>`block_000.expert_slot_01.expert_07` down `(32768, 6144)`<br>`block_000.expert_slot_02.expert_07` up `(6144, 32768)` |

wrote expert bundle -> out/grok1_run3_20260802T023050Z/{reports,exports,manifests}/xai-grok-1-ckpt-0/...
2026-08-02T02:34:15.842790Z  INFO command{repo="xai-dissect" command="experts" run_id="xai-dissect-1785637952193385970-3122235-0" git_sha="unknown" limit=None prefix="tensor" family="grok-1" sample_values=None}: xai_dissect: command_finish event="command_finish" latency_ms=103649 success=true error_category="none"
=== experts OK 2026-08-02T02:34:15+00:00 ===

=== routing-report START 2026-08-02T02:34:15+00:00 ===
2026-08-02T02:34:15.850945Z  INFO command{repo="xai-dissect" command="routing-report" run_id="xai-dissect-1785638055850927125-3125023-0" git_sha="unknown" limit=None prefix="tensor" family="grok-1" sample_values=None}: xai_dissect: command_start event="command_start"
checkpoint: /home/raulmc/.models/xai-grok-1/ckpt-0  routing_blocks: 64  candidates: 64
expected_experts_per_router: Some(8)  critical_blocks: 64  anomalies: 0

# xai-dissect routing report

- **model_family**: `grok-1`
- **checkpoint**: `/home/raulmc/.models/xai-grok-1/ckpt-0`
- **shards**: 770
- **relevant_blocks**: 64
- **expected_experts_per_router**: 8
- **schema_version**: 1

## Candidate routing tensors

| Block | Slot | Shape | Orientation | Experts | Kind | Structural name |
| ----: | ---: | ----- | ----------- | ------: | ---- | --------------- |
| 0 | 11 | `(6144, 8)` | d_model_to_experts | 8 | router | `block_000.routing_slot_11` |
| 1 | 11 | `(6144, 8)` | d_model_to_experts | 8 | router | `block_001.routing_slot_11` |
| 2 | 11 | `(6144, 8)` | d_model_to_experts | 8 | router | `block_002.routing_slot_11` |
| 3 | 11 | `(6144, 8)` | d_model_to_experts | 8 | router | `block_003.routing_slot_11` |
| 4 | 11 | `(6144, 8)` | d_model_to_experts | 8 | router | `block_004.routing_slot_11` |
| 5 | 11 | `(6144, 8)` | d_model_to_experts | 8 | router | `block_005.routing_slot_11` |
| 6 | 11 | `(6144, 8)` | d_model_to_experts | 8 | router | `block_006.routing_slot_11` |
| 7 | 11 | `(6144, 8)` | d_model_to_experts | 8 | router | `block_007.routing_slot_11` |
| 8 | 11 | `(6144, 8)` | d_model_to_experts | 8 | router | `block_008.routing_slot_11` |
| 9 | 11 | `(6144, 8)` | d_model_to_experts | 8 | router | `block_009.routing_slot_11` |
| 10 | 11 | `(6144, 8)` | d_model_to_experts | 8 | router | `block_010.routing_slot_11` |
| 11 | 11 | `(6144, 8)` | d_model_to_experts | 8 | router | `block_011.routing_slot_11` |
| 12 | 11 | `(6144, 8)` | d_model_to_experts | 8 | router | `block_012.routing_slot_11` |
| 13 | 11 | `(6144, 8)` | d_model_to_experts | 8 | router | `block_013.routing_slot_11` |
| 14 | 11 | `(6144, 8)` | d_model_to_experts | 8 | router | `block_014.routing_slot_11` |
| 15 | 11 | `(6144, 8)` | d_model_to_experts | 8 | router | `block_015.routing_slot_11` |
| 16 | 11 | `(6144, 8)` | d_model_to_experts | 8 | router | `block_016.routing_slot_11` |
| 17 | 11 | `(6144, 8)` | d_model_to_experts | 8 | router | `block_017.routing_slot_11` |
| 18 | 11 | `(6144, 8)` | d_model_to_experts | 8 | router | `block_018.routing_slot_11` |
| 19 | 11 | `(6144, 8)` | d_model_to_experts | 8 | router | `block_019.routing_slot_11` |
| 20 | 11 | `(6144, 8)` | d_model_to_experts | 8 | router | `block_020.routing_slot_11` |
| 21 | 11 | `(6144, 8)` | d_model_to_experts | 8 | router | `block_021.routing_slot_11` |
| 22 | 11 | `(6144, 8)` | d_model_to_experts | 8 | router | `block_022.routing_slot_11` |
| 23 | 11 | `(6144, 8)` | d_model_to_experts | 8 | router | `block_023.routing_slot_11` |
| 24 | 11 | `(6144, 8)` | d_model_to_experts | 8 | router | `block_024.routing_slot_11` |
| 25 | 11 | `(6144, 8)` | d_model_to_experts | 8 | router | `block_025.routing_slot_11` |
| 26 | 11 | `(6144, 8)` | d_model_to_experts | 8 | router | `block_026.routing_slot_11` |
| 27 | 11 | `(6144, 8)` | d_model_to_experts | 8 | router | `block_027.routing_slot_11` |
| 28 | 11 | `(6144, 8)` | d_model_to_experts | 8 | router | `block_028.routing_slot_11` |
| 29 | 11 | `(6144, 8)` | d_model_to_experts | 8 | router | `block_029.routing_slot_11` |
| 30 | 11 | `(6144, 8)` | d_model_to_experts | 8 | router | `block_030.routing_slot_11` |
| 31 | 11 | `(6144, 8)` | d_model_to_experts | 8 | router | `block_031.routing_slot_11` |
| 32 | 11 | `(6144, 8)` | d_model_to_experts | 8 | router | `block_032.routing_slot_11` |
| 33 | 11 | `(6144, 8)` | d_model_to_experts | 8 | router | `block_033.routing_slot_11` |
| 34 | 11 | `(6144, 8)` | d_model_to_experts | 8 | router | `block_034.routing_slot_11` |
| 35 | 11 | `(6144, 8)` | d_model_to_experts | 8 | router | `block_035.routing_slot_11` |
| 36 | 11 | `(6144, 8)` | d_model_to_experts | 8 | router | `block_036.routing_slot_11` |
| 37 | 11 | `(6144, 8)` | d_model_to_experts | 8 | router | `block_037.routing_slot_11` |
| 38 | 11 | `(6144, 8)` | d_model_to_experts | 8 | router | `block_038.routing_slot_11` |
| 39 | 11 | `(6144, 8)` | d_model_to_experts | 8 | router | `block_039.routing_slot_11` |
| 40 | 11 | `(6144, 8)` | d_model_to_experts | 8 | router | `block_040.routing_slot_11` |
| 41 | 11 | `(6144, 8)` | d_model_to_experts | 8 | router | `block_041.routing_slot_11` |
| 42 | 11 | `(6144, 8)` | d_model_to_experts | 8 | router | `block_042.routing_slot_11` |
| 43 | 11 | `(6144, 8)` | d_model_to_experts | 8 | router | `block_043.routing_slot_11` |
| 44 | 11 | `(6144, 8)` | d_model_to_experts | 8 | router | `block_044.routing_slot_11` |
| 45 | 11 | `(6144, 8)` | d_model_to_experts | 8 | router | `block_045.routing_slot_11` |
| 46 | 11 | `(6144, 8)` | d_model_to_experts | 8 | router | `block_046.routing_slot_11` |
| 47 | 11 | `(6144, 8)` | d_model_to_experts | 8 | router | `block_047.routing_slot_11` |
| 48 | 11 | `(6144, 8)` | d_model_to_experts | 8 | router | `block_048.routing_slot_11` |
| 49 | 11 | `(6144, 8)` | d_model_to_experts | 8 | router | `block_049.routing_slot_11` |
| 50 | 11 | `(6144, 8)` | d_model_to_experts | 8 | router | `block_050.routing_slot_11` |
| 51 | 11 | `(6144, 8)` | d_model_to_experts | 8 | router | `block_051.routing_slot_11` |
| 52 | 11 | `(6144, 8)` | d_model_to_experts | 8 | router | `block_052.routing_slot_11` |
| 53 | 11 | `(6144, 8)` | d_model_to_experts | 8 | router | `block_053.routing_slot_11` |
| 54 | 11 | `(6144, 8)` | d_model_to_experts | 8 | router | `block_054.routing_slot_11` |
| 55 | 11 | `(6144, 8)` | d_model_to_experts | 8 | router | `block_055.routing_slot_11` |
| 56 | 11 | `(6144, 8)` | d_model_to_experts | 8 | router | `block_056.routing_slot_11` |
| 57 | 11 | `(6144, 8)` | d_model_to_experts | 8 | router | `block_057.routing_slot_11` |
| 58 | 11 | `(6144, 8)` | d_model_to_experts | 8 | router | `block_058.routing_slot_11` |
| 59 | 11 | `(6144, 8)` | d_model_to_experts | 8 | router | `block_059.routing_slot_11` |
| 60 | 11 | `(6144, 8)` | d_model_to_experts | 8 | router | `block_060.routing_slot_11` |
| 61 | 11 | `(6144, 8)` | d_model_to_experts | 8 | router | `block_061.routing_slot_11` |
| 62 | 11 | `(6144, 8)` | d_model_to_experts | 8 | router | `block_062.routing_slot_11` |
| 63 | 11 | `(6144, 8)` | d_model_to_experts | 8 | router | `block_063.routing_slot_11` |

## Shape and orientation summaries

| Orientation | Count | Blocks | Shapes |
| ----------- | ----: | -----: | ------ |
| d_model_to_experts | 64 | 64 | (6144, 8) |

## Layer-by-layer routing metadata

| Label | Block | Local experts | Primary candidate | Candidate count |
| ----- | ----: | ------------: | ----------------- | --------------: |
| block_000 | 0 | 8 | shard 13 idx 0 slot 11 | 1 |
| block_001 | 1 | 8 | shard 25 idx 0 slot 11 | 1 |
| block_002 | 2 | 8 | shard 37 idx 0 slot 11 | 1 |
| block_003 | 3 | 8 | shard 49 idx 0 slot 11 | 1 |
| block_004 | 4 | 8 | shard 61 idx 0 slot 11 | 1 |
| block_005 | 5 | 8 | shard 73 idx 0 slot 11 | 1 |
| block_006 | 6 | 8 | shard 85 idx 0 slot 11 | 1 |
| block_007 | 7 | 8 | shard 97 idx 0 slot 11 | 1 |
| block_008 | 8 | 8 | shard 109 idx 0 slot 11 | 1 |
| block_009 | 9 | 8 | shard 121 idx 0 slot 11 | 1 |
| block_010 | 10 | 8 | shard 133 idx 0 slot 11 | 1 |
| block_011 | 11 | 8 | shard 145 idx 0 slot 11 | 1 |
| block_012 | 12 | 8 | shard 157 idx 0 slot 11 | 1 |
| block_013 | 13 | 8 | shard 169 idx 0 slot 11 | 1 |
| block_014 | 14 | 8 | shard 181 idx 0 slot 11 | 1 |
| block_015 | 15 | 8 | shard 193 idx 0 slot 11 | 1 |
| block_016 | 16 | 8 | shard 205 idx 0 slot 11 | 1 |
| block_017 | 17 | 8 | shard 217 idx 0 slot 11 | 1 |
| block_018 | 18 | 8 | shard 229 idx 0 slot 11 | 1 |
| block_019 | 19 | 8 | shard 241 idx 0 slot 11 | 1 |
| block_020 | 20 | 8 | shard 253 idx 0 slot 11 | 1 |
| block_021 | 21 | 8 | shard 265 idx 0 slot 11 | 1 |
| block_022 | 22 | 8 | shard 277 idx 0 slot 11 | 1 |
| block_023 | 23 | 8 | shard 289 idx 0 slot 11 | 1 |
| block_024 | 24 | 8 | shard 301 idx 0 slot 11 | 1 |
| block_025 | 25 | 8 | shard 313 idx 0 slot 11 | 1 |
| block_026 | 26 | 8 | shard 325 idx 0 slot 11 | 1 |
| block_027 | 27 | 8 | shard 337 idx 0 slot 11 | 1 |
| block_028 | 28 | 8 | shard 349 idx 0 slot 11 | 1 |
| block_029 | 29 | 8 | shard 361 idx 0 slot 11 | 1 |
| block_030 | 30 | 8 | shard 373 idx 0 slot 11 | 1 |
| block_031 | 31 | 8 | shard 385 idx 0 slot 11 | 1 |
| block_032 | 32 | 8 | shard 397 idx 0 slot 11 | 1 |
| block_033 | 33 | 8 | shard 409 idx 0 slot 11 | 1 |
| block_034 | 34 | 8 | shard 421 idx 0 slot 11 | 1 |
| block_035 | 35 | 8 | shard 433 idx 0 slot 11 | 1 |
| block_036 | 36 | 8 | shard 445 idx 0 slot 11 | 1 |
| block_037 | 37 | 8 | shard 457 idx 0 slot 11 | 1 |
| block_038 | 38 | 8 | shard 469 idx 0 slot 11 | 1 |
| block_039 | 39 | 8 | shard 481 idx 0 slot 11 | 1 |
| block_040 | 40 | 8 | shard 493 idx 0 slot 11 | 1 |
| block_041 | 41 | 8 | shard 505 idx 0 slot 11 | 1 |
| block_042 | 42 | 8 | shard 517 idx 0 slot 11 | 1 |
| block_043 | 43 | 8 | shard 529 idx 0 slot 11 | 1 |
| block_044 | 44 | 8 | shard 541 idx 0 slot 11 | 1 |
| block_045 | 45 | 8 | shard 553 idx 0 slot 11 | 1 |
| block_046 | 46 | 8 | shard 565 idx 0 slot 11 | 1 |
| block_047 | 47 | 8 | shard 577 idx 0 slot 11 | 1 |
| block_048 | 48 | 8 | shard 589 idx 0 slot 11 | 1 |
| block_049 | 49 | 8 | shard 601 idx 0 slot 11 | 1 |
| block_050 | 50 | 8 | shard 613 idx 0 slot 11 | 1 |
| block_051 | 51 | 8 | shard 625 idx 0 slot 11 | 1 |
| block_052 | 52 | 8 | shard 637 idx 0 slot 11 | 1 |
| block_053 | 53 | 8 | shard 649 idx 0 slot 11 | 1 |
| block_054 | 54 | 8 | shard 661 idx 0 slot 11 | 1 |
| block_055 | 55 | 8 | shard 673 idx 0 slot 11 | 1 |
| block_056 | 56 | 8 | shard 685 idx 0 slot 11 | 1 |
| block_057 | 57 | 8 | shard 697 idx 0 slot 11 | 1 |
| block_058 | 58 | 8 | shard 709 idx 0 slot 11 | 1 |
| block_059 | 59 | 8 | shard 721 idx 0 slot 11 | 1 |
| block_060 | 60 | 8 | shard 733 idx 0 slot 11 | 1 |
| block_061 | 61 | 8 | shard 745 idx 0 slot 11 | 1 |
| block_062 | 62 | 8 | shard 757 idx 0 slot 11 | 1 |
| block_063 | 63 | 8 | shard 769 idx 0 slot 11 | 1 |

## Gate tensor structural metrics

| Structural name | Input width | Output width | Logits/input | Bytes |
| --------------- | ----------: | -----------: | -----------: | ----: |
| `block_000.routing_slot_11` | 6144 | 8 | 8 | 196608 (192.00 KiB) |
| `block_001.routing_slot_11` | 6144 | 8 | 8 | 196608 (192.00 KiB) |
| `block_002.routing_slot_11` | 6144 | 8 | 8 | 196608 (192.00 KiB) |
| `block_003.routing_slot_11` | 6144 | 8 | 8 | 196608 (192.00 KiB) |
| `block_004.routing_slot_11` | 6144 | 8 | 8 | 196608 (192.00 KiB) |
| `block_005.routing_slot_11` | 6144 | 8 | 8 | 196608 (192.00 KiB) |
| `block_006.routing_slot_11` | 6144 | 8 | 8 | 196608 (192.00 KiB) |
| `block_007.routing_slot_11` | 6144 | 8 | 8 | 196608 (192.00 KiB) |
| `block_008.routing_slot_11` | 6144 | 8 | 8 | 196608 (192.00 KiB) |
| `block_009.routing_slot_11` | 6144 | 8 | 8 | 196608 (192.00 KiB) |
| `block_010.routing_slot_11` | 6144 | 8 | 8 | 196608 (192.00 KiB) |
| `block_011.routing_slot_11` | 6144 | 8 | 8 | 196608 (192.00 KiB) |
| `block_012.routing_slot_11` | 6144 | 8 | 8 | 196608 (192.00 KiB) |
| `block_013.routing_slot_11` | 6144 | 8 | 8 | 196608 (192.00 KiB) |
| `block_014.routing_slot_11` | 6144 | 8 | 8 | 196608 (192.00 KiB) |
| `block_015.routing_slot_11` | 6144 | 8 | 8 | 196608 (192.00 KiB) |
| `block_016.routing_slot_11` | 6144 | 8 | 8 | 196608 (192.00 KiB) |
| `block_017.routing_slot_11` | 6144 | 8 | 8 | 196608 (192.00 KiB) |
| `block_018.routing_slot_11` | 6144 | 8 | 8 | 196608 (192.00 KiB) |
| `block_019.routing_slot_11` | 6144 | 8 | 8 | 196608 (192.00 KiB) |
| `block_020.routing_slot_11` | 6144 | 8 | 8 | 196608 (192.00 KiB) |
| `block_021.routing_slot_11` | 6144 | 8 | 8 | 196608 (192.00 KiB) |
| `block_022.routing_slot_11` | 6144 | 8 | 8 | 196608 (192.00 KiB) |
| `block_023.routing_slot_11` | 6144 | 8 | 8 | 196608 (192.00 KiB) |
| `block_024.routing_slot_11` | 6144 | 8 | 8 | 196608 (192.00 KiB) |
| `block_025.routing_slot_11` | 6144 | 8 | 8 | 196608 (192.00 KiB) |
| `block_026.routing_slot_11` | 6144 | 8 | 8 | 196608 (192.00 KiB) |
| `block_027.routing_slot_11` | 6144 | 8 | 8 | 196608 (192.00 KiB) |
| `block_028.routing_slot_11` | 6144 | 8 | 8 | 196608 (192.00 KiB) |
| `block_029.routing_slot_11` | 6144 | 8 | 8 | 196608 (192.00 KiB) |
| `block_030.routing_slot_11` | 6144 | 8 | 8 | 196608 (192.00 KiB) |
| `block_031.routing_slot_11` | 6144 | 8 | 8 | 196608 (192.00 KiB) |
| `block_032.routing_slot_11` | 6144 | 8 | 8 | 196608 (192.00 KiB) |
| `block_033.routing_slot_11` | 6144 | 8 | 8 | 196608 (192.00 KiB) |
| `block_034.routing_slot_11` | 6144 | 8 | 8 | 196608 (192.00 KiB) |
| `block_035.routing_slot_11` | 6144 | 8 | 8 | 196608 (192.00 KiB) |
| `block_036.routing_slot_11` | 6144 | 8 | 8 | 196608 (192.00 KiB) |
| `block_037.routing_slot_11` | 6144 | 8 | 8 | 196608 (192.00 KiB) |
| `block_038.routing_slot_11` | 6144 | 8 | 8 | 196608 (192.00 KiB) |
| `block_039.routing_slot_11` | 6144 | 8 | 8 | 196608 (192.00 KiB) |
| `block_040.routing_slot_11` | 6144 | 8 | 8 | 196608 (192.00 KiB) |
| `block_041.routing_slot_11` | 6144 | 8 | 8 | 196608 (192.00 KiB) |
| `block_042.routing_slot_11` | 6144 | 8 | 8 | 196608 (192.00 KiB) |
| `block_043.routing_slot_11` | 6144 | 8 | 8 | 196608 (192.00 KiB) |
| `block_044.routing_slot_11` | 6144 | 8 | 8 | 196608 (192.00 KiB) |
| `block_045.routing_slot_11` | 6144 | 8 | 8 | 196608 (192.00 KiB) |
| `block_046.routing_slot_11` | 6144 | 8 | 8 | 196608 (192.00 KiB) |
| `block_047.routing_slot_11` | 6144 | 8 | 8 | 196608 (192.00 KiB) |
| `block_048.routing_slot_11` | 6144 | 8 | 8 | 196608 (192.00 KiB) |
| `block_049.routing_slot_11` | 6144 | 8 | 8 | 196608 (192.00 KiB) |
| `block_050.routing_slot_11` | 6144 | 8 | 8 | 196608 (192.00 KiB) |
| `block_051.routing_slot_11` | 6144 | 8 | 8 | 196608 (192.00 KiB) |
| `block_052.routing_slot_11` | 6144 | 8 | 8 | 196608 (192.00 KiB) |
| `block_053.routing_slot_11` | 6144 | 8 | 8 | 196608 (192.00 KiB) |
| `block_054.routing_slot_11` | 6144 | 8 | 8 | 196608 (192.00 KiB) |
| `block_055.routing_slot_11` | 6144 | 8 | 8 | 196608 (192.00 KiB) |
| `block_056.routing_slot_11` | 6144 | 8 | 8 | 196608 (192.00 KiB) |
| `block_057.routing_slot_11` | 6144 | 8 | 8 | 196608 (192.00 KiB) |
| `block_058.routing_slot_11` | 6144 | 8 | 8 | 196608 (192.00 KiB) |
| `block_059.routing_slot_11` | 6144 | 8 | 8 | 196608 (192.00 KiB) |
| `block_060.routing_slot_11` | 6144 | 8 | 8 | 196608 (192.00 KiB) |
| `block_061.routing_slot_11` | 6144 | 8 | 8 | 196608 (192.00 KiB) |
| `block_062.routing_slot_11` | 6144 | 8 | 8 | 196608 (192.00 KiB) |
| `block_063.routing_slot_11` | 6144 | 8 | 8 | 196608 (192.00 KiB) |

## Expert count linkage

| Structural name | Linked experts | Matches inferred experts |
| --------------- | -------------: | ----------------------- |
| `block_000.routing_slot_11` | 8 | yes |
| `block_001.routing_slot_11` | 8 | yes |
| `block_002.routing_slot_11` | 8 | yes |
| `block_003.routing_slot_11` | 8 | yes |
| `block_004.routing_slot_11` | 8 | yes |
| `block_005.routing_slot_11` | 8 | yes |
| `block_006.routing_slot_11` | 8 | yes |
| `block_007.routing_slot_11` | 8 | yes |
| `block_008.routing_slot_11` | 8 | yes |
| `block_009.routing_slot_11` | 8 | yes |
| `block_010.routing_slot_11` | 8 | yes |
| `block_011.routing_slot_11` | 8 | yes |
| `block_012.routing_slot_11` | 8 | yes |
| `block_013.routing_slot_11` | 8 | yes |
| `block_014.routing_slot_11` | 8 | yes |
| `block_015.routing_slot_11` | 8 | yes |
| `block_016.routing_slot_11` | 8 | yes |
| `block_017.routing_slot_11` | 8 | yes |
| `block_018.routing_slot_11` | 8 | yes |
| `block_019.routing_slot_11` | 8 | yes |
| `block_020.routing_slot_11` | 8 | yes |
| `block_021.routing_slot_11` | 8 | yes |
| `block_022.routing_slot_11` | 8 | yes |
| `block_023.routing_slot_11` | 8 | yes |
| `block_024.routing_slot_11` | 8 | yes |
| `block_025.routing_slot_11` | 8 | yes |
| `block_026.routing_slot_11` | 8 | yes |
| `block_027.routing_slot_11` | 8 | yes |
| `block_028.routing_slot_11` | 8 | yes |
| `block_029.routing_slot_11` | 8 | yes |
| `block_030.routing_slot_11` | 8 | yes |
| `block_031.routing_slot_11` | 8 | yes |
| `block_032.routing_slot_11` | 8 | yes |
| `block_033.routing_slot_11` | 8 | yes |
| `block_034.routing_slot_11` | 8 | yes |
| `block_035.routing_slot_11` | 8 | yes |
| `block_036.routing_slot_11` | 8 | yes |
| `block_037.routing_slot_11` | 8 | yes |
| `block_038.routing_slot_11` | 8 | yes |
| `block_039.routing_slot_11` | 8 | yes |
| `block_040.routing_slot_11` | 8 | yes |
| `block_041.routing_slot_11` | 8 | yes |
| `block_042.routing_slot_11` | 8 | yes |
| `block_043.routing_slot_11` | 8 | yes |
| `block_044.routing_slot_11` | 8 | yes |
| `block_045.routing_slot_11` | 8 | yes |
| `block_046.routing_slot_11` | 8 | yes |
| `block_047.routing_slot_11` | 8 | yes |
| `block_048.routing_slot_11` | 8 | yes |
| `block_049.routing_slot_11` | 8 | yes |
| `block_050.routing_slot_11` | 8 | yes |
| `block_051.routing_slot_11` | 8 | yes |
| `block_052.routing_slot_11` | 8 | yes |
| `block_053.routing_slot_11` | 8 | yes |
| `block_054.routing_slot_11` | 8 | yes |
| `block_055.routing_slot_11` | 8 | yes |
| `block_056.routing_slot_11` | 8 | yes |
| `block_057.routing_slot_11` | 8 | yes |
| `block_058.routing_slot_11` | 8 | yes |
| `block_059.routing_slot_11` | 8 | yes |
| `block_060.routing_slot_11` | 8 | yes |
| `block_061.routing_slot_11` | 8 | yes |
| `block_062.routing_slot_11` | 8 | yes |
| `block_063.routing_slot_11` | 8 | yes |

## Likely routing-critical blocks

| Block | Label | Reason |
| ----: | ----- | ------ |
| 0 | block_000 | contains a primary routing candidate linked to a 8-expert MoE block |
| 1 | block_001 | contains a primary routing candidate linked to a 8-expert MoE block |
| 2 | block_002 | contains a primary routing candidate linked to a 8-expert MoE block |
| 3 | block_003 | contains a primary routing candidate linked to a 8-expert MoE block |
| 4 | block_004 | contains a primary routing candidate linked to a 8-expert MoE block |
| 5 | block_005 | contains a primary routing candidate linked to a 8-expert MoE block |
| 6 | block_006 | contains a primary routing candidate linked to a 8-expert MoE block |
| 7 | block_007 | contains a primary routing candidate linked to a 8-expert MoE block |
| 8 | block_008 | contains a primary routing candidate linked to a 8-expert MoE block |
| 9 | block_009 | contains a primary routing candidate linked to a 8-expert MoE block |
| 10 | block_010 | contains a primary routing candidate linked to a 8-expert MoE block |
| 11 | block_011 | contains a primary routing candidate linked to a 8-expert MoE block |
| 12 | block_012 | contains a primary routing candidate linked to a 8-expert MoE block |
| 13 | block_013 | contains a primary routing candidate linked to a 8-expert MoE block |
| 14 | block_014 | contains a primary routing candidate linked to a 8-expert MoE block |
| 15 | block_015 | contains a primary routing candidate linked to a 8-expert MoE block |
| 16 | block_016 | contains a primary routing candidate linked to a 8-expert MoE block |
| 17 | block_017 | contains a primary routing candidate linked to a 8-expert MoE block |
| 18 | block_018 | contains a primary routing candidate linked to a 8-expert MoE block |
| 19 | block_019 | contains a primary routing candidate linked to a 8-expert MoE block |
| 20 | block_020 | contains a primary routing candidate linked to a 8-expert MoE block |
| 21 | block_021 | contains a primary routing candidate linked to a 8-expert MoE block |
| 22 | block_022 | contains a primary routing candidate linked to a 8-expert MoE block |
| 23 | block_023 | contains a primary routing candidate linked to a 8-expert MoE block |
| 24 | block_024 | contains a primary routing candidate linked to a 8-expert MoE block |
| 25 | block_025 | contains a primary routing candidate linked to a 8-expert MoE block |
| 26 | block_026 | contains a primary routing candidate linked to a 8-expert MoE block |
| 27 | block_027 | contains a primary routing candidate linked to a 8-expert MoE block |
| 28 | block_028 | contains a primary routing candidate linked to a 8-expert MoE block |
| 29 | block_029 | contains a primary routing candidate linked to a 8-expert MoE block |
| 30 | block_030 | contains a primary routing candidate linked to a 8-expert MoE block |
| 31 | block_031 | contains a primary routing candidate linked to a 8-expert MoE block |
| 32 | block_032 | contains a primary routing candidate linked to a 8-expert MoE block |
| 33 | block_033 | contains a primary routing candidate linked to a 8-expert MoE block |
| 34 | block_034 | contains a primary routing candidate linked to a 8-expert MoE block |
| 35 | block_035 | contains a primary routing candidate linked to a 8-expert MoE block |
| 36 | block_036 | contains a primary routing candidate linked to a 8-expert MoE block |
| 37 | block_037 | contains a primary routing candidate linked to a 8-expert MoE block |
| 38 | block_038 | contains a primary routing candidate linked to a 8-expert MoE block |
| 39 | block_039 | contains a primary routing candidate linked to a 8-expert MoE block |
| 40 | block_040 | contains a primary routing candidate linked to a 8-expert MoE block |
| 41 | block_041 | contains a primary routing candidate linked to a 8-expert MoE block |
| 42 | block_042 | contains a primary routing candidate linked to a 8-expert MoE block |
| 43 | block_043 | contains a primary routing candidate linked to a 8-expert MoE block |
| 44 | block_044 | contains a primary routing candidate linked to a 8-expert MoE block |
| 45 | block_045 | contains a primary routing candidate linked to a 8-expert MoE block |
| 46 | block_046 | contains a primary routing candidate linked to a 8-expert MoE block |
| 47 | block_047 | contains a primary routing candidate linked to a 8-expert MoE block |
| 48 | block_048 | contains a primary routing candidate linked to a 8-expert MoE block |
| 49 | block_049 | contains a primary routing candidate linked to a 8-expert MoE block |
| 50 | block_050 | contains a primary routing candidate linked to a 8-expert MoE block |
| 51 | block_051 | contains a primary routing candidate linked to a 8-expert MoE block |
| 52 | block_052 | contains a primary routing candidate linked to a 8-expert MoE block |
| 53 | block_053 | contains a primary routing candidate linked to a 8-expert MoE block |
| 54 | block_054 | contains a primary routing candidate linked to a 8-expert MoE block |
| 55 | block_055 | contains a primary routing candidate linked to a 8-expert MoE block |
| 56 | block_056 | contains a primary routing candidate linked to a 8-expert MoE block |
| 57 | block_057 | contains a primary routing candidate linked to a 8-expert MoE block |
| 58 | block_058 | contains a primary routing candidate linked to a 8-expert MoE block |
| 59 | block_059 | contains a primary routing candidate linked to a 8-expert MoE block |
| 60 | block_060 | contains a primary routing candidate linked to a 8-expert MoE block |
| 61 | block_061 | contains a primary routing candidate linked to a 8-expert MoE block |
| 62 | block_062 | contains a primary routing candidate linked to a 8-expert MoE block |
| 63 | block_063 | contains a primary routing candidate linked to a 8-expert MoE block |

## Grok-specific layout notes

- Primary routing candidates are plain f32 tensors oriented from d_model to expert logits.
- Primary routing candidates occupy a stable block slot (11) across observed blocks.
- Observed primary routing tensors match the Grok-style router shape `(6144, 8)`.

## Routing anomalies

None detected.

## Missing routing candidates

None detected.

wrote routing bundle -> out/grok1_run3_20260802T023050Z/{reports,exports,manifests}/xai-grok-1-ckpt-0/...
2026-08-02T02:36:08.250939Z  INFO command{repo="xai-dissect" command="routing-report" run_id="xai-dissect-1785638055850927125-3125023-0" git_sha="unknown" limit=None prefix="tensor" family="grok-1" sample_values=None}: xai_dissect: command_finish event="command_finish" latency_ms=112399 success=true error_category="none"
=== routing-report OK 2026-08-02T02:36:08+00:00 ===

=== pilot-plan START 2026-08-02T02:36:08+00:00 ===
2026-08-02T02:36:08.257165Z  INFO command{repo="xai-dissect" command="pilot-plan" run_id="xai-dissect-1785638168257147970-3131529-0" git_sha="unknown" limit=None prefix="tensor" family="grok-1" sample_values=None}: xai_dissect: command_start event="command_start"
checkpoint: /home/raulmc/.models/xai-grok-1/ckpt-0  baseline: grok1-map-v1-clean  selected_blocks: 5  modes: 3

# xai-dissect Grok-1 pilot selection plan

- **model_family**: `grok-1`
- **checkpoint**: `/home/raulmc/.models/xai-grok-1/ckpt-0`
- **baseline**: `grok1-map-v1-clean`
- **schema_version**: 1

## Selected blocks

| Block | Label | Rationale |
| ----: | ----- | --------- |
| 0 | `block_000` | early baseline |
| 8 | `block_008` | near-zero-sensitive router |
| 28 | `block_028` | near-zero-sensitive router |
| 60 | `block_060` | high readiness/routing-critical sample |
| 63 | `block_063` | late-layer / high peak-to-rms router region |

## Modes

- `attention_only`
- `expert_only`
- `attention_plus_expert`

## Protection rules

- router tensors must remain untouched in every first-pass pilot
- block_norm and final_norm tensors must remain untouched in every first-pass pilot
- pilot artifacts must be emitted per mode and remain comparable across selected blocks

## Expected comparison artifacts

- `pilot-selection-plan.json`
- `pilot-selection-plan.md`
- `route-preservation-report.json`
- `route-preservation-report.md`

## Notes

- This is a planning artifact only; xai-dissect does not mutate checkpoints or execute a quantization runtime.
- Use the selected blocks and protected-family rules to drive downstream bounded pilot runs.

wrote pilot-plan bundle -> out/grok1_run3_20260802T023050Z/{reports,manifests}/xai-grok-1-ckpt-0/...
2026-08-02T02:37:51.290425Z  INFO command{repo="xai-dissect" command="pilot-plan" run_id="xai-dissect-1785638168257147970-3131529-0" git_sha="unknown" limit=None prefix="tensor" family="grok-1" sample_values=None}: xai_dissect: command_finish event="command_finish" latency_ms=103033 success=true error_category="none"
=== pilot-plan OK 2026-08-02T02:37:51+00:00 ===

=== route-preservation START 2026-08-02T02:37:51+00:00 ===
2026-08-02T02:37:51.298112Z  INFO command{repo="xai-dissect" command="route-preservation" run_id="xai-dissect-1785638271298098080-3132199-0" git_sha="unknown" limit=None prefix="tensor" family="grok-1" sample_values=None}: xai_dissect: command_start event="command_start"
model_family: grok-1  baseline: grok1-map-v1-clean  router_metrics: 5  block_metrics: 3

# xai-dissect Grok-1 route-preservation report

- **model_family**: `grok-1`
- **checkpoint**: `/home/raulmc/.models/xai-grok-1/ckpt-0`
- **baseline**: `grok1-map-v1-clean`
- **schema_version**: 1


## Router metrics

| Metric | Scope | Status | Threshold | Observed | Detail |
| ------ | ----- | ------ | --------- | -------- | ------ |
| `router_top1_agreement` | router_behavior | unknown | >= 99.0% | - | Threshold reserved for downstream pilot comparison artifacts; xai-dissect defines the gate but does not execute pilot inference. |
| `router_top2_set_agreement` | router_behavior | unknown | >= 99.5% | - | Threshold reserved for downstream pilot comparison artifacts; report as first-class sprint evidence when available. |
| `expert_load_distribution_delta` | router_behavior | unknown | - | - | Capture expert-load distribution drift once bounded pilot routing traces are available. |
| `expert_load_js_divergence` | router_behavior | unknown | - | - | Report JS/KL-style divergence over expert-load distributions when downstream pilot evidence exists. |
| `router_logit_rank_correlation` | router_behavior | unknown | - | - | Report rank correlation for router logits when logits are captured by downstream pilot comparisons. |

## Block metrics

| Metric | Scope | Status | Threshold | Observed | Detail |
| ------ | ----- | ------ | --------- | -------- | ------ |
| `block_output_cosine` | block_behavior | unknown | >= 0.995 | - | Tracked as a go/no-go threshold once bounded pilot outputs exist. |
| `block_output_rmse` | block_behavior | unknown | - | - | Report alongside cosine similarity for bounded pilot comparisons. |
| `residual_stream_drift` | block_behavior | unknown | - | - | Summarize residual-stream drift once downstream pilot artifacts provide comparable block activations. |

## Weight metrics

| Metric | Scope | Status | Threshold | Observed | Detail |
| ------ | ----- | ------ | --------- | -------- | ------ |
| `weight_reconstruction_mse` | weight_reconstruction | unknown | - | - | Generic reconstruction metrics remain secondary to router-behavior preservation for Grok-1 MoE validation. |
| `weight_cosine_similarity` | weight_reconstruction | unknown | - | - | Useful companion metric, but not sufficient by itself to clear a full quantization run. |
| `weight_max_absolute_error` | weight_reconstruction | unknown | - | - | Report max absolute reconstruction error when downstream pilot comparisons include raw tensor deltas. |
| `per_channel_scale_error_summary` | weight_reconstruction | unknown | - | - | Summarize per-channel scale/error drift where quantization metadata is available. |

## Model metrics

| Metric | Scope | Status | Threshold | Observed | Detail |
| ------ | ----- | ------ | --------- | -------- | ------ |
| `logit_kl` | model_behavior | unknown | - | - | Report-only placeholder for model/logit KL when downstream pilot inference captures logits. |
| `perplexity_delta` | model_behavior | unknown | - | - | Report-only placeholder for calibration-data perplexity delta once downstream pilot evaluation exists. |
| `generation_sanity_summary` | model_behavior | unknown | - | - | Report-only placeholder for short generation sanity checks when pilot inference is available. |

## Notes

- This report defines the required route-preservation surface and thresholds for Grok-1 pilot evidence.
- Statuses remain unknown until downstream pilot artifacts supply the observed values.

wrote route-preservation bundle -> out/grok1_run3_20260802T023050Z/{reports,manifests}/xai-grok-1-ckpt-0/...
2026-08-02T02:39:29.690995Z  INFO command{repo="xai-dissect" command="route-preservation" run_id="xai-dissect-1785638271298098080-3132199-0" git_sha="unknown" limit=None prefix="tensor" family="grok-1" sample_values=None}: xai_dissect: command_finish event="command_finish" latency_ms=98392 success=true error_category="none"
=== route-preservation OK 2026-08-02T02:39:29+00:00 ===

=== stats START 2026-08-02T02:39:29+00:00 ===
2026-08-02T02:39:29.702216Z  INFO command{repo="xai-dissect" command="stats" run_id="xai-dissect-1785638369702202981-3132787-0" git_sha="unknown" limit=None prefix="tensor" family="grok-1" sample_values=Some(65536)}: xai_dissect: command_start event="command_start"
checkpoint: /home/raulmc/.models/xai-grok-1/ckpt-0  tensors: 770  layers: 66
sample_values_per_tensor: 65536  mean_rms: 19.762282  mean_variance: 631.450634

# xai-dissect stats report

- **model_family**: `grok-1`
- **checkpoint**: `/home/raulmc/.models/xai-grok-1/ckpt-0`
- **shards**: 770
- **sample_values_per_tensor**: 65536
- **schema_version**: 1

## Norm summary

- **mean_rms**: 19.762282

### Top RMS tensors

| Tensor | Kind | Block | Value |
| ------ | ---- | ----: | ----: |
| `block_063.slot_04.attn_proj_i8.model_width` | attn_proj_i8.model_width | 63 | 37.729480 |
| `block_022.slot_04.attn_proj_i8.model_width` | attn_proj_i8.model_width | 22 | 37.665003 |
| `block_026.slot_04.attn_proj_i8.model_width` | attn_proj_i8.model_width | 26 | 37.589824 |
| `block_023.slot_04.attn_proj_i8.model_width` | attn_proj_i8.model_width | 23 | 37.552870 |
| `block_045.slot_04.attn_proj_i8.model_width` | attn_proj_i8.model_width | 45 | 37.542414 |
| `block_049.slot_04.attn_proj_i8.model_width` | attn_proj_i8.model_width | 49 | 37.540125 |
| `block_034.slot_04.attn_proj_i8.model_width` | attn_proj_i8.model_width | 34 | 37.533975 |
| `block_027.slot_04.attn_proj_i8.model_width` | attn_proj_i8.model_width | 27 | 37.507881 |
| `block_012.slot_04.attn_proj_i8.model_width` | attn_proj_i8.model_width | 12 | 37.480414 |
| `block_046.slot_04.attn_proj_i8.model_width` | attn_proj_i8.model_width | 46 | 37.466894 |

### Top L2 tensors

| Tensor | Kind | Block | Value |
| ------ | ---- | ----: | ----: |
| `block_063.slot_04.attn_proj_i8.model_width` | attn_proj_i8.model_width | 63 | 9658.746813 |
| `block_022.slot_04.attn_proj_i8.model_width` | attn_proj_i8.model_width | 22 | 9642.240715 |
| `block_026.slot_04.attn_proj_i8.model_width` | attn_proj_i8.model_width | 26 | 9622.994908 |
| `block_023.slot_04.attn_proj_i8.model_width` | attn_proj_i8.model_width | 23 | 9613.534678 |
| `block_045.slot_04.attn_proj_i8.model_width` | attn_proj_i8.model_width | 45 | 9610.858078 |
| `block_049.slot_04.attn_proj_i8.model_width` | attn_proj_i8.model_width | 49 | 9610.272109 |
| `block_034.slot_04.attn_proj_i8.model_width` | attn_proj_i8.model_width | 34 | 9608.697518 |
| `block_027.slot_04.attn_proj_i8.model_width` | attn_proj_i8.model_width | 27 | 9602.017653 |
| `block_012.slot_04.attn_proj_i8.model_width` | attn_proj_i8.model_width | 12 | 9594.986034 |
| `block_046.slot_04.attn_proj_i8.model_width` | attn_proj_i8.model_width | 46 | 9591.524853 |

## Variance summary

- **mean_variance**: 631.450634

### Top variance tensors

| Tensor | Kind | Block | Value |
| ------ | ---- | ----: | ----: |
| `block_063.slot_04.attn_proj_i8.model_width` | attn_proj_i8.model_width | 63 | 1423.501918 |
| `block_022.slot_04.attn_proj_i8.model_width` | attn_proj_i8.model_width | 22 | 1418.610278 |
| `block_026.slot_04.attn_proj_i8.model_width` | attn_proj_i8.model_width | 26 | 1412.993531 |
| `block_023.slot_04.attn_proj_i8.model_width` | attn_proj_i8.model_width | 23 | 1410.217859 |
| `block_045.slot_04.attn_proj_i8.model_width` | attn_proj_i8.model_width | 45 | 1409.430221 |
| `block_049.slot_04.attn_proj_i8.model_width` | attn_proj_i8.model_width | 49 | 1409.258567 |
| `block_034.slot_04.attn_proj_i8.model_width` | attn_proj_i8.model_width | 34 | 1408.547543 |
| `block_027.slot_04.attn_proj_i8.model_width` | attn_proj_i8.model_width | 27 | 1406.821366 |
| `block_012.slot_04.attn_proj_i8.model_width` | attn_proj_i8.model_width | 12 | 1404.771217 |
| `block_046.slot_04.attn_proj_i8.model_width` | attn_proj_i8.model_width | 46 | 1403.706608 |

### Lowest variance tensors

| Tensor | Kind | Block | Value |
| ------ | ---- | ----: | ----: |
| `block_028.slot_11.router` | router | 28 | 0.000011 |
| `block_008.slot_11.router` | router | 8 | 0.000011 |
| `block_038.slot_11.router` | router | 38 | 0.000024 |
| `block_006.slot_11.router` | router | 6 | 0.000028 |
| `block_007.slot_11.router` | router | 7 | 0.000035 |
| `block_049.slot_11.router` | router | 49 | 0.000042 |
| `block_058.slot_11.router` | router | 58 | 0.000046 |
| `block_017.slot_11.router` | router | 17 | 0.000050 |
| `block_042.slot_11.router` | router | 42 | 0.000056 |
| `block_060.slot_11.router` | router | 60 | 0.000062 |

## Outlier summary

- **mean_outlier_fraction**: 0.001079

### Most outlier-heavy tensors

| Tensor | Kind | Block | Value |
| ------ | ---- | ----: | ----: |
| `block_053.slot_10.block_norm` | block_norm | 53 | 0.009440 |
| `block_052.slot_10.block_norm` | block_norm | 52 | 0.008626 |
| `block_054.slot_10.block_norm` | block_norm | 54 | 0.008626 |
| `block_025.slot_09.block_norm` | block_norm | 25 | 0.008138 |
| `block_032.slot_07.block_norm` | block_norm | 32 | 0.008138 |
| `block_000.slot_10.block_norm` | block_norm | 0 | 0.007975 |
| `block_055.slot_10.block_norm` | block_norm | 55 | 0.007975 |
| `block_020.slot_09.block_norm` | block_norm | 20 | 0.007812 |
| `block_024.slot_09.block_norm` | block_norm | 24 | 0.007812 |
| `block_047.slot_07.block_norm` | block_norm | 47 | 0.007812 |

### Highest peak-to-RMS tensors

| Tensor | Kind | Block | Value |
| ------ | ---- | ----: | ----: |
| `block_063.slot_11.router` | router | 63 | 15.632256 |
| `block_011.slot_11.router` | router | 11 | 15.616445 |
| `block_033.slot_11.router` | router | 33 | 15.542044 |
| `block_062.slot_08.block_norm` | block_norm | 62 | 15.217553 |
| `block_061.slot_10.block_norm` | block_norm | 61 | 15.030719 |
| `block_062.slot_11.router` | router | 62 | 14.232501 |
| `block_047.slot_11.router` | router | 47 | 13.935002 |
| `block_063.slot_08.block_norm` | block_norm | 63 | 13.648266 |
| `block_063.slot_10.block_norm` | block_norm | 63 | 13.648187 |
| `block_061.slot_08.block_norm` | block_norm | 61 | 13.596289 |

## Per-layer metrics

| Label | Block | Tensors | Bytes | Mean RMS | Mean variance | Mean outlier frac | Routing tensors | Candidate-like tensors |
| ----- | ----: | ------: | ----: | -------: | ------------: | ----------------: | --------------: | ---------------------: |
| embedding | - | 1 | 3221225472 (3.00 GiB) | 0.012307 | 0.000122 | 0.000000 | 0 | 1 |
| final_norm | - | 1 | 24576 (24.00 KiB) | 13.215221 | 1.353698 | 0.002441 | 0 | 0 |
| block_000 | 0 | 12 | 4920213504 (4.58 GiB) | 18.938559 | 604.963556 | 0.002214 | 1 | 0 |
| block_001 | 1 | 12 | 4920213504 (4.58 GiB) | 19.110906 | 618.298176 | 0.000185 | 1 | 0 |
| block_002 | 2 | 12 | 4920213504 (4.58 GiB) | 19.634461 | 646.052209 | 0.000559 | 1 | 0 |
| block_003 | 3 | 12 | 4920213504 (4.58 GiB) | 19.847929 | 627.889121 | 0.000709 | 1 | 0 |
| block_004 | 4 | 12 | 4920213504 (4.58 GiB) | 19.520633 | 628.935815 | 0.000437 | 1 | 0 |
| block_005 | 5 | 12 | 4920213504 (4.58 GiB) | 19.551844 | 622.356439 | 0.000370 | 1 | 0 |
| block_006 | 6 | 12 | 4920213504 (4.58 GiB) | 19.501161 | 618.411681 | 0.000351 | 1 | 0 |
| block_007 | 7 | 12 | 4920213504 (4.58 GiB) | 19.656999 | 619.252349 | 0.000125 | 1 | 0 |
| block_008 | 8 | 12 | 4920213504 (4.58 GiB) | 19.687486 | 626.772627 | 0.000122 | 1 | 0 |
| block_009 | 9 | 12 | 4920213504 (4.58 GiB) | 19.029711 | 597.394976 | 0.000156 | 1 | 0 |
| block_010 | 10 | 12 | 4920213504 (4.58 GiB) | 19.609828 | 613.407568 | 0.000124 | 1 | 0 |
| block_011 | 11 | 12 | 4920213504 (4.58 GiB) | 19.521516 | 626.743719 | 0.000385 | 1 | 0 |
| block_012 | 12 | 12 | 4920213504 (4.58 GiB) | 19.178580 | 624.490430 | 0.000222 | 1 | 0 |
| block_013 | 13 | 12 | 4920213504 (4.58 GiB) | 19.633558 | 632.996656 | 0.000490 | 1 | 0 |
| block_014 | 14 | 12 | 4920213504 (4.58 GiB) | 19.723074 | 631.285295 | 0.000617 | 1 | 0 |
| block_015 | 15 | 12 | 4920213504 (4.58 GiB) | 19.597350 | 625.613969 | 0.000909 | 1 | 0 |
| block_016 | 16 | 12 | 4920213504 (4.58 GiB) | 20.059661 | 639.591558 | 0.001153 | 1 | 0 |
| block_017 | 17 | 12 | 4920213504 (4.58 GiB) | 19.762744 | 630.829732 | 0.001144 | 1 | 0 |
| block_018 | 18 | 12 | 4920213504 (4.58 GiB) | 19.833888 | 641.988214 | 0.001075 | 1 | 0 |
| block_019 | 19 | 12 | 4920213504 (4.58 GiB) | 19.916544 | 636.789853 | 0.001117 | 1 | 0 |
| block_020 | 20 | 12 | 4920213504 (4.58 GiB) | 19.947364 | 646.446714 | 0.001582 | 1 | 0 |
| block_021 | 21 | 12 | 4920213504 (4.58 GiB) | 19.866493 | 637.595649 | 0.001641 | 1 | 0 |
| block_022 | 22 | 12 | 4920213504 (4.58 GiB) | 19.978952 | 650.967210 | 0.001321 | 1 | 0 |
| block_023 | 23 | 12 | 4920213504 (4.58 GiB) | 19.455712 | 630.959436 | 0.000278 | 1 | 0 |
| block_024 | 24 | 12 | 4920213504 (4.58 GiB) | 20.033071 | 645.365361 | 0.001541 | 1 | 0 |
| block_025 | 25 | 12 | 4920213504 (4.58 GiB) | 19.881538 | 641.642472 | 0.001762 | 1 | 0 |
| block_026 | 26 | 12 | 4920213504 (4.58 GiB) | 19.844276 | 642.407453 | 0.001621 | 1 | 0 |
| block_027 | 27 | 12 | 4920213504 (4.58 GiB) | 20.395784 | 648.749726 | 0.001568 | 1 | 0 |
| block_028 | 28 | 12 | 4920213504 (4.58 GiB) | 20.123477 | 638.563007 | 0.001555 | 1 | 0 |
| block_029 | 29 | 12 | 4920213504 (4.58 GiB) | 20.419695 | 644.659119 | 0.001339 | 1 | 0 |
| block_030 | 30 | 12 | 4920213504 (4.58 GiB) | 19.101741 | 597.857240 | 0.001188 | 1 | 0 |
| block_031 | 31 | 12 | 4920213504 (4.58 GiB) | 19.988633 | 651.134375 | 0.001499 | 1 | 0 |
| block_032 | 32 | 12 | 4920213504 (4.58 GiB) | 20.079691 | 654.582224 | 0.001912 | 1 | 0 |
| block_033 | 33 | 12 | 4920213504 (4.58 GiB) | 19.662093 | 626.924492 | 0.001550 | 1 | 0 |
| block_034 | 34 | 12 | 4920213504 (4.58 GiB) | 19.524649 | 644.051058 | 0.000517 | 1 | 0 |
| block_035 | 35 | 12 | 4920213504 (4.58 GiB) | 20.123455 | 654.088716 | 0.001797 | 1 | 0 |
| block_036 | 36 | 12 | 4920213504 (4.58 GiB) | 20.032789 | 646.247397 | 0.001651 | 1 | 0 |
| block_037 | 37 | 12 | 4920213504 (4.58 GiB) | 19.881785 | 642.813031 | 0.001234 | 1 | 0 |
| block_038 | 38 | 12 | 4920213504 (4.58 GiB) | 20.072414 | 639.866064 | 0.001517 | 1 | 0 |
| block_039 | 39 | 12 | 4920213504 (4.58 GiB) | 20.015185 | 634.699947 | 0.001534 | 1 | 0 |
| block_040 | 40 | 12 | 4920213504 (4.58 GiB) | 19.732657 | 633.806914 | 0.001707 | 1 | 0 |
| block_041 | 41 | 12 | 4920213504 (4.58 GiB) | 20.170154 | 650.047077 | 0.001550 | 1 | 0 |
| block_042 | 42 | 12 | 4920213504 (4.58 GiB) | 20.152220 | 641.346227 | 0.001360 | 1 | 0 |
| block_043 | 43 | 12 | 4920213504 (4.58 GiB) | 19.616191 | 621.744772 | 0.001311 | 1 | 0 |
| block_044 | 44 | 12 | 4920213504 (4.58 GiB) | 19.979219 | 633.405641 | 0.001524 | 1 | 0 |
| block_045 | 45 | 12 | 4920213504 (4.58 GiB) | 19.646883 | 642.821325 | 0.000385 | 1 | 0 |
| block_046 | 46 | 12 | 4920213504 (4.58 GiB) | 19.998770 | 636.378549 | 0.001350 | 1 | 0 |
| block_047 | 47 | 12 | 4920213504 (4.58 GiB) | 20.091853 | 639.443239 | 0.001480 | 1 | 0 |
| block_048 | 48 | 12 | 4920213504 (4.58 GiB) | 19.763996 | 628.589709 | 0.001470 | 1 | 0 |
| block_049 | 49 | 12 | 4920213504 (4.58 GiB) | 20.092933 | 642.133333 | 0.001373 | 1 | 0 |
| block_050 | 50 | 12 | 4920213504 (4.58 GiB) | 19.711491 | 623.999660 | 0.001010 | 1 | 0 |
| block_051 | 51 | 12 | 4920213504 (4.58 GiB) | 19.271279 | 594.304210 | 0.001268 | 1 | 0 |
| block_052 | 52 | 12 | 4920213504 (4.58 GiB) | 20.008617 | 638.035032 | 0.001407 | 1 | 0 |
| block_053 | 53 | 12 | 4920213504 (4.58 GiB) | 19.755706 | 617.364183 | 0.001463 | 1 | 0 |
| block_054 | 54 | 12 | 4920213504 (4.58 GiB) | 20.032848 | 628.690998 | 0.001483 | 1 | 0 |
| block_055 | 55 | 12 | 4920213504 (4.58 GiB) | 20.237983 | 642.682205 | 0.001465 | 1 | 0 |
| block_056 | 56 | 12 | 4920213504 (4.58 GiB) | 19.506604 | 640.046216 | 0.000485 | 1 | 0 |
| block_057 | 57 | 12 | 4920213504 (4.58 GiB) | 20.154782 | 627.642276 | 0.001417 | 1 | 0 |
| block_058 | 58 | 12 | 4920213504 (4.58 GiB) | 20.073246 | 612.308275 | 0.001319 | 1 | 0 |
| block_059 | 59 | 12 | 4920213504 (4.58 GiB) | 20.356815 | 626.400690 | 0.001129 | 1 | 0 |
| block_060 | 60 | 12 | 4920213504 (4.58 GiB) | 19.878735 | 615.434489 | 0.000949 | 1 | 0 |
| block_061 | 61 | 12 | 4920213504 (4.58 GiB) | 19.806774 | 659.123538 | 0.000449 | 1 | 0 |
| block_062 | 62 | 12 | 4920213504 (4.58 GiB) | 19.522708 | 641.592163 | 0.000280 | 1 | 0 |
| block_063 | 63 | 12 | 4920213504 (4.58 GiB) | 19.669773 | 646.944190 | 0.000336 | 1 | 0 |

## Per-tensor metrics

| Tensor | Kind | Dtype | Shape | RMS | Variance | Zero frac | Near-zero frac | Outlier frac | Distribution |
| ------ | ---- | ----- | ----- | ---: | -------: | --------: | -------------: | -----------: | ------------ |
| `embedding.slot_00.token_embedding` | token_embedding | f32 | `(131072, 6144)` | 0.012307 | 0.000122 | 0.0000 | 0.0675 | 0.0000 | dense_balanced |
| `final_norm.slot_00.final_norm` | final_norm | f32 | `(6144,)` | 13.215221 | 1.353698 | 0.0000 | 0.0000 | 0.0024 | dense_balanced |
| `block_000.slot_00.moe_expert.gate` | moe_expert.gate | int8 | `(8, 6144, 32768)` | 27.311491 | 745.902231 | 0.0169 | 0.0500 | 0.0000 | dense_balanced |
| `block_000.slot_01.moe_expert.down` | moe_expert.down | int8 | `(8, 32768, 6144)` | 32.942006 | 1085.169436 | 0.0124 | 0.0371 | 0.0000 | dense_balanced |
| `block_000.slot_02.moe_expert.up` | moe_expert.up | int8 | `(8, 6144, 32768)` | 31.610412 | 999.185917 | 0.0127 | 0.0390 | 0.0000 | dense_balanced |
| `block_000.slot_03.attn_proj_i8.narrow` | attn_proj_i8.narrow | int8 | `(6144, 1024)` | 32.829273 | 1077.752515 | 0.0124 | 0.0373 | 0.0000 | dense_balanced |
| `block_000.slot_04.attn_proj_i8.model_width` | attn_proj_i8.model_width | int8 | `(6144, 6144)` | 36.641375 | 1342.590296 | 0.0112 | 0.0337 | 0.0000 | dense_balanced |
| `block_000.slot_05.attn_proj_i8.model_width` | attn_proj_i8.model_width | int8 | `(6144, 6144)` | 31.644309 | 1001.345806 | 0.0127 | 0.0383 | 0.0000 | dense_balanced |
| `block_000.slot_06.attn_proj_i8.narrow` | attn_proj_i8.narrow | int8 | `(6144, 1024)` | 31.737165 | 1007.247630 | 0.0118 | 0.0377 | 0.0000 | dense_balanced |
| `block_000.slot_07.block_norm` | block_norm | f32 | `(6144,)` | 0.734543 | 0.126350 | 0.0000 | 0.0000 | 0.0054 | dense_balanced |
| `block_000.slot_08.block_norm` | block_norm | f32 | `(6144,)` | 0.965007 | 0.133454 | 0.0000 | 0.0000 | 0.0068 | dense_balanced |
| `block_000.slot_09.block_norm` | block_norm | f32 | `(6144,)` | 0.287540 | 0.011616 | 0.0000 | 0.0002 | 0.0063 | dense_balanced |
| `block_000.slot_10.block_norm` | block_norm | f32 | `(6144,)` | 0.536026 | 0.096870 | 0.0000 | 0.0000 | 0.0080 | dense_balanced |
| `block_000.slot_11.router` | router | f32 | `(6144, 8)` | 0.023557 | 0.000555 | 0.0000 | 0.0375 | 0.0000 | dense_balanced |
| `block_001.slot_00.moe_expert.gate` | moe_expert.gate | int8 | `(8, 6144, 32768)` | 32.336999 | 1045.678165 | 0.0120 | 0.0361 | 0.0000 | dense_balanced |
| `block_001.slot_01.moe_expert.down` | moe_expert.down | int8 | `(8, 32768, 6144)` | 33.761474 | 1139.836988 | 0.0123 | 0.0362 | 0.0000 | dense_balanced |
| `block_001.slot_02.moe_expert.up` | moe_expert.up | int8 | `(8, 6144, 32768)` | 32.938010 | 1084.878956 | 0.0123 | 0.0367 | 0.0000 | dense_balanced |
| `block_001.slot_03.attn_proj_i8.narrow` | attn_proj_i8.narrow | int8 | `(6144, 1024)` | 30.284134 | 917.111061 | 0.0138 | 0.0440 | 0.0000 | dense_balanced |
| `block_001.slot_04.attn_proj_i8.model_width` | attn_proj_i8.model_width | int8 | `(6144, 6144)` | 37.316571 | 1392.496169 | 0.0113 | 0.0334 | 0.0000 | dense_balanced |
| `block_001.slot_05.attn_proj_i8.model_width` | attn_proj_i8.model_width | int8 | `(6144, 6144)` | 29.218307 | 853.699918 | 0.0157 | 0.0459 | 0.0000 | dense_balanced |
| `block_001.slot_06.attn_proj_i8.narrow` | attn_proj_i8.narrow | int8 | `(6144, 1024)` | 31.396462 | 985.735044 | 0.0140 | 0.0410 | 0.0000 | dense_balanced |
| `block_001.slot_07.block_norm` | block_norm | f32 | `(6144,)` | 0.568969 | 0.011858 | 0.0000 | 0.0000 | 0.0005 | dense_balanced |
| `block_001.slot_08.block_norm` | block_norm | f32 | `(6144,)` | 0.565808 | 0.080695 | 0.0000 | 0.0002 | 0.0005 | dense_balanced |
| `block_001.slot_09.block_norm` | block_norm | f32 | `(6144,)` | 0.401563 | 0.024375 | 0.0000 | 0.0218 | 0.0002 | dense_balanced |
| `block_001.slot_10.block_norm` | block_norm | f32 | `(6144,)` | 0.512656 | 0.023987 | 0.0000 | 0.0000 | 0.0010 | dense_balanced |
| `block_001.slot_11.router` | router | f32 | `(6144, 8)` | 0.029924 | 0.000895 | 0.0000 | 0.0288 | 0.0001 | dense_balanced |
| `block_002.slot_00.moe_expert.gate` | moe_expert.gate | int8 | `(8, 6144, 32768)` | 32.729544 | 1071.221255 | 0.0118 | 0.0359 | 0.0000 | dense_balanced |
| `block_002.slot_01.moe_expert.down` | moe_expert.down | int8 | `(8, 32768, 6144)` | 33.827512 | 1144.267132 | 0.0120 | 0.0356 | 0.0000 | dense_balanced |
| `block_002.slot_02.moe_expert.up` | moe_expert.up | int8 | `(8, 6144, 32768)` | 33.107933 | 1096.134748 | 0.0124 | 0.0378 | 0.0000 | dense_balanced |
| `block_002.slot_03.attn_proj_i8.narrow` | attn_proj_i8.narrow | int8 | `(6144, 1024)` | 32.005479 | 1024.345451 | 0.0127 | 0.0387 | 0.0000 | dense_balanced |
| `block_002.slot_04.attn_proj_i8.model_width` | attn_proj_i8.model_width | int8 | `(6144, 6144)` | 37.006277 | 1369.368010 | 0.0113 | 0.0352 | 0.0000 | dense_balanced |
| `block_002.slot_05.attn_proj_i8.model_width` | attn_proj_i8.model_width | int8 | `(6144, 6144)` | 32.023238 | 1025.480113 | 0.0127 | 0.0394 | 0.0000 | dense_balanced |
| `block_002.slot_06.attn_proj_i8.narrow` | attn_proj_i8.narrow | int8 | `(6144, 1024)` | 31.963957 | 1021.687552 | 0.0139 | 0.0408 | 0.0000 | dense_balanced |
| `block_002.slot_07.block_norm` | block_norm | f32 | `(6144,)` | 0.842166 | 0.027352 | 0.0000 | 0.0000 | 0.0000 | dense_balanced |
| `block_002.slot_08.block_norm` | block_norm | f32 | `(6144,)` | 0.762796 | 0.046183 | 0.0000 | 0.0000 | 0.0055 | dense_balanced |
| `block_002.slot_09.block_norm` | block_norm | f32 | `(6144,)` | 0.331472 | 0.007221 | 0.0000 | 0.0013 | 0.0000 | dense_balanced |
| `block_002.slot_10.block_norm` | block_norm | f32 | `(6144,)` | 0.980310 | 0.040414 | 0.0000 | 0.0000 | 0.0007 | dense_balanced |
| `block_002.slot_11.router` | router | f32 | `(6144, 8)` | 0.032854 | 0.001079 | 0.0000 | 0.0247 | 0.0005 | dense_balanced |
| `block_003.slot_00.moe_expert.gate` | moe_expert.gate | int8 | `(8, 6144, 32768)` | 32.662252 | 1066.813949 | 0.0118 | 0.0368 | 0.0000 | dense_balanced |
| `block_003.slot_01.moe_expert.down` | moe_expert.down | int8 | `(8, 32768, 6144)` | 33.054134 | 1092.569355 | 0.0125 | 0.0360 | 0.0000 | dense_balanced |
| `block_003.slot_02.moe_expert.up` | moe_expert.up | int8 | `(8, 6144, 32768)` | 31.952342 | 1020.926264 | 0.0127 | 0.0387 | 0.0000 | dense_balanced |
| `block_003.slot_03.attn_proj_i8.narrow` | attn_proj_i8.narrow | int8 | `(6144, 1024)` | 32.205566 | 1037.185912 | 0.0124 | 0.0379 | 0.0000 | dense_balanced |
| `block_003.slot_04.attn_proj_i8.model_width` | attn_proj_i8.model_width | int8 | `(6144, 6144)` | 37.102378 | 1376.523176 | 0.0101 | 0.0329 | 0.0000 | dense_balanced |
| `block_003.slot_05.attn_proj_i8.model_width` | attn_proj_i8.model_width | int8 | `(6144, 6144)` | 30.900082 | 954.814900 | 0.0130 | 0.0398 | 0.0000 | dense_balanced |
| `block_003.slot_06.attn_proj_i8.narrow` | attn_proj_i8.narrow | int8 | `(6144, 1024)` | 31.377019 | 984.504450 | 0.0129 | 0.0403 | 0.0000 | dense_balanced |
| `block_003.slot_07.block_norm` | block_norm | f32 | `(6144,)` | 6.364859 | 1.223709 | 0.0000 | 0.0000 | 0.0000 | dense_balanced |
| `block_003.slot_08.block_norm` | block_norm | f32 | `(6144,)` | 0.903626 | 0.045801 | 0.0000 | 0.0000 | 0.0062 | dense_balanced |
| `block_003.slot_09.block_norm` | block_norm | f32 | `(6144,)` | 0.483337 | 0.013850 | 0.0000 | 0.0008 | 0.0000 | dense_balanced |
| `block_003.slot_10.block_norm` | block_norm | f32 | `(6144,)` | 1.146756 | 0.047566 | 0.0000 | 0.0000 | 0.0010 | dense_balanced |
| `block_003.slot_11.router` | router | f32 | `(6144, 8)` | 0.022794 | 0.000520 | 0.0000 | 0.0388 | 0.0013 | dense_balanced |
| `block_004.slot_00.moe_expert.gate` | moe_expert.gate | int8 | `(8, 6144, 32768)` | 32.593260 | 1062.308280 | 0.0126 | 0.0386 | 0.0000 | dense_balanced |
| `block_004.slot_01.moe_expert.down` | moe_expert.down | int8 | `(8, 32768, 6144)` | 33.525501 | 1123.958925 | 0.0121 | 0.0369 | 0.0000 | dense_balanced |
| `block_004.slot_02.moe_expert.up` | moe_expert.up | int8 | `(8, 6144, 32768)` | 32.792551 | 1075.350505 | 0.0122 | 0.0365 | 0.0000 | dense_balanced |
| `block_004.slot_03.attn_proj_i8.narrow` | attn_proj_i8.narrow | int8 | `(6144, 1024)` | 31.374709 | 984.370452 | 0.0136 | 0.0389 | 0.0000 | dense_balanced |
| `block_004.slot_04.attn_proj_i8.model_width` | attn_proj_i8.model_width | int8 | `(6144, 6144)` | 36.816345 | 1355.431003 | 0.0114 | 0.0340 | 0.0000 | dense_balanced |
| `block_004.slot_05.attn_proj_i8.model_width` | attn_proj_i8.model_width | int8 | `(6144, 6144)` | 31.921997 | 1019.008903 | 0.0129 | 0.0379 | 0.0000 | dense_balanced |
| `block_004.slot_06.attn_proj_i8.narrow` | attn_proj_i8.narrow | int8 | `(6144, 1024)` | 30.440793 | 926.590665 | 0.0164 | 0.0475 | 0.0000 | dense_balanced |
| `block_004.slot_07.block_norm` | block_norm | f32 | `(6144,)` | 1.945138 | 0.128307 | 0.0000 | 0.0000 | 0.0000 | dense_balanced |
| `block_004.slot_08.block_norm` | block_norm | f32 | `(6144,)` | 0.990994 | 0.027573 | 0.0000 | 0.0000 | 0.0036 | dense_balanced |
| `block_004.slot_09.block_norm` | block_norm | f32 | `(6144,)` | 0.454440 | 0.012466 | 0.0000 | 0.0018 | 0.0000 | dense_balanced |
| `block_004.slot_10.block_norm` | block_norm | f32 | `(6144,)` | 1.367579 | 0.042105 | 0.0000 | 0.0000 | 0.0011 | dense_balanced |
| `block_004.slot_11.router` | router | f32 | `(6144, 8)` | 0.024293 | 0.000590 | 0.0000 | 0.0352 | 0.0005 | dense_balanced |
| `block_005.slot_00.moe_expert.gate` | moe_expert.gate | int8 | `(8, 6144, 32768)` | 32.092406 | 1029.888586 | 0.0126 | 0.0381 | 0.0000 | dense_balanced |
| `block_005.slot_01.moe_expert.down` | moe_expert.down | int8 | `(8, 32768, 6144)` | 33.686484 | 1134.738631 | 0.0115 | 0.0356 | 0.0000 | dense_balanced |
| `block_005.slot_02.moe_expert.up` | moe_expert.up | int8 | `(8, 6144, 32768)` | 32.390545 | 1049.121329 | 0.0122 | 0.0370 | 0.0000 | dense_balanced |
| `block_005.slot_03.attn_proj_i8.narrow` | attn_proj_i8.narrow | int8 | `(6144, 1024)` | 31.215009 | 974.350886 | 0.0132 | 0.0388 | 0.0000 | dense_balanced |
| `block_005.slot_04.attn_proj_i8.model_width` | attn_proj_i8.model_width | int8 | `(6144, 6144)` | 37.349527 | 1394.987044 | 0.0114 | 0.0339 | 0.0000 | dense_balanced |
| `block_005.slot_05.attn_proj_i8.model_width` | attn_proj_i8.model_width | int8 | `(6144, 6144)` | 30.758943 | 946.108734 | 0.0132 | 0.0393 | 0.0000 | dense_balanced |
| `block_005.slot_06.attn_proj_i8.narrow` | attn_proj_i8.narrow | int8 | `(6144, 1024)` | 30.635701 | 938.541698 | 0.0142 | 0.0426 | 0.0000 | dense_balanced |
| `block_005.slot_07.block_norm` | block_norm | f32 | `(6144,)` | 3.646073 | 0.467717 | 0.0000 | 0.0000 | 0.0000 | dense_balanced |
| `block_005.slot_08.block_norm` | block_norm | f32 | `(6144,)` | 1.068152 | 0.031164 | 0.0000 | 0.0000 | 0.0028 | dense_balanced |
| `block_005.slot_09.block_norm` | block_norm | f32 | `(6144,)` | 0.285053 | 0.004590 | 0.0000 | 0.0013 | 0.0000 | dense_balanced |
| `block_005.slot_10.block_norm` | block_norm | f32 | `(6144,)` | 1.456256 | 0.035452 | 0.0000 | 0.0000 | 0.0010 | dense_balanced |
| `block_005.slot_11.router` | router | f32 | `(6144, 8)` | 0.037977 | 0.001442 | 0.0000 | 0.0224 | 0.0007 | dense_balanced |
| `block_006.slot_00.moe_expert.gate` | moe_expert.gate | int8 | `(8, 6144, 32768)` | 32.708264 | 1069.816648 | 0.0122 | 0.0373 | 0.0000 | dense_balanced |
| `block_006.slot_01.moe_expert.down` | moe_expert.down | int8 | `(8, 32768, 6144)` | 33.464076 | 1119.771603 | 0.0123 | 0.0366 | 0.0000 | dense_balanced |
| `block_006.slot_02.moe_expert.up` | moe_expert.up | int8 | `(8, 6144, 32768)` | 32.174225 | 1035.161522 | 0.0125 | 0.0372 | 0.0000 | dense_balanced |
| `block_006.slot_03.attn_proj_i8.narrow` | attn_proj_i8.narrow | int8 | `(6144, 1024)` | 30.992908 | 960.529123 | 0.0135 | 0.0404 | 0.0000 | dense_balanced |
| `block_006.slot_04.attn_proj_i8.model_width` | attn_proj_i8.model_width | int8 | `(6144, 6144)` | 36.251976 | 1314.199544 | 0.0108 | 0.0345 | 0.0000 | dense_balanced |
| `block_006.slot_05.attn_proj_i8.model_width` | attn_proj_i8.model_width | int8 | `(6144, 6144)` | 32.088843 | 1029.669157 | 0.0125 | 0.0386 | 0.0000 | dense_balanced |
| `block_006.slot_06.attn_proj_i8.narrow` | attn_proj_i8.narrow | int8 | `(6144, 1024)` | 29.856946 | 891.424184 | 0.0141 | 0.0426 | 0.0000 | dense_balanced |
| `block_006.slot_07.block_norm` | block_norm | f32 | `(6144,)` | 1.798248 | 0.097703 | 0.0000 | 0.0000 | 0.0000 | dense_balanced |
| `block_006.slot_08.block_norm` | block_norm | f32 | `(6144,)` | 1.256731 | 0.036722 | 0.0000 | 0.0000 | 0.0031 | dense_balanced |
| `block_006.slot_09.block_norm` | block_norm | f32 | `(6144,)` | 1.763132 | 0.162257 | 0.0000 | 0.0011 | 0.0000 | dense_balanced |
| `block_006.slot_10.block_norm` | block_norm | f32 | `(6144,)` | 1.653312 | 0.071687 | 0.0000 | 0.0000 | 0.0008 | dense_balanced |
| `block_006.slot_11.router` | router | f32 | `(6144, 8)` | 0.005271 | 0.000028 | 0.0000 | 0.1552 | 0.0003 | dense_balanced |
| `block_007.slot_00.moe_expert.gate` | moe_expert.gate | int8 | `(8, 6144, 32768)` | 32.498279 | 1056.061261 | 0.0120 | 0.0362 | 0.0000 | dense_balanced |
| `block_007.slot_01.moe_expert.down` | moe_expert.down | int8 | `(8, 32768, 6144)` | 32.624095 | 1064.323788 | 0.0120 | 0.0381 | 0.0000 | dense_balanced |
| `block_007.slot_02.moe_expert.up` | moe_expert.up | int8 | `(8, 6144, 32768)` | 32.700753 | 1069.326176 | 0.0126 | 0.0373 | 0.0000 | dense_balanced |
| `block_007.slot_03.attn_proj_i8.narrow` | attn_proj_i8.narrow | int8 | `(6144, 1024)` | 30.895061 | 954.467280 | 0.0130 | 0.0388 | 0.0000 | dense_balanced |
| `block_007.slot_04.attn_proj_i8.model_width` | attn_proj_i8.model_width | int8 | `(6144, 6144)` | 37.223711 | 1385.581472 | 0.0106 | 0.0336 | 0.0000 | dense_balanced |
| `block_007.slot_05.attn_proj_i8.model_width` | attn_proj_i8.model_width | int8 | `(6144, 6144)` | 30.538525 | 932.589858 | 0.0140 | 0.0423 | 0.0000 | dense_balanced |
| `block_007.slot_06.attn_proj_i8.narrow` | attn_proj_i8.narrow | int8 | `(6144, 1024)` | 31.112616 | 967.986936 | 0.0143 | 0.0411 | 0.0000 | dense_balanced |
| `block_007.slot_07.block_norm` | block_norm | f32 | `(6144,)` | 3.862439 | 0.489341 | 0.0000 | 0.0000 | 0.0000 | dense_balanced |
| `block_007.slot_08.block_norm` | block_norm | f32 | `(6144,)` | 1.261612 | 0.052237 | 0.0000 | 0.0000 | 0.0003 | dense_balanced |
| `block_007.slot_09.block_norm` | block_norm | f32 | `(6144,)` | 1.498972 | 0.096941 | 0.0000 | 0.0007 | 0.0000 | dense_balanced |
| `block_007.slot_10.block_norm` | block_norm | f32 | `(6144,)` | 1.662042 | 0.052864 | 0.0000 | 0.0000 | 0.0007 | dense_balanced |
| `block_007.slot_11.router` | router | f32 | `(6144, 8)` | 0.005887 | 0.000035 | 0.0000 | 0.1395 | 0.0005 | dense_balanced |
| `block_008.slot_00.moe_expert.gate` | moe_expert.gate | int8 | `(8, 6144, 32768)` | 32.744364 | 1072.186512 | 0.0121 | 0.0371 | 0.0000 | dense_balanced |
| `block_008.slot_01.moe_expert.down` | moe_expert.down | int8 | `(8, 32768, 6144)` | 33.492699 | 1121.760877 | 0.0120 | 0.0363 | 0.0000 | dense_balanced |
| `block_008.slot_02.moe_expert.up` | moe_expert.up | int8 | `(8, 6144, 32768)` | 32.417812 | 1050.851470 | 0.0129 | 0.0364 | 0.0000 | dense_balanced |
| `block_008.slot_03.attn_proj_i8.narrow` | attn_proj_i8.narrow | int8 | `(6144, 1024)` | 29.879340 | 892.774897 | 0.0147 | 0.0428 | 0.0000 | dense_balanced |
| `block_008.slot_04.attn_proj_i8.model_width` | attn_proj_i8.model_width | int8 | `(6144, 6144)` | 37.215581 | 1384.995523 | 0.0109 | 0.0328 | 0.0000 | dense_balanced |
| `block_008.slot_05.attn_proj_i8.model_width` | attn_proj_i8.model_width | int8 | `(6144, 6144)` | 30.889621 | 954.162328 | 0.0138 | 0.0411 | 0.0000 | dense_balanced |
| `block_008.slot_06.attn_proj_i8.narrow` | attn_proj_i8.narrow | int8 | `(6144, 1024)` | 32.312259 | 1044.081754 | 0.0137 | 0.0407 | 0.0000 | dense_balanced |
| `block_008.slot_07.block_norm` | block_norm | f32 | `(6144,)` | 1.713994 | 0.080620 | 0.0000 | 0.0000 | 0.0000 | dense_balanced |
| `block_008.slot_08.block_norm` | block_norm | f32 | `(6144,)` | 1.420799 | 0.058407 | 0.0000 | 0.0000 | 0.0007 | dense_balanced |
| `block_008.slot_09.block_norm` | block_norm | f32 | `(6144,)` | 2.423970 | 0.228633 | 0.0000 | 0.0008 | 0.0000 | dense_balanced |
| `block_008.slot_10.block_norm` | block_norm | f32 | `(6144,)` | 1.736072 | 0.090492 | 0.0000 | 0.0000 | 0.0003 | dense_balanced |
| `block_008.slot_11.router` | router | f32 | `(6144, 8)` | 0.003327 | 0.000011 | 0.0000 | 0.2503 | 0.0005 | dense_balanced |
| `block_009.slot_00.moe_expert.gate` | moe_expert.gate | int8 | `(8, 6144, 32768)` | 32.568314 | 1060.660959 | 0.0118 | 0.0368 | 0.0000 | dense_balanced |
| `block_009.slot_01.moe_expert.down` | moe_expert.down | int8 | `(8, 32768, 6144)` | 32.056353 | 1027.608066 | 0.0127 | 0.0384 | 0.0000 | dense_balanced |
| `block_009.slot_02.moe_expert.up` | moe_expert.up | int8 | `(8, 6144, 32768)` | 32.125140 | 1032.019929 | 0.0126 | 0.0387 | 0.0000 | dense_balanced |
| `block_009.slot_03.attn_proj_i8.narrow` | attn_proj_i8.narrow | int8 | `(6144, 1024)` | 29.381846 | 863.276016 | 0.0144 | 0.0437 | 0.0000 | dense_balanced |
| `block_009.slot_04.attn_proj_i8.model_width` | attn_proj_i8.model_width | int8 | `(6144, 6144)` | 37.386270 | 1397.731692 | 0.0110 | 0.0337 | 0.0000 | dense_balanced |
| `block_009.slot_05.attn_proj_i8.model_width` | attn_proj_i8.model_width | int8 | `(6144, 6144)` | 29.205638 | 852.969144 | 0.0137 | 0.0416 | 0.0000 | dense_balanced |
| `block_009.slot_06.attn_proj_i8.narrow` | attn_proj_i8.narrow | int8 | `(6144, 1024)` | 30.566009 | 934.280423 | 0.0143 | 0.0428 | 0.0000 | dense_balanced |
| `block_009.slot_07.block_norm` | block_norm | f32 | `(6144,)` | 1.392692 | 0.056692 | 0.0000 | 0.0000 | 0.0000 | dense_balanced |
| `block_009.slot_08.block_norm` | block_norm | f32 | `(6144,)` | 1.509986 | 0.060940 | 0.0000 | 0.0000 | 0.0002 | dense_balanced |
| `block_009.slot_09.block_norm` | block_norm | f32 | `(6144,)` | 0.259621 | 0.002028 | 0.0000 | 0.0007 | 0.0000 | dense_balanced |
| `block_009.slot_10.block_norm` | block_norm | f32 | `(6144,)` | 1.870248 | 0.072634 | 0.0000 | 0.0000 | 0.0010 | dense_balanced |
| `block_009.slot_11.router` | router | f32 | `(6144, 8)` | 0.034419 | 0.001185 | 0.0000 | 0.0251 | 0.0007 | dense_balanced |
| `block_010.slot_00.moe_expert.gate` | moe_expert.gate | int8 | `(8, 6144, 32768)` | 33.328459 | 1110.761891 | 0.0122 | 0.0365 | 0.0000 | dense_balanced |
| `block_010.slot_01.moe_expert.down` | moe_expert.down | int8 | `(8, 32768, 6144)` | 33.456002 | 1119.302659 | 0.0128 | 0.0369 | 0.0000 | dense_balanced |
| `block_010.slot_02.moe_expert.up` | moe_expert.up | int8 | `(8, 6144, 32768)` | 32.058663 | 1027.726565 | 0.0124 | 0.0370 | 0.0000 | dense_balanced |
| `block_010.slot_03.attn_proj_i8.narrow` | attn_proj_i8.narrow | int8 | `(6144, 1024)` | 29.583361 | 875.128614 | 0.0145 | 0.0443 | 0.0000 | dense_balanced |
| `block_010.slot_04.attn_proj_i8.model_width` | attn_proj_i8.model_width | int8 | `(6144, 6144)` | 37.159172 | 1380.794137 | 0.0108 | 0.0340 | 0.0000 | dense_balanced |
| `block_010.slot_05.attn_proj_i8.model_width` | attn_proj_i8.model_width | int8 | `(6144, 6144)` | 29.042923 | 843.482200 | 0.0147 | 0.0441 | 0.0000 | dense_balanced |
| `block_010.slot_06.attn_proj_i8.narrow` | attn_proj_i8.narrow | int8 | `(6144, 1024)` | 31.670326 | 1002.953274 | 0.0139 | 0.0417 | 0.0000 | dense_balanced |
| `block_010.slot_07.block_norm` | block_norm | f32 | `(6144,)` | 5.118065 | 0.529614 | 0.0000 | 0.0000 | 0.0000 | dense_balanced |
| `block_010.slot_08.block_norm` | block_norm | f32 | `(6144,)` | 1.620535 | 0.075709 | 0.0000 | 0.0000 | 0.0008 | dense_balanced |
| `block_010.slot_09.block_norm` | block_norm | f32 | `(6144,)` | 0.246541 | 0.001795 | 0.0000 | 0.0008 | 0.0000 | dense_balanced |
| `block_010.slot_10.block_norm` | block_norm | f32 | `(6144,)` | 2.001553 | 0.133307 | 0.0000 | 0.0000 | 0.0003 | dense_balanced |
| `block_010.slot_11.router` | router | f32 | `(6144, 8)` | 0.032336 | 0.001046 | 0.0000 | 0.0263 | 0.0003 | dense_balanced |
| `block_011.slot_00.moe_expert.gate` | moe_expert.gate | int8 | `(8, 6144, 32768)` | 33.104795 | 1095.918762 | 0.0123 | 0.0366 | 0.0000 | dense_balanced |
| `block_011.slot_01.moe_expert.down` | moe_expert.down | int8 | `(8, 32768, 6144)` | 32.797805 | 1075.687089 | 0.0118 | 0.0378 | 0.0000 | dense_balanced |
| `block_011.slot_02.moe_expert.up` | moe_expert.up | int8 | `(8, 6144, 32768)` | 33.079124 | 1094.218276 | 0.0120 | 0.0357 | 0.0000 | dense_balanced |
| `block_011.slot_03.attn_proj_i8.narrow` | attn_proj_i8.narrow | int8 | `(6144, 1024)` | 30.310365 | 918.683603 | 0.0145 | 0.0404 | 0.0000 | dense_balanced |
| `block_011.slot_04.attn_proj_i8.model_width` | attn_proj_i8.model_width | int8 | `(6144, 6144)` | 36.937752 | 1364.381798 | 0.0112 | 0.0332 | 0.0000 | dense_balanced |
| `block_011.slot_05.attn_proj_i8.model_width` | attn_proj_i8.model_width | int8 | `(6144, 6144)` | 31.798933 | 1011.159116 | 0.0134 | 0.0388 | 0.0000 | dense_balanced |
| `block_011.slot_06.attn_proj_i8.narrow` | attn_proj_i8.narrow | int8 | `(6144, 1024)` | 30.995248 | 960.665174 | 0.0147 | 0.0427 | 0.0000 | dense_balanced |
| `block_011.slot_07.block_norm` | block_norm | f32 | `(6144,)` | 0.846710 | 0.011735 | 0.0000 | 0.0000 | 0.0000 | dense_balanced |
| `block_011.slot_08.block_norm` | block_norm | f32 | `(6144,)` | 1.799362 | 0.077402 | 0.0000 | 0.0000 | 0.0011 | dense_balanced |
| `block_011.slot_09.block_norm` | block_norm | f32 | `(6144,)` | 0.257961 | 0.001416 | 0.0000 | 0.0013 | 0.0018 | dense_balanced |
| `block_011.slot_10.block_norm` | block_norm | f32 | `(6144,)` | 2.294285 | 0.118974 | 0.0000 | 0.0000 | 0.0011 | dense_balanced |
| `block_011.slot_11.router` | router | f32 | `(6144, 8)` | 0.035850 | 0.001285 | 0.0000 | 0.0238 | 0.0005 | dense_balanced |
| `block_012.slot_00.moe_expert.gate` | moe_expert.gate | int8 | `(8, 6144, 32768)` | 33.494049 | 1121.850639 | 0.0118 | 0.0359 | 0.0000 | dense_balanced |
| `block_012.slot_01.moe_expert.down` | moe_expert.down | int8 | `(8, 32768, 6144)` | 33.808649 | 1142.992036 | 0.0128 | 0.0367 | 0.0000 | dense_balanced |
| `block_012.slot_02.moe_expert.up` | moe_expert.up | int8 | `(8, 6144, 32768)` | 33.091292 | 1095.014578 | 0.0121 | 0.0368 | 0.0000 | dense_balanced |
| `block_012.slot_03.attn_proj_i8.narrow` | attn_proj_i8.narrow | int8 | `(6144, 1024)` | 29.867999 | 892.089955 | 0.0149 | 0.0438 | 0.0000 | dense_balanced |
| `block_012.slot_04.attn_proj_i8.model_width` | attn_proj_i8.model_width | int8 | `(6144, 6144)` | 37.480414 | 1404.771217 | 0.0108 | 0.0332 | 0.0000 | dense_balanced |
| `block_012.slot_05.attn_proj_i8.model_width` | attn_proj_i8.model_width | int8 | `(6144, 6144)` | 28.773765 | 827.928689 | 0.0147 | 0.0447 | 0.0000 | dense_balanced |
| `block_012.slot_06.attn_proj_i8.narrow` | attn_proj_i8.narrow | int8 | `(6144, 1024)` | 31.767305 | 1009.161343 | 0.0136 | 0.0392 | 0.0000 | dense_balanced |
| `block_012.slot_07.block_norm` | block_norm | f32 | `(6144,)` | 0.336412 | 0.003752 | 0.0000 | 0.0000 | 0.0000 | dense_balanced |
| `block_012.slot_08.block_norm` | block_norm | f32 | `(6144,)` | 0.445028 | 0.026887 | 0.0000 | 0.0000 | 0.0013 | dense_balanced |
| `block_012.slot_09.block_norm` | block_norm | f32 | `(6144,)` | 0.504785 | 0.017655 | 0.0000 | 0.0200 | 0.0000 | dense_balanced |
| `block_012.slot_10.block_norm` | block_norm | f32 | `(6144,)` | 0.547636 | 0.027751 | 0.0000 | 0.0000 | 0.0010 | dense_balanced |
| `block_012.slot_11.router` | router | f32 | `(6144, 8)` | 0.025621 | 0.000656 | 0.0000 | 0.0314 | 0.0004 | dense_balanced |
| `block_013.slot_00.moe_expert.gate` | moe_expert.gate | int8 | `(8, 6144, 32768)` | 33.769909 | 1140.401885 | 0.0117 | 0.0348 | 0.0000 | dense_balanced |
| `block_013.slot_01.moe_expert.down` | moe_expert.down | int8 | `(8, 32768, 6144)` | 33.351256 | 1112.301859 | 0.0117 | 0.0355 | 0.0000 | dense_balanced |
| `block_013.slot_02.moe_expert.up` | moe_expert.up | int8 | `(8, 6144, 32768)` | 32.525521 | 1057.896269 | 0.0120 | 0.0357 | 0.0000 | dense_balanced |
| `block_013.slot_03.attn_proj_i8.narrow` | attn_proj_i8.narrow | int8 | `(6144, 1024)` | 30.789355 | 947.983064 | 0.0141 | 0.0413 | 0.0000 | dense_balanced |
| `block_013.slot_04.attn_proj_i8.model_width` | attn_proj_i8.model_width | int8 | `(6144, 6144)` | 36.877986 | 1359.980978 | 0.0117 | 0.0343 | 0.0000 | dense_balanced |
| `block_013.slot_05.attn_proj_i8.model_width` | attn_proj_i8.model_width | int8 | `(6144, 6144)` | 30.574557 | 934.791059 | 0.0134 | 0.0405 | 0.0000 | dense_balanced |
| `block_013.slot_06.attn_proj_i8.narrow` | attn_proj_i8.narrow | int8 | `(6144, 1024)` | 32.286399 | 1042.409921 | 0.0132 | 0.0407 | 0.0000 | dense_balanced |
| `block_013.slot_07.block_norm` | block_norm | f32 | `(6144,)` | 0.984840 | 0.011753 | 0.0000 | 0.0000 | 0.0005 | dense_balanced |
| `block_013.slot_08.block_norm` | block_norm | f32 | `(6144,)` | 1.831669 | 0.059645 | 0.0000 | 0.0000 | 0.0020 | dense_balanced |
| `block_013.slot_09.block_norm` | block_norm | f32 | `(6144,)` | 0.231364 | 0.001251 | 0.0000 | 0.0011 | 0.0020 | dense_balanced |
| `block_013.slot_10.block_norm` | block_norm | f32 | `(6144,)` | 2.339833 | 0.120585 | 0.0000 | 0.0000 | 0.0010 | dense_balanced |
| `block_013.slot_11.router` | router | f32 | `(6144, 8)` | 0.040007 | 0.001600 | 0.0000 | 0.0201 | 0.0005 | dense_balanced |
| `block_014.slot_00.moe_expert.gate` | moe_expert.gate | int8 | `(8, 6144, 32768)` | 32.604110 | 1063.026358 | 0.0134 | 0.0378 | 0.0000 | dense_balanced |
| `block_014.slot_01.moe_expert.down` | moe_expert.down | int8 | `(8, 32768, 6144)` | 33.271735 | 1107.008180 | 0.0122 | 0.0364 | 0.0000 | dense_balanced |
| `block_014.slot_02.moe_expert.up` | moe_expert.up | int8 | `(8, 6144, 32768)` | 33.650863 | 1132.380553 | 0.0123 | 0.0373 | 0.0000 | dense_balanced |
| `block_014.slot_03.attn_proj_i8.narrow` | attn_proj_i8.narrow | int8 | `(6144, 1024)` | 31.567947 | 996.521707 | 0.0133 | 0.0392 | 0.0000 | dense_balanced |
| `block_014.slot_04.attn_proj_i8.model_width` | attn_proj_i8.model_width | int8 | `(6144, 6144)` | 36.969814 | 1366.765462 | 0.0112 | 0.0336 | 0.0000 | dense_balanced |
| `block_014.slot_05.attn_proj_i8.model_width` | attn_proj_i8.model_width | int8 | `(6144, 6144)` | 31.118444 | 968.349329 | 0.0127 | 0.0384 | 0.0000 | dense_balanced |
| `block_014.slot_06.attn_proj_i8.narrow` | attn_proj_i8.narrow | int8 | `(6144, 1024)` | 30.678324 | 941.135275 | 0.0146 | 0.0430 | 0.0000 | dense_balanced |
| `block_014.slot_07.block_norm` | block_norm | f32 | `(6144,)` | 1.817615 | 0.043807 | 0.0000 | 0.0000 | 0.0010 | dense_balanced |
| `block_014.slot_08.block_norm` | block_norm | f32 | `(6144,)` | 2.218527 | 0.080758 | 0.0000 | 0.0000 | 0.0024 | dense_balanced |
| `block_014.slot_09.block_norm` | block_norm | f32 | `(6144,)` | 0.270194 | 0.001392 | 0.0000 | 0.0015 | 0.0028 | dense_balanced |
| `block_014.slot_10.block_norm` | block_norm | f32 | `(6144,)` | 2.476186 | 0.109625 | 0.0000 | 0.0000 | 0.0010 | dense_balanced |
| `block_014.slot_11.router` | router | f32 | `(6144, 8)` | 0.033138 | 0.001098 | 0.0000 | 0.0238 | 0.0002 | dense_balanced |
| `block_015.slot_00.moe_expert.gate` | moe_expert.gate | int8 | `(8, 6144, 32768)` | 32.852166 | 1079.263289 | 0.0125 | 0.0373 | 0.0000 | dense_balanced |
| `block_015.slot_01.moe_expert.down` | moe_expert.down | int8 | `(8, 32768, 6144)` | 33.166791 | 1100.027094 | 0.0124 | 0.0368 | 0.0000 | dense_balanced |
| `block_015.slot_02.moe_expert.up` | moe_expert.up | int8 | `(8, 6144, 32768)` | 32.414772 | 1050.716693 | 0.0123 | 0.0372 | 0.0000 | dense_balanced |
| `block_015.slot_03.attn_proj_i8.narrow` | attn_proj_i8.narrow | int8 | `(6144, 1024)` | 31.349037 | 982.761621 | 0.0126 | 0.0384 | 0.0000 | dense_balanced |
| `block_015.slot_04.attn_proj_i8.model_width` | attn_proj_i8.model_width | int8 | `(6144, 6144)` | 36.388715 | 1324.073171 | 0.0114 | 0.0348 | 0.0000 | dense_balanced |
| `block_015.slot_05.attn_proj_i8.model_width` | attn_proj_i8.model_width | int8 | `(6144, 6144)` | 31.642509 | 1001.208112 | 0.0122 | 0.0384 | 0.0000 | dense_balanced |
| `block_015.slot_06.attn_proj_i8.narrow` | attn_proj_i8.narrow | int8 | `(6144, 1024)` | 31.130559 | 969.111596 | 0.0148 | 0.0423 | 0.0000 | dense_balanced |
| `block_015.slot_07.block_norm` | block_norm | f32 | `(6144,)` | 0.990086 | 0.015258 | 0.0000 | 0.0000 | 0.0018 | dense_balanced |
| `block_015.slot_08.block_norm` | block_norm | f32 | `(6144,)` | 2.129479 | 0.068322 | 0.0000 | 0.0000 | 0.0020 | dense_balanced |
| `block_015.slot_09.block_norm` | block_norm | f32 | `(6144,)` | 0.403220 | 0.001879 | 0.0000 | 0.0007 | 0.0052 | dense_balanced |
| `block_015.slot_10.block_norm` | block_norm | f32 | `(6144,)` | 2.680646 | 0.120183 | 0.0000 | 0.0000 | 0.0016 | dense_balanced |
| `block_015.slot_11.router` | router | f32 | `(6144, 8)` | 0.020215 | 0.000409 | 0.0000 | 0.0403 | 0.0003 | dense_balanced |
| `block_016.slot_00.moe_expert.gate` | moe_expert.gate | int8 | `(8, 6144, 32768)` | 31.976729 | 1022.510111 | 0.0132 | 0.0377 | 0.0000 | dense_balanced |
| `block_016.slot_01.moe_expert.down` | moe_expert.down | int8 | `(8, 32768, 6144)` | 33.863061 | 1146.706842 | 0.0115 | 0.0360 | 0.0000 | dense_balanced |
| `block_016.slot_02.moe_expert.up` | moe_expert.up | int8 | `(8, 6144, 32768)` | 32.381647 | 1048.568977 | 0.0124 | 0.0375 | 0.0000 | dense_balanced |
| `block_016.slot_03.attn_proj_i8.narrow` | attn_proj_i8.narrow | int8 | `(6144, 1024)` | 32.495385 | 1055.928961 | 0.0137 | 0.0381 | 0.0000 | dense_balanced |
| `block_016.slot_04.attn_proj_i8.model_width` | attn_proj_i8.model_width | int8 | `(6144, 6144)` | 36.612612 | 1340.479209 | 0.0116 | 0.0349 | 0.0000 | dense_balanced |
| `block_016.slot_05.attn_proj_i8.model_width` | attn_proj_i8.model_width | int8 | `(6144, 6144)` | 33.019694 | 1090.260705 | 0.0120 | 0.0368 | 0.0000 | dense_balanced |
| `block_016.slot_06.attn_proj_i8.narrow` | attn_proj_i8.narrow | int8 | `(6144, 1024)` | 31.147771 | 970.180954 | 0.0128 | 0.0406 | 0.0000 | dense_balanced |
| `block_016.slot_07.block_norm` | block_norm | f32 | `(6144,)` | 3.546150 | 0.266377 | 0.0000 | 0.0000 | 0.0013 | dense_balanced |
| `block_016.slot_08.block_norm` | block_norm | f32 | `(6144,)` | 2.678787 | 0.109804 | 0.0000 | 0.0000 | 0.0044 | dense_balanced |
| `block_016.slot_09.block_norm` | block_norm | f32 | `(6144,)` | 0.258579 | 0.000900 | 0.0000 | 0.0015 | 0.0070 | dense_balanced |
| `block_016.slot_10.block_norm` | block_norm | f32 | `(6144,)` | 2.703091 | 0.084809 | 0.0000 | 0.0000 | 0.0010 | dense_balanced |
| `block_016.slot_11.router` | router | f32 | `(6144, 8)` | 0.032424 | 0.001051 | 0.0000 | 0.0254 | 0.0002 | dense_balanced |
| `block_017.slot_00.moe_expert.gate` | moe_expert.gate | int8 | `(8, 6144, 32768)` | 32.277259 | 1041.820080 | 0.0123 | 0.0376 | 0.0000 | dense_balanced |
| `block_017.slot_01.moe_expert.down` | moe_expert.down | int8 | `(8, 32768, 6144)` | 33.562178 | 1126.404790 | 0.0115 | 0.0346 | 0.0000 | dense_balanced |
| `block_017.slot_02.moe_expert.up` | moe_expert.up | int8 | `(8, 6144, 32768)` | 31.813743 | 1012.111623 | 0.0123 | 0.0382 | 0.0000 | dense_balanced |
| `block_017.slot_03.attn_proj_i8.narrow` | attn_proj_i8.narrow | int8 | `(6144, 1024)` | 31.973647 | 1022.295104 | 0.0132 | 0.0382 | 0.0000 | dense_balanced |
| `block_017.slot_04.attn_proj_i8.model_width` | attn_proj_i8.model_width | int8 | `(6144, 6144)` | 37.029828 | 1371.189693 | 0.0119 | 0.0347 | 0.0000 | dense_balanced |
| `block_017.slot_05.attn_proj_i8.model_width` | attn_proj_i8.model_width | int8 | `(6144, 6144)` | 31.818678 | 1012.411558 | 0.0125 | 0.0387 | 0.0000 | dense_balanced |
| `block_017.slot_06.attn_proj_i8.narrow` | attn_proj_i8.narrow | int8 | `(6144, 1024)` | 31.361061 | 983.515913 | 0.0137 | 0.0409 | 0.0000 | dense_balanced |
| `block_017.slot_07.block_norm` | block_norm | f32 | `(6144,)` | 0.815083 | 0.023653 | 0.0000 | 0.0000 | 0.0028 | dense_balanced |
| `block_017.slot_08.block_norm` | block_norm | f32 | `(6144,)` | 2.351334 | 0.056807 | 0.0000 | 0.0000 | 0.0028 | dense_balanced |
| `block_017.slot_09.block_norm` | block_norm | f32 | `(6144,)` | 1.318732 | 0.021572 | 0.0000 | 0.0008 | 0.0067 | dense_balanced |
| `block_017.slot_10.block_norm` | block_norm | f32 | `(6144,)` | 2.824308 | 0.105938 | 0.0000 | 0.0000 | 0.0013 | dense_balanced |
| `block_017.slot_11.router` | router | f32 | `(6144, 8)` | 0.007078 | 0.000050 | 0.0000 | 0.1137 | 0.0002 | dense_balanced |
| `block_018.slot_00.moe_expert.gate` | moe_expert.gate | int8 | `(8, 6144, 32768)` | 33.180508 | 1100.932836 | 0.0122 | 0.0369 | 0.0000 | dense_balanced |
| `block_018.slot_01.moe_expert.down` | moe_expert.down | int8 | `(8, 32768, 6144)` | 33.233480 | 1104.463646 | 0.0118 | 0.0356 | 0.0000 | dense_balanced |
| `block_018.slot_02.moe_expert.up` | moe_expert.up | int8 | `(8, 6144, 32768)` | 33.671260 | 1133.726797 | 0.0123 | 0.0359 | 0.0000 | dense_balanced |
| `block_018.slot_03.attn_proj_i8.narrow` | attn_proj_i8.narrow | int8 | `(6144, 1024)` | 31.425063 | 987.530012 | 0.0131 | 0.0387 | 0.0000 | dense_balanced |
| `block_018.slot_04.attn_proj_i8.model_width` | attn_proj_i8.model_width | int8 | `(6144, 6144)` | 36.834361 | 1356.765389 | 0.0108 | 0.0330 | 0.0000 | dense_balanced |
| `block_018.slot_05.attn_proj_i8.model_width` | attn_proj_i8.model_width | int8 | `(6144, 6144)` | 32.182158 | 1035.690903 | 0.0138 | 0.0393 | 0.0000 | dense_balanced |
| `block_018.slot_06.attn_proj_i8.narrow` | attn_proj_i8.narrow | int8 | `(6144, 1024)` | 31.378105 | 984.585463 | 0.0131 | 0.0391 | 0.0000 | dense_balanced |
| `block_018.slot_07.block_norm` | block_norm | f32 | `(6144,)` | 0.525705 | 0.004420 | 0.0000 | 0.0000 | 0.0008 | dense_balanced |
| `block_018.slot_08.block_norm` | block_norm | f32 | `(6144,)` | 2.357503 | 0.066149 | 0.0000 | 0.0000 | 0.0031 | dense_balanced |
| `block_018.slot_09.block_norm` | block_norm | f32 | `(6144,)` | 0.349465 | 0.001594 | 0.0000 | 0.0018 | 0.0073 | dense_balanced |
| `block_018.slot_10.block_norm` | block_norm | f32 | `(6144,)` | 2.842006 | 0.090624 | 0.0000 | 0.0000 | 0.0015 | dense_balanced |
| `block_018.slot_11.router` | router | f32 | `(6144, 8)` | 0.027042 | 0.000731 | 0.0000 | 0.0292 | 0.0002 | dense_balanced |
| `block_019.slot_00.moe_expert.gate` | moe_expert.gate | int8 | `(8, 6144, 32768)` | 32.742134 | 1072.047101 | 0.0116 | 0.0367 | 0.0000 | dense_balanced |
| `block_019.slot_01.moe_expert.down` | moe_expert.down | int8 | `(8, 32768, 6144)` | 33.471051 | 1120.239879 | 0.0116 | 0.0364 | 0.0000 | dense_balanced |
| `block_019.slot_02.moe_expert.up` | moe_expert.up | int8 | `(8, 6144, 32768)` | 32.675701 | 1067.701027 | 0.0119 | 0.0367 | 0.0000 | dense_balanced |
| `block_019.slot_03.attn_proj_i8.narrow` | attn_proj_i8.narrow | int8 | `(6144, 1024)` | 32.011399 | 1024.703455 | 0.0123 | 0.0385 | 0.0000 | dense_balanced |
| `block_019.slot_04.attn_proj_i8.model_width` | attn_proj_i8.model_width | int8 | `(6144, 6144)` | 36.873758 | 1359.667674 | 0.0114 | 0.0334 | 0.0000 | dense_balanced |
| `block_019.slot_05.attn_proj_i8.model_width` | attn_proj_i8.model_width | int8 | `(6144, 6144)` | 32.291258 | 1042.721770 | 0.0121 | 0.0370 | 0.0000 | dense_balanced |
| `block_019.slot_06.attn_proj_i8.narrow` | attn_proj_i8.narrow | int8 | `(6144, 1024)` | 30.890805 | 954.133699 | 0.0134 | 0.0427 | 0.0000 | dense_balanced |
| `block_019.slot_07.block_norm` | block_norm | f32 | `(6144,)` | 1.052098 | 0.024386 | 0.0000 | 0.0000 | 0.0011 | dense_balanced |
| `block_019.slot_08.block_norm` | block_norm | f32 | `(6144,)` | 2.597108 | 0.119045 | 0.0000 | 0.0000 | 0.0029 | dense_balanced |
| `block_019.slot_09.block_norm` | block_norm | f32 | `(6144,)` | 1.264673 | 0.017818 | 0.0000 | 0.0008 | 0.0072 | dense_balanced |
| `block_019.slot_10.block_norm` | block_norm | f32 | `(6144,)` | 3.120506 | 0.102321 | 0.0000 | 0.0000 | 0.0016 | dense_balanced |
| `block_019.slot_11.router` | router | f32 | `(6144, 8)` | 0.008037 | 0.000065 | 0.0000 | 0.1021 | 0.0005 | dense_balanced |
| `block_020.slot_00.moe_expert.gate` | moe_expert.gate | int8 | `(8, 6144, 32768)` | 32.826841 | 1077.583455 | 0.0124 | 0.0384 | 0.0000 | dense_balanced |
| `block_020.slot_01.moe_expert.down` | moe_expert.down | int8 | `(8, 32768, 6144)` | 33.821649 | 1143.874598 | 0.0121 | 0.0345 | 0.0000 | dense_balanced |
| `block_020.slot_02.moe_expert.up` | moe_expert.up | int8 | `(8, 6144, 32768)` | 33.001813 | 1089.109431 | 0.0127 | 0.0368 | 0.0000 | dense_balanced |
| `block_020.slot_03.attn_proj_i8.narrow` | attn_proj_i8.narrow | int8 | `(6144, 1024)` | 33.045433 | 1091.995969 | 0.0119 | 0.0367 | 0.0000 | dense_balanced |
| `block_020.slot_04.attn_proj_i8.model_width` | attn_proj_i8.model_width | int8 | `(6144, 6144)` | 37.273840 | 1389.306702 | 0.0107 | 0.0336 | 0.0000 | dense_balanced |
| `block_020.slot_05.attn_proj_i8.model_width` | attn_proj_i8.model_width | int8 | `(6144, 6144)` | 32.277835 | 1041.794043 | 0.0127 | 0.0379 | 0.0000 | dense_balanced |
| `block_020.slot_06.attn_proj_i8.narrow` | attn_proj_i8.narrow | int8 | `(6144, 1024)` | 30.389516 | 923.467651 | 0.0140 | 0.0417 | 0.0000 | dense_balanced |
| `block_020.slot_07.block_norm` | block_norm | f32 | `(6144,)` | 0.732340 | 0.028306 | 0.0000 | 0.0000 | 0.0041 | dense_balanced |
| `block_020.slot_08.block_norm` | block_norm | f32 | `(6144,)` | 2.724360 | 0.109232 | 0.0000 | 0.0000 | 0.0047 | dense_balanced |
| `block_020.slot_09.block_norm` | block_norm | f32 | `(6144,)` | 0.272331 | 0.000843 | 0.0000 | 0.0013 | 0.0078 | dense_balanced |
| `block_020.slot_10.block_norm` | block_norm | f32 | `(6144,)` | 2.963708 | 0.088840 | 0.0000 | 0.0000 | 0.0016 | dense_balanced |
| `block_020.slot_11.router` | router | f32 | `(6144, 8)` | 0.038706 | 0.001498 | 0.0000 | 0.0221 | 0.0008 | dense_balanced |
| `block_021.slot_00.moe_expert.gate` | moe_expert.gate | int8 | `(8, 6144, 32768)` | 33.996877 | 1155.763908 | 0.0118 | 0.0352 | 0.0000 | dense_balanced |
| `block_021.slot_01.moe_expert.down` | moe_expert.down | int8 | `(8, 32768, 6144)` | 33.235462 | 1104.595825 | 0.0122 | 0.0368 | 0.0000 | dense_balanced |
| `block_021.slot_02.moe_expert.up` | moe_expert.up | int8 | `(8, 6144, 32768)` | 33.025840 | 1090.684517 | 0.0120 | 0.0367 | 0.0000 | dense_balanced |
| `block_021.slot_03.attn_proj_i8.narrow` | attn_proj_i8.narrow | int8 | `(6144, 1024)` | 32.061753 | 1027.953847 | 0.0124 | 0.0387 | 0.0000 | dense_balanced |
| `block_021.slot_04.attn_proj_i8.model_width` | attn_proj_i8.model_width | int8 | `(6144, 6144)` | 36.867891 | 1359.240962 | 0.0122 | 0.0349 | 0.0000 | dense_balanced |
| `block_021.slot_05.attn_proj_i8.model_width` | attn_proj_i8.model_width | int8 | `(6144, 6144)` | 31.157809 | 970.796143 | 0.0125 | 0.0394 | 0.0000 | dense_balanced |
| `block_021.slot_06.attn_proj_i8.narrow` | attn_proj_i8.narrow | int8 | `(6144, 1024)` | 30.688845 | 941.776208 | 0.0136 | 0.0403 | 0.0000 | dense_balanced |
| `block_021.slot_07.block_norm` | block_norm | f32 | `(6144,)` | 2.125393 | 0.185111 | 0.0000 | 0.0000 | 0.0059 | dense_balanced |
| `block_021.slot_08.block_norm` | block_norm | f32 | `(6144,)` | 1.893033 | 0.070356 | 0.0000 | 0.0000 | 0.0052 | dense_balanced |
| `block_021.slot_09.block_norm` | block_norm | f32 | `(6144,)` | 0.460254 | 0.002419 | 0.0000 | 0.0018 | 0.0072 | dense_balanced |
| `block_021.slot_10.block_norm` | block_norm | f32 | `(6144,)` | 2.862234 | 0.077989 | 0.0000 | 0.0000 | 0.0013 | dense_balanced |
| `block_021.slot_11.router` | router | f32 | `(6144, 8)` | 0.022523 | 0.000507 | 0.0000 | 0.0357 | 0.0002 | dense_balanced |
| `block_022.slot_00.moe_expert.gate` | moe_expert.gate | int8 | `(8, 6144, 32768)` | 32.795183 | 1075.498787 | 0.0123 | 0.0353 | 0.0000 | dense_balanced |
| `block_022.slot_01.moe_expert.down` | moe_expert.down | int8 | `(8, 32768, 6144)` | 34.506740 | 1190.697458 | 0.0120 | 0.0348 | 0.0000 | dense_balanced |
| `block_022.slot_02.moe_expert.up` | moe_expert.up | int8 | `(8, 6144, 32768)` | 32.778592 | 1074.423865 | 0.0123 | 0.0363 | 0.0000 | dense_balanced |
| `block_022.slot_03.attn_proj_i8.narrow` | attn_proj_i8.narrow | int8 | `(6144, 1024)` | 32.106566 | 1030.831321 | 0.0131 | 0.0379 | 0.0000 | dense_balanced |
| `block_022.slot_04.attn_proj_i8.model_width` | attn_proj_i8.model_width | int8 | `(6144, 6144)` | 37.665003 | 1418.610278 | 0.0113 | 0.0333 | 0.0000 | dense_balanced |
| `block_022.slot_05.attn_proj_i8.model_width` | attn_proj_i8.model_width | int8 | `(6144, 6144)` | 31.959081 | 1021.375245 | 0.0127 | 0.0380 | 0.0000 | dense_balanced |
| `block_022.slot_06.attn_proj_i8.narrow` | attn_proj_i8.narrow | int8 | `(6144, 1024)` | 31.623000 | 999.999291 | 0.0123 | 0.0388 | 0.0000 | dense_balanced |
| `block_022.slot_07.block_norm` | block_norm | f32 | `(6144,)` | 0.627181 | 0.008406 | 0.0000 | 0.0000 | 0.0044 | dense_balanced |
| `block_022.slot_08.block_norm` | block_norm | f32 | `(6144,)` | 2.039391 | 0.073566 | 0.0000 | 0.0000 | 0.0021 | dense_balanced |
| `block_022.slot_09.block_norm` | block_norm | f32 | `(6144,)` | 0.608302 | 0.003803 | 0.0000 | 0.0011 | 0.0072 | dense_balanced |
| `block_022.slot_10.block_norm` | block_norm | f32 | `(6144,)` | 3.019965 | 0.084163 | 0.0000 | 0.0000 | 0.0018 | dense_balanced |
| `block_022.slot_11.router` | router | f32 | `(6144, 8)` | 0.018419 | 0.000339 | 0.0000 | 0.0437 | 0.0004 | dense_balanced |
| `block_023.slot_00.moe_expert.gate` | moe_expert.gate | int8 | `(8, 6144, 32768)` | 32.689841 | 1068.620153 | 0.0128 | 0.0373 | 0.0000 | dense_balanced |
| `block_023.slot_01.moe_expert.down` | moe_expert.down | int8 | `(8, 32768, 6144)` | 34.083991 | 1161.718360 | 0.0113 | 0.0352 | 0.0000 | dense_balanced |
| `block_023.slot_02.moe_expert.up` | moe_expert.up | int8 | `(8, 6144, 32768)` | 32.964812 | 1086.678717 | 0.0119 | 0.0368 | 0.0000 | dense_balanced |
| `block_023.slot_03.attn_proj_i8.narrow` | attn_proj_i8.narrow | int8 | `(6144, 1024)` | 30.472104 | 928.548015 | 0.0141 | 0.0413 | 0.0000 | dense_balanced |
| `block_023.slot_04.attn_proj_i8.model_width` | attn_proj_i8.model_width | int8 | `(6144, 6144)` | 37.552870 | 1410.217859 | 0.0109 | 0.0329 | 0.0000 | dense_balanced |
| `block_023.slot_05.attn_proj_i8.model_width` | attn_proj_i8.model_width | int8 | `(6144, 6144)` | 30.625860 | 937.916432 | 0.0137 | 0.0399 | 0.0000 | dense_balanced |
| `block_023.slot_06.attn_proj_i8.narrow` | attn_proj_i8.narrow | int8 | `(6144, 1024)` | 31.266542 | 977.596141 | 0.0144 | 0.0416 | 0.0000 | dense_balanced |
| `block_023.slot_07.block_norm` | block_norm | f32 | `(6144,)` | 2.150004 | 0.139590 | 0.0000 | 0.0000 | 0.0000 | dense_balanced |
| `block_023.slot_08.block_norm` | block_norm | f32 | `(6144,)` | 0.423627 | 0.019548 | 0.0000 | 0.0002 | 0.0018 | dense_balanced |
| `block_023.slot_09.block_norm` | block_norm | f32 | `(6144,)` | 0.619056 | 0.024765 | 0.0000 | 0.0094 | 0.0000 | dense_balanced |
| `block_023.slot_10.block_norm` | block_norm | f32 | `(6144,)` | 0.596431 | 0.033110 | 0.0000 | 0.0000 | 0.0007 | dense_balanced |
| `block_023.slot_11.router` | router | f32 | `(6144, 8)` | 0.023406 | 0.000548 | 0.0000 | 0.0381 | 0.0009 | dense_balanced |
| `block_024.slot_00.moe_expert.gate` | moe_expert.gate | int8 | `(8, 6144, 32768)` | 32.934730 | 1084.695296 | 0.0133 | 0.0375 | 0.0000 | dense_balanced |
| `block_024.slot_01.moe_expert.down` | moe_expert.down | int8 | `(8, 32768, 6144)` | 33.520639 | 1123.630846 | 0.0123 | 0.0370 | 0.0000 | dense_balanced |
| `block_024.slot_02.moe_expert.up` | moe_expert.up | int8 | `(8, 6144, 32768)` | 33.221829 | 1103.681337 | 0.0126 | 0.0368 | 0.0000 | dense_balanced |
| `block_024.slot_03.attn_proj_i8.narrow` | attn_proj_i8.narrow | int8 | `(6144, 1024)` | 31.771317 | 1009.414068 | 0.0124 | 0.0387 | 0.0000 | dense_balanced |
| `block_024.slot_04.attn_proj_i8.model_width` | attn_proj_i8.model_width | int8 | `(6144, 6144)` | 37.403964 | 1399.040444 | 0.0109 | 0.0330 | 0.0000 | dense_balanced |
| `block_024.slot_05.attn_proj_i8.model_width` | attn_proj_i8.model_width | int8 | `(6144, 6144)` | 33.162156 | 1099.708832 | 0.0126 | 0.0367 | 0.0000 | dense_balanced |
| `block_024.slot_06.attn_proj_i8.narrow` | attn_proj_i8.narrow | int8 | `(6144, 1024)` | 30.396840 | 923.967836 | 0.0139 | 0.0430 | 0.0000 | dense_balanced |
| `block_024.slot_07.block_norm` | block_norm | f32 | `(6144,)` | 1.596526 | 0.073486 | 0.0000 | 0.0000 | 0.0046 | dense_balanced |
| `block_024.slot_08.block_norm` | block_norm | f32 | `(6144,)` | 2.671848 | 0.088787 | 0.0000 | 0.0000 | 0.0044 | dense_balanced |
| `block_024.slot_09.block_norm` | block_norm | f32 | `(6144,)` | 0.915080 | 0.009780 | 0.0000 | 0.0015 | 0.0078 | dense_balanced |
| `block_024.slot_10.block_norm` | block_norm | f32 | `(6144,)` | 2.789244 | 0.073456 | 0.0000 | 0.0000 | 0.0013 | dense_balanced |
| `block_024.slot_11.router` | router | f32 | `(6144, 8)` | 0.012675 | 0.000161 | 0.0000 | 0.0662 | 0.0004 | dense_balanced |
| `block_025.slot_00.moe_expert.gate` | moe_expert.gate | int8 | `(8, 6144, 32768)` | 33.138764 | 1098.135143 | 0.0117 | 0.0359 | 0.0000 | dense_balanced |
| `block_025.slot_01.moe_expert.down` | moe_expert.down | int8 | `(8, 32768, 6144)` | 33.400656 | 1115.603279 | 0.0117 | 0.0367 | 0.0000 | dense_balanced |
| `block_025.slot_02.moe_expert.up` | moe_expert.up | int8 | `(8, 6144, 32768)` | 33.455902 | 1119.297294 | 0.0120 | 0.0356 | 0.0000 | dense_balanced |
| `block_025.slot_03.attn_proj_i8.narrow` | attn_proj_i8.narrow | int8 | `(6144, 1024)` | 32.090597 | 1029.752344 | 0.0121 | 0.0369 | 0.0000 | dense_balanced |
| `block_025.slot_04.attn_proj_i8.model_width` | attn_proj_i8.model_width | int8 | `(6144, 6144)` | 37.092983 | 1375.880628 | 0.0116 | 0.0339 | 0.0000 | dense_balanced |
| `block_025.slot_05.attn_proj_i8.model_width` | attn_proj_i8.model_width | int8 | `(6144, 6144)` | 31.152745 | 970.492241 | 0.0136 | 0.0394 | 0.0000 | dense_balanced |
| `block_025.slot_06.attn_proj_i8.narrow` | attn_proj_i8.narrow | int8 | `(6144, 1024)` | 31.468781 | 990.276392 | 0.0130 | 0.0395 | 0.0000 | dense_balanced |
| `block_025.slot_07.block_norm` | block_norm | f32 | `(6144,)` | 1.574564 | 0.093191 | 0.0000 | 0.0000 | 0.0057 | dense_balanced |
| `block_025.slot_08.block_norm` | block_norm | f32 | `(6144,)` | 1.699693 | 0.076994 | 0.0000 | 0.0000 | 0.0050 | dense_balanced |
| `block_025.slot_09.block_norm` | block_norm | f32 | `(6144,)` | 0.354996 | 0.001434 | 0.0000 | 0.0016 | 0.0081 | dense_balanced |
| `block_025.slot_10.block_norm` | block_norm | f32 | `(6144,)` | 3.116599 | 0.099684 | 0.0000 | 0.0000 | 0.0020 | dense_balanced |
| `block_025.slot_11.router` | router | f32 | `(6144, 8)` | 0.032181 | 0.001035 | 0.0000 | 0.0262 | 0.0003 | dense_balanced |
| `block_026.slot_00.moe_expert.gate` | moe_expert.gate | int8 | `(8, 6144, 32768)` | 33.009225 | 1089.608872 | 0.0120 | 0.0371 | 0.0000 | dense_balanced |
| `block_026.slot_01.moe_expert.down` | moe_expert.down | int8 | `(8, 32768, 6144)` | 33.982178 | 1154.777858 | 0.0115 | 0.0352 | 0.0000 | dense_balanced |
| `block_026.slot_02.moe_expert.up` | moe_expert.up | int8 | `(8, 6144, 32768)` | 33.553464 | 1125.820880 | 0.0126 | 0.0366 | 0.0000 | dense_balanced |
| `block_026.slot_03.attn_proj_i8.narrow` | attn_proj_i8.narrow | int8 | `(6144, 1024)` | 31.222015 | 974.807540 | 0.0129 | 0.0382 | 0.0000 | dense_balanced |
| `block_026.slot_04.attn_proj_i8.model_width` | attn_proj_i8.model_width | int8 | `(6144, 6144)` | 37.589824 | 1412.993531 | 0.0109 | 0.0331 | 0.0000 | dense_balanced |
| `block_026.slot_05.attn_proj_i8.model_width` | attn_proj_i8.model_width | int8 | `(6144, 6144)` | 31.856449 | 1014.831846 | 0.0131 | 0.0379 | 0.0000 | dense_balanced |
| `block_026.slot_06.attn_proj_i8.narrow` | attn_proj_i8.narrow | int8 | `(6144, 1024)` | 30.591905 | 935.858599 | 0.0141 | 0.0419 | 0.0000 | dense_balanced |
| `block_026.slot_07.block_norm` | block_norm | f32 | `(6144,)` | 0.761766 | 0.014848 | 0.0000 | 0.0000 | 0.0062 | dense_balanced |
| `block_026.slot_08.block_norm` | block_norm | f32 | `(6144,)` | 2.088587 | 0.088848 | 0.0000 | 0.0000 | 0.0041 | dense_balanced |
| `block_026.slot_09.block_norm` | block_norm | f32 | `(6144,)` | 0.548738 | 0.003169 | 0.0000 | 0.0018 | 0.0073 | dense_balanced |
| `block_026.slot_10.block_norm` | block_norm | f32 | `(6144,)` | 2.907154 | 0.083046 | 0.0000 | 0.0000 | 0.0015 | dense_balanced |
| `block_026.slot_11.router` | router | f32 | `(6144, 8)` | 0.020008 | 0.000400 | 0.0000 | 0.0397 | 0.0004 | dense_balanced |
| `block_027.slot_00.moe_expert.gate` | moe_expert.gate | int8 | `(8, 6144, 32768)` | 33.191597 | 1101.675697 | 0.0115 | 0.0359 | 0.0000 | dense_balanced |
| `block_027.slot_01.moe_expert.down` | moe_expert.down | int8 | `(8, 32768, 6144)` | 34.006404 | 1156.435150 | 0.0121 | 0.0352 | 0.0000 | dense_balanced |
| `block_027.slot_02.moe_expert.up` | moe_expert.up | int8 | `(8, 6144, 32768)` | 33.278295 | 1107.444671 | 0.0118 | 0.0370 | 0.0000 | dense_balanced |
| `block_027.slot_03.attn_proj_i8.narrow` | attn_proj_i8.narrow | int8 | `(6144, 1024)` | 31.560824 | 996.053214 | 0.0127 | 0.0384 | 0.0000 | dense_balanced |
| `block_027.slot_04.attn_proj_i8.model_width` | attn_proj_i8.model_width | int8 | `(6144, 6144)` | 37.507881 | 1406.821366 | 0.0117 | 0.0334 | 0.0000 | dense_balanced |
| `block_027.slot_05.attn_proj_i8.model_width` | attn_proj_i8.model_width | int8 | `(6144, 6144)` | 31.936754 | 1019.864571 | 0.0128 | 0.0377 | 0.0000 | dense_balanced |
| `block_027.slot_06.attn_proj_i8.narrow` | attn_proj_i8.narrow | int8 | `(6144, 1024)` | 31.553028 | 995.592784 | 0.0129 | 0.0394 | 0.0000 | dense_balanced |
| `block_027.slot_07.block_norm` | block_norm | f32 | `(6144,)` | 6.217724 | 0.952136 | 0.0000 | 0.0000 | 0.0057 | dense_balanced |
| `block_027.slot_08.block_norm` | block_norm | f32 | `(6144,)` | 2.021143 | 0.069190 | 0.0000 | 0.0000 | 0.0044 | dense_balanced |
| `block_027.slot_09.block_norm` | block_norm | f32 | `(6144,)` | 0.464693 | 0.002272 | 0.0000 | 0.0018 | 0.0070 | dense_balanced |
| `block_027.slot_10.block_norm` | block_norm | f32 | `(6144,)` | 2.986758 | 0.085072 | 0.0000 | 0.0000 | 0.0015 | dense_balanced |
| `block_027.slot_11.router` | router | f32 | `(6144, 8)` | 0.024305 | 0.000591 | 0.0000 | 0.0341 | 0.0003 | dense_balanced |
| `block_028.slot_00.moe_expert.gate` | moe_expert.gate | int8 | `(8, 6144, 32768)` | 32.709334 | 1069.794195 | 0.0122 | 0.0370 | 0.0000 | dense_balanced |
| `block_028.slot_01.moe_expert.down` | moe_expert.down | int8 | `(8, 32768, 6144)` | 33.695355 | 1135.372980 | 0.0114 | 0.0342 | 0.0000 | dense_balanced |
| `block_028.slot_02.moe_expert.up` | moe_expert.up | int8 | `(8, 6144, 32768)` | 33.466278 | 1119.991714 | 0.0116 | 0.0354 | 0.0000 | dense_balanced |
| `block_028.slot_03.attn_proj_i8.narrow` | attn_proj_i8.narrow | int8 | `(6144, 1024)` | 31.347864 | 982.672174 | 0.0135 | 0.0390 | 0.0000 | dense_balanced |
| `block_028.slot_04.attn_proj_i8.model_width` | attn_proj_i8.model_width | int8 | `(6144, 6144)` | 37.352707 | 1395.221390 | 0.0107 | 0.0336 | 0.0000 | dense_balanced |
| `block_028.slot_05.attn_proj_i8.model_width` | attn_proj_i8.model_width | int8 | `(6144, 6144)` | 31.831197 | 1013.218419 | 0.0133 | 0.0383 | 0.0000 | dense_balanced |
| `block_028.slot_06.attn_proj_i8.narrow` | attn_proj_i8.narrow | int8 | `(6144, 1024)` | 30.758718 | 946.092557 | 0.0131 | 0.0415 | 0.0000 | dense_balanced |
| `block_028.slot_07.block_norm` | block_norm | f32 | `(6144,)` | 0.609200 | 0.010880 | 0.0000 | 0.0000 | 0.0059 | dense_balanced |
| `block_028.slot_08.block_norm` | block_norm | f32 | `(6144,)` | 3.042699 | 0.137997 | 0.0000 | 0.0000 | 0.0034 | dense_balanced |
| `block_028.slot_09.block_norm` | block_norm | f32 | `(6144,)` | 3.545710 | 0.135649 | 0.0000 | 0.0008 | 0.0075 | dense_balanced |
| `block_028.slot_10.block_norm` | block_norm | f32 | `(6144,)` | 3.119395 | 0.108120 | 0.0000 | 0.0000 | 0.0016 | dense_balanced |
| `block_028.slot_11.router` | router | f32 | `(6144, 8)` | 0.003270 | 0.000011 | 0.0000 | 0.2493 | 0.0003 | dense_balanced |
| `block_029.slot_00.moe_expert.gate` | moe_expert.gate | int8 | `(8, 6144, 32768)` | 32.610141 | 1063.342560 | 0.0119 | 0.0361 | 0.0000 | dense_balanced |
| `block_029.slot_01.moe_expert.down` | moe_expert.down | int8 | `(8, 32768, 6144)` | 33.549078 | 1125.517776 | 0.0118 | 0.0363 | 0.0000 | dense_balanced |
| `block_029.slot_02.moe_expert.up` | moe_expert.up | int8 | `(8, 6144, 32768)` | 31.713710 | 1005.757739 | 0.0122 | 0.0387 | 0.0000 | dense_balanced |
| `block_029.slot_03.attn_proj_i8.narrow` | attn_proj_i8.narrow | int8 | `(6144, 1024)` | 32.849216 | 1079.030141 | 0.0120 | 0.0365 | 0.0000 | dense_balanced |
| `block_029.slot_04.attn_proj_i8.model_width` | attn_proj_i8.model_width | int8 | `(6144, 6144)` | 37.384907 | 1397.625129 | 0.0102 | 0.0325 | 0.0000 | dense_balanced |
| `block_029.slot_05.attn_proj_i8.model_width` | attn_proj_i8.model_width | int8 | `(6144, 6144)` | 32.715387 | 1070.268428 | 0.0114 | 0.0379 | 0.0000 | dense_balanced |
| `block_029.slot_06.attn_proj_i8.narrow` | attn_proj_i8.narrow | int8 | `(6144, 1024)` | 31.498431 | 992.137580 | 0.0127 | 0.0387 | 0.0000 | dense_balanced |
| `block_029.slot_07.block_norm` | block_norm | f32 | `(6144,)` | 7.120079 | 2.082098 | 0.0000 | 0.0000 | 0.0036 | dense_balanced |
| `block_029.slot_08.block_norm` | block_norm | f32 | `(6144,)` | 2.038436 | 0.042627 | 0.0000 | 0.0000 | 0.0033 | dense_balanced |
| `block_029.slot_09.block_norm` | block_norm | f32 | `(6144,)` | 0.446676 | 0.002032 | 0.0000 | 0.0013 | 0.0067 | dense_balanced |
| `block_029.slot_10.block_norm` | block_norm | f32 | `(6144,)` | 3.084083 | 0.102630 | 0.0000 | 0.0000 | 0.0020 | dense_balanced |
| `block_029.slot_11.router` | router | f32 | `(6144, 8)` | 0.026189 | 0.000686 | 0.0000 | 0.0314 | 0.0006 | dense_balanced |
| `block_030.slot_00.moe_expert.gate` | moe_expert.gate | int8 | `(8, 6144, 32768)` | 33.169014 | 1100.178895 | 0.0124 | 0.0364 | 0.0000 | dense_balanced |
| `block_030.slot_01.moe_expert.down` | moe_expert.down | int8 | `(8, 32768, 6144)` | 34.691678 | 1203.506977 | 0.0117 | 0.0356 | 0.0000 | dense_balanced |
| `block_030.slot_02.moe_expert.up` | moe_expert.up | int8 | `(8, 6144, 32768)` | 32.861512 | 1079.831768 | 0.0130 | 0.0372 | 0.0000 | dense_balanced |
| `block_030.slot_03.attn_proj_i8.narrow` | attn_proj_i8.narrow | int8 | `(6144, 1024)` | 28.436102 | 808.608823 | 0.0148 | 0.0446 | 0.0000 | dense_balanced |
| `block_030.slot_04.attn_proj_i8.model_width` | attn_proj_i8.model_width | int8 | `(6144, 6144)` | 36.015788 | 1297.082131 | 0.0117 | 0.0356 | 0.0000 | dense_balanced |
| `block_030.slot_05.attn_proj_i8.model_width` | attn_proj_i8.model_width | int8 | `(6144, 6144)` | 28.410188 | 807.136153 | 0.0148 | 0.0464 | 0.0000 | dense_balanced |
| `block_030.slot_06.attn_proj_i8.narrow` | attn_proj_i8.narrow | int8 | `(6144, 1024)` | 29.626657 | 877.734558 | 0.0146 | 0.0436 | 0.0000 | dense_balanced |
| `block_030.slot_07.block_norm` | block_norm | f32 | `(6144,)` | 0.527965 | 0.013926 | 0.0000 | 0.0000 | 0.0044 | dense_balanced |
| `block_030.slot_08.block_norm` | block_norm | f32 | `(6144,)` | 2.070368 | 0.090544 | 0.0000 | 0.0000 | 0.0011 | dense_balanced |
| `block_030.slot_09.block_norm` | block_norm | f32 | `(6144,)` | 0.445285 | 0.001951 | 0.0000 | 0.0013 | 0.0067 | dense_balanced |
| `block_030.slot_10.block_norm` | block_norm | f32 | `(6144,)` | 2.940360 | 0.100486 | 0.0000 | 0.0000 | 0.0016 | dense_balanced |
| `block_030.slot_11.router` | router | f32 | `(6144, 8)` | 0.025977 | 0.000675 | 0.0000 | 0.0323 | 0.0004 | dense_balanced |
| `block_031.slot_00.moe_expert.gate` | moe_expert.gate | int8 | `(8, 6144, 32768)` | 32.840502 | 1078.489407 | 0.0123 | 0.0362 | 0.0000 | dense_balanced |
| `block_031.slot_01.moe_expert.down` | moe_expert.down | int8 | `(8, 32768, 6144)` | 33.701805 | 1135.810939 | 0.0125 | 0.0364 | 0.0000 | dense_balanced |
| `block_031.slot_02.moe_expert.up` | moe_expert.up | int8 | `(8, 6144, 32768)` | 33.720571 | 1137.053117 | 0.0121 | 0.0367 | 0.0000 | dense_balanced |
| `block_031.slot_03.attn_proj_i8.narrow` | attn_proj_i8.narrow | int8 | `(6144, 1024)` | 32.591082 | 1062.161693 | 0.0120 | 0.0376 | 0.0000 | dense_balanced |
| `block_031.slot_04.attn_proj_i8.model_width` | attn_proj_i8.model_width | int8 | `(6144, 6144)` | 37.020519 | 1370.518353 | 0.0105 | 0.0327 | 0.0000 | dense_balanced |
| `block_031.slot_05.attn_proj_i8.model_width` | attn_proj_i8.model_width | int8 | `(6144, 6144)` | 32.548673 | 1059.395657 | 0.0129 | 0.0385 | 0.0000 | dense_balanced |
| `block_031.slot_06.attn_proj_i8.narrow` | attn_proj_i8.narrow | int8 | `(6144, 1024)` | 31.143208 | 969.898900 | 0.0131 | 0.0408 | 0.0000 | dense_balanced |
| `block_031.slot_07.block_norm` | block_norm | f32 | `(6144,)` | 0.922324 | 0.054571 | 0.0000 | 0.0000 | 0.0049 | dense_balanced |
| `block_031.slot_08.block_norm` | block_norm | f32 | `(6144,)` | 1.600867 | 0.097658 | 0.0000 | 0.0000 | 0.0039 | dense_balanced |
| `block_031.slot_09.block_norm` | block_norm | f32 | `(6144,)` | 0.451194 | 0.002105 | 0.0000 | 0.0013 | 0.0067 | dense_balanced |
| `block_031.slot_10.block_norm` | block_norm | f32 | `(6144,)` | 3.296688 | 0.129418 | 0.0000 | 0.0000 | 0.0020 | dense_balanced |
| `block_031.slot_11.router` | router | f32 | `(6144, 8)` | 0.026162 | 0.000684 | 0.0000 | 0.0335 | 0.0006 | dense_balanced |
| `block_032.slot_00.moe_expert.gate` | moe_expert.gate | int8 | `(8, 6144, 32768)` | 33.562687 | 1126.452869 | 0.0114 | 0.0353 | 0.0000 | dense_balanced |
| `block_032.slot_01.moe_expert.down` | moe_expert.down | int8 | `(8, 32768, 6144)` | 33.710673 | 1136.409197 | 0.0118 | 0.0356 | 0.0000 | dense_balanced |
| `block_032.slot_02.moe_expert.up` | moe_expert.up | int8 | `(8, 6144, 32768)` | 33.645763 | 1132.035079 | 0.0123 | 0.0354 | 0.0000 | dense_balanced |
| `block_032.slot_03.attn_proj_i8.narrow` | attn_proj_i8.narrow | int8 | `(6144, 1024)` | 31.235135 | 975.632119 | 0.0130 | 0.0389 | 0.0000 | dense_balanced |
| `block_032.slot_04.attn_proj_i8.model_width` | attn_proj_i8.model_width | int8 | `(6144, 6144)` | 36.967921 | 1366.556114 | 0.0115 | 0.0340 | 0.0000 | dense_balanced |
| `block_032.slot_05.attn_proj_i8.model_width` | attn_proj_i8.model_width | int8 | `(6144, 6144)` | 32.657819 | 1066.532132 | 0.0119 | 0.0362 | 0.0000 | dense_balanced |
| `block_032.slot_06.attn_proj_i8.narrow` | attn_proj_i8.narrow | int8 | `(6144, 1024)` | 32.421304 | 1051.122900 | 0.0126 | 0.0385 | 0.0000 | dense_balanced |
| `block_032.slot_07.block_norm` | block_norm | f32 | `(6144,)` | 0.626620 | 0.013691 | 0.0000 | 0.0000 | 0.0081 | dense_balanced |
| `block_032.slot_08.block_norm` | block_norm | f32 | `(6144,)` | 2.319142 | 0.064320 | 0.0000 | 0.0000 | 0.0046 | dense_balanced |
| `block_032.slot_09.block_norm` | block_norm | f32 | `(6144,)` | 0.289386 | 0.000875 | 0.0000 | 0.0015 | 0.0073 | dense_balanced |
| `block_032.slot_10.block_norm` | block_norm | f32 | `(6144,)` | 3.481169 | 0.165893 | 0.0000 | 0.0000 | 0.0026 | dense_balanced |
| `block_032.slot_11.router` | router | f32 | `(6144, 8)` | 0.038671 | 0.001495 | 0.0000 | 0.0225 | 0.0003 | dense_balanced |
| `block_033.slot_00.moe_expert.gate` | moe_expert.gate | int8 | `(8, 6144, 32768)` | 33.224166 | 1103.799511 | 0.0117 | 0.0354 | 0.0000 | dense_balanced |
| `block_033.slot_01.moe_expert.down` | moe_expert.down | int8 | `(8, 32768, 6144)` | 33.118109 | 1096.803748 | 0.0121 | 0.0367 | 0.0000 | dense_balanced |
| `block_033.slot_02.moe_expert.up` | moe_expert.up | int8 | `(8, 6144, 32768)` | 32.663328 | 1066.887302 | 0.0121 | 0.0373 | 0.0000 | dense_balanced |
| `block_033.slot_03.attn_proj_i8.narrow` | attn_proj_i8.narrow | int8 | `(6144, 1024)` | 32.201302 | 1036.922095 | 0.0128 | 0.0384 | 0.0000 | dense_balanced |
| `block_033.slot_04.attn_proj_i8.model_width` | attn_proj_i8.model_width | int8 | `(6144, 6144)` | 36.690789 | 1346.135586 | 0.0117 | 0.0336 | 0.0000 | dense_balanced |
| `block_033.slot_05.attn_proj_i8.model_width` | attn_proj_i8.model_width | int8 | `(6144, 6144)` | 31.044045 | 963.730020 | 0.0140 | 0.0405 | 0.0000 | dense_balanced |
| `block_033.slot_06.attn_proj_i8.narrow` | attn_proj_i8.narrow | int8 | `(6144, 1024)` | 30.142169 | 908.546689 | 0.0137 | 0.0422 | 0.0000 | dense_balanced |
| `block_033.slot_07.block_norm` | block_norm | f32 | `(6144,)` | 0.406750 | 0.008568 | 0.0000 | 0.0000 | 0.0059 | dense_balanced |
| `block_033.slot_08.block_norm` | block_norm | f32 | `(6144,)` | 2.356806 | 0.078375 | 0.0000 | 0.0000 | 0.0033 | dense_balanced |
| `block_033.slot_09.block_norm` | block_norm | f32 | `(6144,)` | 0.405878 | 0.001607 | 0.0000 | 0.0007 | 0.0065 | dense_balanced |
| `block_033.slot_10.block_norm` | block_norm | f32 | `(6144,)` | 3.663123 | 0.179585 | 0.0000 | 0.0000 | 0.0024 | dense_balanced |
| `block_033.slot_11.router` | router | f32 | `(6144, 8)` | 0.028646 | 0.000820 | 0.0000 | 0.0300 | 0.0005 | dense_balanced |
| `block_034.slot_00.moe_expert.gate` | moe_expert.gate | int8 | `(8, 6144, 32768)` | 32.871338 | 1080.524418 | 0.0117 | 0.0362 | 0.0000 | dense_balanced |
| `block_034.slot_01.moe_expert.down` | moe_expert.down | int8 | `(8, 32768, 6144)` | 34.073878 | 1161.027049 | 0.0114 | 0.0346 | 0.0000 | dense_balanced |
| `block_034.slot_02.moe_expert.up` | moe_expert.up | int8 | `(8, 6144, 32768)` | 33.095726 | 1095.283608 | 0.0119 | 0.0361 | 0.0000 | dense_balanced |
| `block_034.slot_03.attn_proj_i8.narrow` | attn_proj_i8.narrow | int8 | `(6144, 1024)` | 30.671919 | 940.747470 | 0.0133 | 0.0405 | 0.0000 | dense_balanced |
| `block_034.slot_04.attn_proj_i8.model_width` | attn_proj_i8.model_width | int8 | `(6144, 6144)` | 37.533975 | 1408.547543 | 0.0113 | 0.0328 | 0.0000 | dense_balanced |
| `block_034.slot_05.attn_proj_i8.model_width` | attn_proj_i8.model_width | int8 | `(6144, 6144)` | 31.221682 | 974.791314 | 0.0132 | 0.0388 | 0.0000 | dense_balanced |
| `block_034.slot_06.attn_proj_i8.narrow` | attn_proj_i8.narrow | int8 | `(6144, 1024)` | 32.674037 | 1067.587626 | 0.0125 | 0.0381 | 0.0000 | dense_balanced |
| `block_034.slot_07.block_norm` | block_norm | f32 | `(6144,)` | 0.400159 | 0.004272 | 0.0000 | 0.0000 | 0.0000 | dense_balanced |
| `block_034.slot_08.block_norm` | block_norm | f32 | `(6144,)` | 0.369949 | 0.020188 | 0.0000 | 0.0003 | 0.0037 | dense_balanced |
| `block_034.slot_09.block_norm` | block_norm | f32 | `(6144,)` | 0.767153 | 0.038783 | 0.0000 | 0.0041 | 0.0000 | dense_balanced |
| `block_034.slot_10.block_norm` | block_norm | f32 | `(6144,)` | 0.597203 | 0.040077 | 0.0000 | 0.0000 | 0.0010 | dense_balanced |
| `block_034.slot_11.router` | router | f32 | `(6144, 8)` | 0.018766 | 0.000352 | 0.0000 | 0.0466 | 0.0015 | dense_balanced |
| `block_035.slot_00.moe_expert.gate` | moe_expert.gate | int8 | `(8, 6144, 32768)` | 32.740074 | 1071.912033 | 0.0122 | 0.0373 | 0.0000 | dense_balanced |
| `block_035.slot_01.moe_expert.down` | moe_expert.down | int8 | `(8, 32768, 6144)` | 33.887237 | 1148.343917 | 0.0112 | 0.0342 | 0.0000 | dense_balanced |
| `block_035.slot_02.moe_expert.up` | moe_expert.up | int8 | `(8, 6144, 32768)` | 33.334665 | 1111.140724 | 0.0127 | 0.0367 | 0.0000 | dense_balanced |
| `block_035.slot_03.attn_proj_i8.narrow` | attn_proj_i8.narrow | int8 | `(6144, 1024)` | 31.989090 | 1023.301698 | 0.0139 | 0.0389 | 0.0000 | dense_balanced |
| `block_035.slot_04.attn_proj_i8.model_width` | attn_proj_i8.model_width | int8 | `(6144, 6144)` | 37.123671 | 1378.121057 | 0.0112 | 0.0348 | 0.0000 | dense_balanced |
| `block_035.slot_05.attn_proj_i8.model_width` | attn_proj_i8.model_width | int8 | `(6144, 6144)` | 32.540564 | 1058.876578 | 0.0127 | 0.0387 | 0.0000 | dense_balanced |
| `block_035.slot_06.attn_proj_i8.narrow` | attn_proj_i8.narrow | int8 | `(6144, 1024)` | 32.511483 | 1056.959908 | 0.0135 | 0.0391 | 0.0000 | dense_balanced |
| `block_035.slot_07.block_norm` | block_norm | f32 | `(6144,)` | 1.274332 | 0.112892 | 0.0000 | 0.0000 | 0.0073 | dense_balanced |
| `block_035.slot_08.block_norm` | block_norm | f32 | `(6144,)` | 1.854669 | 0.107690 | 0.0000 | 0.0000 | 0.0050 | dense_balanced |
| `block_035.slot_09.block_norm` | block_norm | f32 | `(6144,)` | 0.701733 | 0.005159 | 0.0000 | 0.0015 | 0.0065 | dense_balanced |
| `block_035.slot_10.block_norm` | block_norm | f32 | `(6144,)` | 3.507635 | 0.182671 | 0.0000 | 0.0000 | 0.0023 | dense_balanced |
| `block_035.slot_11.router` | router | f32 | `(6144, 8)` | 0.016309 | 0.000266 | 0.0000 | 0.0531 | 0.0004 | dense_balanced |
| `block_036.slot_00.moe_expert.gate` | moe_expert.gate | int8 | `(8, 6144, 32768)` | 33.232890 | 1104.424965 | 0.0113 | 0.0354 | 0.0000 | dense_balanced |
| `block_036.slot_01.moe_expert.down` | moe_expert.down | int8 | `(8, 32768, 6144)` | 34.058352 | 1159.971316 | 0.0124 | 0.0354 | 0.0000 | dense_balanced |
| `block_036.slot_02.moe_expert.up` | moe_expert.up | int8 | `(8, 6144, 32768)` | 32.889960 | 1081.749481 | 0.0125 | 0.0363 | 0.0000 | dense_balanced |
| `block_036.slot_03.attn_proj_i8.narrow` | attn_proj_i8.narrow | int8 | `(6144, 1024)` | 31.825016 | 1012.831081 | 0.0130 | 0.0381 | 0.0000 | dense_balanced |
| `block_036.slot_04.attn_proj_i8.model_width` | attn_proj_i8.model_width | int8 | `(6144, 6144)` | 37.358896 | 1395.671387 | 0.0108 | 0.0332 | 0.0000 | dense_balanced |
| `block_036.slot_05.attn_proj_i8.model_width` | attn_proj_i8.model_width | int8 | `(6144, 6144)` | 32.599921 | 1062.754791 | 0.0126 | 0.0368 | 0.0000 | dense_balanced |
| `block_036.slot_06.attn_proj_i8.narrow` | attn_proj_i8.narrow | int8 | `(6144, 1024)` | 30.614120 | 937.223868 | 0.0135 | 0.0403 | 0.0000 | dense_balanced |
| `block_036.slot_07.block_norm` | block_norm | f32 | `(6144,)` | 0.776642 | 0.023329 | 0.0000 | 0.0000 | 0.0063 | dense_balanced |
| `block_036.slot_08.block_norm` | block_norm | f32 | `(6144,)` | 2.923167 | 0.118768 | 0.0000 | 0.0000 | 0.0047 | dense_balanced |
| `block_036.slot_09.block_norm` | block_norm | f32 | `(6144,)` | 0.570650 | 0.003437 | 0.0000 | 0.0016 | 0.0063 | dense_balanced |
| `block_036.slot_10.block_norm` | block_norm | f32 | `(6144,)` | 3.524575 | 0.195974 | 0.0000 | 0.0000 | 0.0021 | dense_balanced |
| `block_036.slot_11.router` | router | f32 | `(6144, 8)` | 0.019277 | 0.000371 | 0.0000 | 0.0458 | 0.0003 | dense_balanced |
| `block_037.slot_00.moe_expert.gate` | moe_expert.gate | int8 | `(8, 6144, 32768)` | 32.918050 | 1083.595682 | 0.0122 | 0.0370 | 0.0000 | dense_balanced |
| `block_037.slot_01.moe_expert.down` | moe_expert.down | int8 | `(8, 32768, 6144)` | 33.844266 | 1145.363129 | 0.0117 | 0.0344 | 0.0000 | dense_balanced |
| `block_037.slot_02.moe_expert.up` | moe_expert.up | int8 | `(8, 6144, 32768)` | 32.984137 | 1087.952708 | 0.0128 | 0.0376 | 0.0000 | dense_balanced |
| `block_037.slot_03.attn_proj_i8.narrow` | attn_proj_i8.narrow | int8 | `(6144, 1024)` | 31.517117 | 993.328596 | 0.0127 | 0.0385 | 0.0000 | dense_balanced |
| `block_037.slot_04.attn_proj_i8.model_width` | attn_proj_i8.model_width | int8 | `(6144, 6144)` | 37.257949 | 1388.101697 | 0.0117 | 0.0341 | 0.0000 | dense_balanced |
| `block_037.slot_05.attn_proj_i8.model_width` | attn_proj_i8.model_width | int8 | `(6144, 6144)` | 31.820096 | 1012.502853 | 0.0130 | 0.0385 | 0.0000 | dense_balanced |
| `block_037.slot_06.attn_proj_i8.narrow` | attn_proj_i8.narrow | int8 | `(6144, 1024)` | 31.663544 | 1002.579803 | 0.0132 | 0.0409 | 0.0000 | dense_balanced |
| `block_037.slot_07.block_norm` | block_norm | f32 | `(6144,)` | 0.613879 | 0.018616 | 0.0000 | 0.0000 | 0.0049 | dense_balanced |
| `block_037.slot_08.block_norm` | block_norm | f32 | `(6144,)` | 2.148947 | 0.120943 | 0.0000 | 0.0000 | 0.0015 | dense_balanced |
| `block_037.slot_09.block_norm` | block_norm | f32 | `(6144,)` | 0.383154 | 0.001583 | 0.0000 | 0.0018 | 0.0060 | dense_balanced |
| `block_037.slot_10.block_norm` | block_norm | f32 | `(6144,)` | 3.401030 | 0.189905 | 0.0000 | 0.0000 | 0.0021 | dense_balanced |
| `block_037.slot_11.router` | router | f32 | `(6144, 8)` | 0.029251 | 0.000855 | 0.0000 | 0.0286 | 0.0003 | dense_balanced |
| `block_038.slot_00.moe_expert.gate` | moe_expert.gate | int8 | `(8, 6144, 32768)` | 33.378543 | 1114.053846 | 0.0120 | 0.0361 | 0.0000 | dense_balanced |
| `block_038.slot_01.moe_expert.down` | moe_expert.down | int8 | `(8, 32768, 6144)` | 34.013576 | 1156.922783 | 0.0118 | 0.0357 | 0.0000 | dense_balanced |
| `block_038.slot_02.moe_expert.up` | moe_expert.up | int8 | `(8, 6144, 32768)` | 33.776695 | 1140.852298 | 0.0119 | 0.0346 | 0.0000 | dense_balanced |
| `block_038.slot_03.attn_proj_i8.narrow` | attn_proj_i8.narrow | int8 | `(6144, 1024)` | 30.887481 | 954.010238 | 0.0132 | 0.0408 | 0.0000 | dense_balanced |
| `block_038.slot_04.attn_proj_i8.model_width` | attn_proj_i8.model_width | int8 | `(6144, 6144)` | 36.526595 | 1334.182922 | 0.0119 | 0.0348 | 0.0000 | dense_balanced |
| `block_038.slot_05.attn_proj_i8.model_width` | attn_proj_i8.model_width | int8 | `(6144, 6144)` | 31.966649 | 1021.846181 | 0.0128 | 0.0383 | 0.0000 | dense_balanced |
| `block_038.slot_06.attn_proj_i8.narrow` | attn_proj_i8.narrow | int8 | `(6144, 1024)` | 30.921285 | 956.120966 | 0.0140 | 0.0409 | 0.0000 | dense_balanced |
| `block_038.slot_07.block_norm` | block_norm | f32 | `(6144,)` | 0.764259 | 0.026122 | 0.0000 | 0.0000 | 0.0057 | dense_balanced |
| `block_038.slot_08.block_norm` | block_norm | f32 | `(6144,)` | 2.569559 | 0.094045 | 0.0000 | 0.0000 | 0.0036 | dense_balanced |
| `block_038.slot_09.block_norm` | block_norm | f32 | `(6144,)` | 2.318477 | 0.056854 | 0.0000 | 0.0010 | 0.0057 | dense_balanced |
| `block_038.slot_10.block_norm` | block_norm | f32 | `(6144,)` | 3.740998 | 0.226490 | 0.0000 | 0.0000 | 0.0028 | dense_balanced |
| `block_038.slot_11.router` | router | f32 | `(6144, 8)` | 0.004856 | 0.000024 | 0.0000 | 0.1741 | 0.0005 | dense_balanced |
| `block_039.slot_00.moe_expert.gate` | moe_expert.gate | int8 | `(8, 6144, 32768)` | 32.394549 | 1049.401804 | 0.0129 | 0.0383 | 0.0000 | dense_balanced |
| `block_039.slot_01.moe_expert.down` | moe_expert.down | int8 | `(8, 32768, 6144)` | 34.077679 | 1161.288130 | 0.0116 | 0.0346 | 0.0000 | dense_balanced |
| `block_039.slot_02.moe_expert.up` | moe_expert.up | int8 | `(8, 6144, 32768)` | 31.923080 | 1019.082751 | 0.0126 | 0.0385 | 0.0000 | dense_balanced |
| `block_039.slot_03.attn_proj_i8.narrow` | attn_proj_i8.narrow | int8 | `(6144, 1024)` | 32.251104 | 1040.133652 | 0.0120 | 0.0376 | 0.0000 | dense_balanced |
| `block_039.slot_04.attn_proj_i8.model_width` | attn_proj_i8.model_width | int8 | `(6144, 6144)` | 37.147394 | 1379.923482 | 0.0113 | 0.0337 | 0.0000 | dense_balanced |
| `block_039.slot_05.attn_proj_i8.model_width` | attn_proj_i8.model_width | int8 | `(6144, 6144)` | 32.191802 | 1036.300926 | 0.0124 | 0.0380 | 0.0000 | dense_balanced |
| `block_039.slot_06.attn_proj_i8.narrow` | attn_proj_i8.narrow | int8 | `(6144, 1024)` | 30.488557 | 929.506067 | 0.0149 | 0.0424 | 0.0000 | dense_balanced |
| `block_039.slot_07.block_norm` | block_norm | f32 | `(6144,)` | 1.686280 | 0.242475 | 0.0000 | 0.0000 | 0.0055 | dense_balanced |
| `block_039.slot_08.block_norm` | block_norm | f32 | `(6144,)` | 3.901183 | 0.295706 | 0.0000 | 0.0000 | 0.0028 | dense_balanced |
| `block_039.slot_09.block_norm` | block_norm | f32 | `(6144,)` | 0.398533 | 0.001646 | 0.0000 | 0.0015 | 0.0060 | dense_balanced |
| `block_039.slot_10.block_norm` | block_norm | f32 | `(6144,)` | 3.693985 | 0.221936 | 0.0000 | 0.0000 | 0.0036 | dense_balanced |
| `block_039.slot_11.router` | router | f32 | `(6144, 8)` | 0.028070 | 0.000788 | 0.0000 | 0.0304 | 0.0005 | dense_balanced |
| `block_040.slot_00.moe_expert.gate` | moe_expert.gate | int8 | `(8, 6144, 32768)` | 32.549828 | 1059.491199 | 0.0125 | 0.0381 | 0.0000 | dense_balanced |
| `block_040.slot_01.moe_expert.down` | moe_expert.down | int8 | `(8, 32768, 6144)` | 34.186607 | 1168.723584 | 0.0119 | 0.0346 | 0.0000 | dense_balanced |
| `block_040.slot_02.moe_expert.up` | moe_expert.up | int8 | `(8, 6144, 32768)` | 32.950777 | 1085.752754 | 0.0125 | 0.0378 | 0.0000 | dense_balanced |
| `block_040.slot_03.attn_proj_i8.narrow` | attn_proj_i8.narrow | int8 | `(6144, 1024)` | 31.761022 | 1008.753325 | 0.0134 | 0.0399 | 0.0000 | dense_balanced |
| `block_040.slot_04.attn_proj_i8.model_width` | attn_proj_i8.model_width | int8 | `(6144, 6144)` | 37.275284 | 1389.446497 | 0.0112 | 0.0334 | 0.0000 | dense_balanced |
| `block_040.slot_05.attn_proj_i8.model_width` | attn_proj_i8.model_width | int8 | `(6144, 6144)` | 30.883034 | 953.760162 | 0.0125 | 0.0386 | 0.0000 | dense_balanced |
| `block_040.slot_06.attn_proj_i8.narrow` | attn_proj_i8.narrow | int8 | `(6144, 1024)` | 30.649099 | 939.364603 | 0.0148 | 0.0420 | 0.0000 | dense_balanced |
| `block_040.slot_07.block_norm` | block_norm | f32 | `(6144,)` | 0.301616 | 0.007211 | 0.0000 | 0.0000 | 0.0067 | dense_balanced |
| `block_040.slot_08.block_norm` | block_norm | f32 | `(6144,)` | 1.817321 | 0.119264 | 0.0000 | 0.0000 | 0.0046 | dense_balanced |
| `block_040.slot_09.block_norm` | block_norm | f32 | `(6144,)` | 0.400808 | 0.001609 | 0.0000 | 0.0013 | 0.0055 | dense_balanced |
| `block_040.slot_10.block_norm` | block_norm | f32 | `(6144,)` | 3.988266 | 0.261965 | 0.0000 | 0.0000 | 0.0033 | dense_balanced |
| `block_040.slot_11.router` | router | f32 | `(6144, 8)` | 0.028219 | 0.000796 | 0.0000 | 0.0311 | 0.0005 | dense_balanced |
| `block_041.slot_00.moe_expert.gate` | moe_expert.gate | int8 | `(8, 6144, 32768)` | 33.511835 | 1123.040789 | 0.0123 | 0.0357 | 0.0000 | dense_balanced |
| `block_041.slot_01.moe_expert.down` | moe_expert.down | int8 | `(8, 32768, 6144)` | 34.141181 | 1165.614214 | 0.0120 | 0.0357 | 0.0000 | dense_balanced |
| `block_041.slot_02.moe_expert.up` | moe_expert.up | int8 | `(8, 6144, 32768)` | 33.681476 | 1134.433585 | 0.0113 | 0.0349 | 0.0000 | dense_balanced |
| `block_041.slot_03.attn_proj_i8.narrow` | attn_proj_i8.narrow | int8 | `(6144, 1024)` | 32.143039 | 1033.166162 | 0.0127 | 0.0378 | 0.0000 | dense_balanced |
| `block_041.slot_04.attn_proj_i8.model_width` | attn_proj_i8.model_width | int8 | `(6144, 6144)` | 37.249191 | 1387.448893 | 0.0110 | 0.0336 | 0.0000 | dense_balanced |
| `block_041.slot_05.attn_proj_i8.model_width` | attn_proj_i8.model_width | int8 | `(6144, 6144)` | 31.688565 | 1004.117145 | 0.0128 | 0.0391 | 0.0000 | dense_balanced |
| `block_041.slot_06.attn_proj_i8.narrow` | attn_proj_i8.narrow | int8 | `(6144, 1024)` | 30.860332 | 952.311492 | 0.0141 | 0.0407 | 0.0000 | dense_balanced |
| `block_041.slot_07.block_norm` | block_norm | f32 | `(6144,)` | 0.825750 | 0.047193 | 0.0000 | 0.0000 | 0.0063 | dense_balanced |
| `block_041.slot_08.block_norm` | block_norm | f32 | `(6144,)` | 2.910306 | 0.120362 | 0.0000 | 0.0000 | 0.0039 | dense_balanced |
| `block_041.slot_09.block_norm` | block_norm | f32 | `(6144,)` | 1.055640 | 0.011953 | 0.0000 | 0.0013 | 0.0055 | dense_balanced |
| `block_041.slot_10.block_norm` | block_norm | f32 | `(6144,)` | 3.963928 | 0.253024 | 0.0000 | 0.0000 | 0.0024 | dense_balanced |
| `block_041.slot_11.router` | router | f32 | `(6144, 8)` | 0.010603 | 0.000112 | 0.0000 | 0.0829 | 0.0004 | dense_balanced |
| `block_042.slot_00.moe_expert.gate` | moe_expert.gate | int8 | `(8, 6144, 32768)` | 32.189687 | 1036.170243 | 0.0134 | 0.0385 | 0.0000 | dense_balanced |
| `block_042.slot_01.moe_expert.down` | moe_expert.down | int8 | `(8, 32768, 6144)` | 33.708219 | 1136.240204 | 0.0117 | 0.0362 | 0.0000 | dense_balanced |
| `block_042.slot_02.moe_expert.up` | moe_expert.up | int8 | `(8, 6144, 32768)` | 33.225455 | 1103.899668 | 0.0119 | 0.0361 | 0.0000 | dense_balanced |
| `block_042.slot_03.attn_proj_i8.narrow` | attn_proj_i8.narrow | int8 | `(6144, 1024)` | 32.182528 | 1035.714904 | 0.0129 | 0.0377 | 0.0000 | dense_balanced |
| `block_042.slot_04.attn_proj_i8.model_width` | attn_proj_i8.model_width | int8 | `(6144, 6144)` | 37.260405 | 1388.316872 | 0.0111 | 0.0337 | 0.0000 | dense_balanced |
| `block_042.slot_05.attn_proj_i8.model_width` | attn_proj_i8.model_width | int8 | `(6144, 6144)` | 32.576839 | 1061.250383 | 0.0130 | 0.0379 | 0.0000 | dense_balanced |
| `block_042.slot_06.attn_proj_i8.narrow` | attn_proj_i8.narrow | int8 | `(6144, 1024)` | 30.559880 | 933.889196 | 0.0141 | 0.0416 | 0.0000 | dense_balanced |
| `block_042.slot_07.block_norm` | block_norm | f32 | `(6144,)` | 0.581318 | 0.024264 | 0.0000 | 0.0000 | 0.0063 | dense_balanced |
| `block_042.slot_08.block_norm` | block_norm | f32 | `(6144,)` | 3.910948 | 0.315171 | 0.0000 | 0.0000 | 0.0010 | dense_balanced |
| `block_042.slot_09.block_norm` | block_norm | f32 | `(6144,)` | 1.419465 | 0.022559 | 0.0000 | 0.0011 | 0.0054 | dense_balanced |
| `block_042.slot_10.block_norm` | block_norm | f32 | `(6144,)` | 4.204409 | 0.311208 | 0.0000 | 0.0000 | 0.0034 | dense_balanced |
| `block_042.slot_11.router` | router | f32 | `(6144, 8)` | 0.007485 | 0.000056 | 0.0000 | 0.1140 | 0.0002 | dense_balanced |
| `block_043.slot_00.moe_expert.gate` | moe_expert.gate | int8 | `(8, 6144, 32768)` | 33.181939 | 1101.034462 | 0.0125 | 0.0362 | 0.0000 | dense_balanced |
| `block_043.slot_01.moe_expert.down` | moe_expert.down | int8 | `(8, 32768, 6144)` | 34.041716 | 1158.838205 | 0.0122 | 0.0362 | 0.0000 | dense_balanced |
| `block_043.slot_02.moe_expert.up` | moe_expert.up | int8 | `(8, 6144, 32768)` | 32.915604 | 1083.436708 | 0.0121 | 0.0361 | 0.0000 | dense_balanced |
| `block_043.slot_03.attn_proj_i8.narrow` | attn_proj_i8.narrow | int8 | `(6144, 1024)` | 30.352935 | 921.300191 | 0.0136 | 0.0409 | 0.0000 | dense_balanced |
| `block_043.slot_04.attn_proj_i8.model_width` | attn_proj_i8.model_width | int8 | `(6144, 6144)` | 36.780147 | 1352.774710 | 0.0120 | 0.0347 | 0.0000 | dense_balanced |
| `block_043.slot_05.attn_proj_i8.model_width` | attn_proj_i8.model_width | int8 | `(6144, 6144)` | 30.290484 | 917.385420 | 0.0135 | 0.0404 | 0.0000 | dense_balanced |
| `block_043.slot_06.attn_proj_i8.narrow` | attn_proj_i8.narrow | int8 | `(6144, 1024)` | 30.424474 | 925.640399 | 0.0137 | 0.0403 | 0.0000 | dense_balanced |
| `block_043.slot_07.block_norm` | block_norm | f32 | `(6144,)` | 0.448308 | 0.015264 | 0.0000 | 0.0000 | 0.0041 | dense_balanced |
| `block_043.slot_08.block_norm` | block_norm | f32 | `(6144,)` | 1.853058 | 0.134796 | 0.0000 | 0.0000 | 0.0031 | dense_balanced |
| `block_043.slot_09.block_norm` | block_norm | f32 | `(6144,)` | 0.709401 | 0.005794 | 0.0000 | 0.0013 | 0.0052 | dense_balanced |
| `block_043.slot_10.block_norm` | block_norm | f32 | `(6144,)` | 4.381602 | 0.371107 | 0.0000 | 0.0000 | 0.0033 | dense_balanced |
| `block_043.slot_11.router` | router | f32 | `(6144, 8)` | 0.014624 | 0.000214 | 0.0000 | 0.0603 | 0.0001 | dense_balanced |
| `block_044.slot_00.moe_expert.gate` | moe_expert.gate | int8 | `(8, 6144, 32768)` | 33.025741 | 1090.696811 | 0.0129 | 0.0382 | 0.0000 | dense_balanced |
| `block_044.slot_01.moe_expert.down` | moe_expert.down | int8 | `(8, 32768, 6144)` | 33.686939 | 1134.785747 | 0.0114 | 0.0348 | 0.0000 | dense_balanced |
| `block_044.slot_02.moe_expert.up` | moe_expert.up | int8 | `(8, 6144, 32768)` | 32.810139 | 1076.434400 | 0.0125 | 0.0373 | 0.0000 | dense_balanced |
| `block_044.slot_03.attn_proj_i8.narrow` | attn_proj_i8.narrow | int8 | `(6144, 1024)` | 32.179887 | 1035.542647 | 0.0127 | 0.0381 | 0.0000 | dense_balanced |
| `block_044.slot_04.attn_proj_i8.model_width` | attn_proj_i8.model_width | int8 | `(6144, 6144)` | 37.157718 | 1380.681641 | 0.0112 | 0.0344 | 0.0000 | dense_balanced |
| `block_044.slot_05.attn_proj_i8.model_width` | attn_proj_i8.model_width | int8 | `(6144, 6144)` | 31.587697 | 997.781988 | 0.0137 | 0.0397 | 0.0000 | dense_balanced |
| `block_044.slot_06.attn_proj_i8.narrow` | attn_proj_i8.narrow | int8 | `(6144, 1024)` | 29.737431 | 884.314160 | 0.0147 | 0.0441 | 0.0000 | dense_balanced |
| `block_044.slot_07.block_norm` | block_norm | f32 | `(6144,)` | 1.287839 | 0.089762 | 0.0000 | 0.0000 | 0.0063 | dense_balanced |
| `block_044.slot_08.block_norm` | block_norm | f32 | `(6144,)` | 3.046447 | 0.147533 | 0.0000 | 0.0000 | 0.0031 | dense_balanced |
| `block_044.slot_09.block_norm` | block_norm | f32 | `(6144,)` | 0.614603 | 0.004229 | 0.0000 | 0.0013 | 0.0047 | dense_balanced |
| `block_044.slot_10.block_norm` | block_norm | f32 | `(6144,)` | 4.599718 | 0.388508 | 0.0000 | 0.0000 | 0.0039 | dense_balanced |
| `block_044.slot_11.router` | router | f32 | `(6144, 8)` | 0.016473 | 0.000271 | 0.0000 | 0.0528 | 0.0002 | dense_balanced |
| `block_045.slot_00.moe_expert.gate` | moe_expert.gate | int8 | `(8, 6144, 32768)` | 33.308830 | 1109.475232 | 0.0122 | 0.0365 | 0.0000 | dense_balanced |
| `block_045.slot_01.moe_expert.down` | moe_expert.down | int8 | `(8, 32768, 6144)` | 33.304912 | 1109.196533 | 0.0117 | 0.0355 | 0.0000 | dense_balanced |
| `block_045.slot_02.moe_expert.up` | moe_expert.up | int8 | `(8, 6144, 32768)` | 31.942831 | 1020.325193 | 0.0124 | 0.0373 | 0.0000 | dense_balanced |
| `block_045.slot_03.attn_proj_i8.narrow` | attn_proj_i8.narrow | int8 | `(6144, 1024)` | 31.967744 | 1021.923176 | 0.0134 | 0.0396 | 0.0000 | dense_balanced |
| `block_045.slot_04.attn_proj_i8.model_width` | attn_proj_i8.model_width | int8 | `(6144, 6144)` | 37.542414 | 1409.430221 | 0.0113 | 0.0331 | 0.0000 | dense_balanced |
| `block_045.slot_05.attn_proj_i8.model_width` | attn_proj_i8.model_width | int8 | `(6144, 6144)` | 31.565874 | 996.369425 | 0.0130 | 0.0390 | 0.0000 | dense_balanced |
| `block_045.slot_06.attn_proj_i8.narrow` | attn_proj_i8.narrow | int8 | `(6144, 1024)` | 32.355667 | 1046.879797 | 0.0124 | 0.0373 | 0.0000 | dense_balanced |
| `block_045.slot_07.block_norm` | block_norm | f32 | `(6144,)` | 2.054696 | 0.149420 | 0.0000 | 0.0000 | 0.0000 | dense_balanced |
| `block_045.slot_08.block_norm` | block_norm | f32 | `(6144,)` | 0.490506 | 0.040891 | 0.0000 | 0.0000 | 0.0034 | dense_balanced |
| `block_045.slot_09.block_norm` | block_norm | f32 | `(6144,)` | 0.506126 | 0.018626 | 0.0000 | 0.0042 | 0.0000 | dense_balanced |
| `block_045.slot_10.block_norm` | block_norm | f32 | `(6144,)` | 0.695722 | 0.046642 | 0.0000 | 0.0000 | 0.0003 | dense_balanced |
| `block_045.slot_11.router` | router | f32 | `(6144, 8)` | 0.027272 | 0.000744 | 0.0000 | 0.0338 | 0.0009 | dense_balanced |
| `block_046.slot_00.moe_expert.gate` | moe_expert.gate | int8 | `(8, 6144, 32768)` | 32.360936 | 1047.210670 | 0.0129 | 0.0373 | 0.0000 | dense_balanced |
| `block_046.slot_01.moe_expert.down` | moe_expert.down | int8 | `(8, 32768, 6144)` | 33.599474 | 1128.916794 | 0.0125 | 0.0371 | 0.0000 | dense_balanced |
| `block_046.slot_02.moe_expert.up` | moe_expert.up | int8 | `(8, 6144, 32768)` | 33.564091 | 1126.533435 | 0.0119 | 0.0364 | 0.0000 | dense_balanced |
| `block_046.slot_03.attn_proj_i8.narrow` | attn_proj_i8.narrow | int8 | `(6144, 1024)` | 31.176118 | 971.930652 | 0.0134 | 0.0397 | 0.0000 | dense_balanced |
| `block_046.slot_04.attn_proj_i8.model_width` | attn_proj_i8.model_width | int8 | `(6144, 6144)` | 37.466894 | 1403.706608 | 0.0110 | 0.0332 | 0.0000 | dense_balanced |
| `block_046.slot_05.attn_proj_i8.model_width` | attn_proj_i8.model_width | int8 | `(6144, 6144)` | 31.913584 | 1018.458747 | 0.0130 | 0.0390 | 0.0000 | dense_balanced |
| `block_046.slot_06.attn_proj_i8.narrow` | attn_proj_i8.narrow | int8 | `(6144, 1024)` | 30.644418 | 939.076553 | 0.0139 | 0.0415 | 0.0000 | dense_balanced |
| `block_046.slot_07.block_norm` | block_norm | f32 | `(6144,)` | 0.542803 | 0.015397 | 0.0000 | 0.0000 | 0.0057 | dense_balanced |
| `block_046.slot_08.block_norm` | block_norm | f32 | `(6144,)` | 3.307359 | 0.257192 | 0.0000 | 0.0000 | 0.0005 | dense_balanced |
| `block_046.slot_09.block_norm` | block_norm | f32 | `(6144,)` | 0.417346 | 0.001889 | 0.0000 | 0.0013 | 0.0049 | dense_balanced |
| `block_046.slot_10.block_norm` | block_norm | f32 | `(6144,)` | 4.967838 | 0.434055 | 0.0000 | 0.0000 | 0.0049 | dense_balanced |
| `block_046.slot_11.router` | router | f32 | `(6144, 8)` | 0.024376 | 0.000594 | 0.0000 | 0.0357 | 0.0002 | dense_balanced |
| `block_047.slot_00.moe_expert.gate` | moe_expert.gate | int8 | `(8, 6144, 32768)` | 32.592357 | 1062.261746 | 0.0119 | 0.0374 | 0.0000 | dense_balanced |
| `block_047.slot_01.moe_expert.down` | moe_expert.down | int8 | `(8, 32768, 6144)` | 34.259334 | 1173.697821 | 0.0116 | 0.0363 | 0.0000 | dense_balanced |
| `block_047.slot_02.moe_expert.up` | moe_expert.up | int8 | `(8, 6144, 32768)` | 32.142692 | 1033.152429 | 0.0125 | 0.0372 | 0.0000 | dense_balanced |
| `block_047.slot_03.attn_proj_i8.narrow` | attn_proj_i8.narrow | int8 | `(6144, 1024)` | 32.492087 | 1055.698380 | 0.0121 | 0.0372 | 0.0000 | dense_balanced |
| `block_047.slot_04.attn_proj_i8.model_width` | attn_proj_i8.model_width | int8 | `(6144, 6144)` | 37.157453 | 1380.655053 | 0.0111 | 0.0338 | 0.0000 | dense_balanced |
| `block_047.slot_05.attn_proj_i8.model_width` | attn_proj_i8.model_width | int8 | `(6144, 6144)` | 32.003881 | 1024.244382 | 0.0129 | 0.0374 | 0.0000 | dense_balanced |
| `block_047.slot_06.attn_proj_i8.narrow` | attn_proj_i8.narrow | int8 | `(6144, 1024)` | 30.706341 | 942.870052 | 0.0138 | 0.0415 | 0.0000 | dense_balanced |
| `block_047.slot_07.block_norm` | block_norm | f32 | `(6144,)` | 1.017772 | 0.038393 | 0.0000 | 0.0000 | 0.0078 | dense_balanced |
| `block_047.slot_08.block_norm` | block_norm | f32 | `(6144,)` | 3.567557 | 0.374629 | 0.0000 | 0.0000 | 0.0002 | dense_balanced |
| `block_047.slot_09.block_norm` | block_norm | f32 | `(6144,)` | 0.519002 | 0.002636 | 0.0000 | 0.0008 | 0.0037 | dense_balanced |
| `block_047.slot_10.block_norm` | block_norm | f32 | `(6144,)` | 4.624421 | 0.322975 | 0.0000 | 0.0000 | 0.0057 | dense_balanced |
| `block_047.slot_11.router` | router | f32 | `(6144, 8)` | 0.019337 | 0.000374 | 0.0000 | 0.0462 | 0.0003 | dense_balanced |
| `block_048.slot_00.moe_expert.gate` | moe_expert.gate | int8 | `(8, 6144, 32768)` | 32.997863 | 1088.850985 | 0.0126 | 0.0364 | 0.0000 | dense_balanced |
| `block_048.slot_01.moe_expert.down` | moe_expert.down | int8 | `(8, 32768, 6144)` | 33.591780 | 1128.407390 | 0.0123 | 0.0356 | 0.0000 | dense_balanced |
| `block_048.slot_02.moe_expert.up` | moe_expert.up | int8 | `(8, 6144, 32768)` | 32.459730 | 1053.631110 | 0.0126 | 0.0388 | 0.0000 | dense_balanced |
| `block_048.slot_03.attn_proj_i8.narrow` | attn_proj_i8.narrow | int8 | `(6144, 1024)` | 30.755255 | 945.876199 | 0.0133 | 0.0399 | 0.0000 | dense_balanced |
| `block_048.slot_04.attn_proj_i8.model_width` | attn_proj_i8.model_width | int8 | `(6144, 6144)` | 37.100945 | 1376.463965 | 0.0117 | 0.0343 | 0.0000 | dense_balanced |
| `block_048.slot_05.attn_proj_i8.model_width` | attn_proj_i8.model_width | int8 | `(6144, 6144)` | 31.085482 | 966.275796 | 0.0133 | 0.0389 | 0.0000 | dense_balanced |
| `block_048.slot_06.attn_proj_i8.narrow` | attn_proj_i8.narrow | int8 | `(6144, 1024)` | 31.353422 | 983.029910 | 0.0136 | 0.0404 | 0.0000 | dense_balanced |
| `block_048.slot_07.block_norm` | block_norm | f32 | `(6144,)` | 0.378866 | 0.008649 | 0.0000 | 0.0000 | 0.0055 | dense_balanced |
| `block_048.slot_08.block_norm` | block_norm | f32 | `(6144,)` | 2.157439 | 0.118308 | 0.0000 | 0.0000 | 0.0026 | dense_balanced |
| `block_048.slot_09.block_norm` | block_norm | f32 | `(6144,)` | 0.240833 | 0.000598 | 0.0000 | 0.0011 | 0.0039 | dense_balanced |
| `block_048.slot_10.block_norm` | block_norm | f32 | `(6144,)` | 5.005953 | 0.411966 | 0.0000 | 0.0002 | 0.0055 | dense_balanced |
| `block_048.slot_11.router` | router | f32 | `(6144, 8)` | 0.040380 | 0.001630 | 0.0000 | 0.0208 | 0.0001 | dense_balanced |
| `block_049.slot_00.moe_expert.gate` | moe_expert.gate | int8 | `(8, 6144, 32768)` | 32.963146 | 1086.543076 | 0.0118 | 0.0363 | 0.0000 | dense_balanced |
| `block_049.slot_01.moe_expert.down` | moe_expert.down | int8 | `(8, 32768, 6144)` | 33.600845 | 1129.012166 | 0.0120 | 0.0362 | 0.0000 | dense_balanced |
| `block_049.slot_02.moe_expert.up` | moe_expert.up | int8 | `(8, 6144, 32768)` | 32.678143 | 1067.859127 | 0.0126 | 0.0369 | 0.0000 | dense_balanced |
| `block_049.slot_03.attn_proj_i8.narrow` | attn_proj_i8.narrow | int8 | `(6144, 1024)` | 31.522564 | 993.671730 | 0.0135 | 0.0397 | 0.0000 | dense_balanced |
| `block_049.slot_04.attn_proj_i8.model_width` | attn_proj_i8.model_width | int8 | `(6144, 6144)` | 37.540125 | 1409.258567 | 0.0109 | 0.0338 | 0.0000 | dense_balanced |
| `block_049.slot_05.attn_proj_i8.model_width` | attn_proj_i8.model_width | int8 | `(6144, 6144)` | 32.020871 | 1025.336145 | 0.0132 | 0.0378 | 0.0000 | dense_balanced |
| `block_049.slot_06.attn_proj_i8.narrow` | attn_proj_i8.narrow | int8 | `(6144, 1024)` | 31.518083 | 993.371793 | 0.0129 | 0.0398 | 0.0000 | dense_balanced |
| `block_049.slot_07.block_norm` | block_norm | f32 | `(6144,)` | 0.560115 | 0.020128 | 0.0000 | 0.0000 | 0.0065 | dense_balanced |
| `block_049.slot_08.block_norm` | block_norm | f32 | `(6144,)` | 2.223204 | 0.131493 | 0.0000 | 0.0000 | 0.0020 | dense_balanced |
| `block_049.slot_09.block_norm` | block_norm | f32 | `(6144,)` | 1.435597 | 0.021067 | 0.0000 | 0.0007 | 0.0033 | dense_balanced |
| `block_049.slot_10.block_norm` | block_norm | f32 | `(6144,)` | 5.046049 | 0.374663 | 0.0000 | 0.0000 | 0.0047 | dense_balanced |
| `block_049.slot_11.router` | router | f32 | `(6144, 8)` | 0.006457 | 0.000042 | 0.0000 | 0.1313 | 0.0000 | dense_balanced |
| `block_050.slot_00.moe_expert.gate` | moe_expert.gate | int8 | `(8, 6144, 32768)` | 33.245753 | 1105.243171 | 0.0111 | 0.0347 | 0.0000 | dense_balanced |
| `block_050.slot_01.moe_expert.down` | moe_expert.down | int8 | `(8, 32768, 6144)` | 33.711680 | 1136.440988 | 0.0121 | 0.0359 | 0.0000 | dense_balanced |
| `block_050.slot_02.moe_expert.up` | moe_expert.up | int8 | `(8, 6144, 32768)` | 33.232830 | 1104.397960 | 0.0118 | 0.0358 | 0.0000 | dense_balanced |
| `block_050.slot_03.attn_proj_i8.narrow` | attn_proj_i8.narrow | int8 | `(6144, 1024)` | 30.372725 | 922.497158 | 0.0128 | 0.0399 | 0.0000 | dense_balanced |
| `block_050.slot_04.attn_proj_i8.model_width` | attn_proj_i8.model_width | int8 | `(6144, 6144)` | 37.290460 | 1390.508248 | 0.0116 | 0.0346 | 0.0000 | dense_balanced |
| `block_050.slot_05.attn_proj_i8.model_width` | attn_proj_i8.model_width | int8 | `(6144, 6144)` | 30.666742 | 940.439981 | 0.0133 | 0.0408 | 0.0000 | dense_balanced |
| `block_050.slot_06.attn_proj_i8.narrow` | attn_proj_i8.narrow | int8 | `(6144, 1024)` | 29.799286 | 887.995946 | 0.0139 | 0.0406 | 0.0000 | dense_balanced |
| `block_050.slot_07.block_norm` | block_norm | f32 | `(6144,)` | 0.365896 | 0.009380 | 0.0000 | 0.0000 | 0.0039 | dense_balanced |
| `block_050.slot_08.block_norm` | block_norm | f32 | `(6144,)` | 2.107629 | 0.107049 | 0.0000 | 0.0000 | 0.0005 | dense_balanced |
| `block_050.slot_09.block_norm` | block_norm | f32 | `(6144,)` | 0.843787 | 0.007585 | 0.0000 | 0.0005 | 0.0024 | dense_balanced |
| `block_050.slot_10.block_norm` | block_norm | f32 | `(6144,)` | 4.890558 | 0.348344 | 0.0000 | 0.0000 | 0.0052 | dense_balanced |
| `block_050.slot_11.router` | router | f32 | `(6144, 8)` | 0.010545 | 0.000111 | 0.0000 | 0.0802 | 0.0001 | dense_balanced |
| `block_051.slot_00.moe_expert.gate` | moe_expert.gate | int8 | `(8, 6144, 32768)` | 32.716642 | 1070.366258 | 0.0127 | 0.0378 | 0.0000 | dense_balanced |
| `block_051.slot_01.moe_expert.down` | moe_expert.down | int8 | `(8, 32768, 6144)` | 33.680739 | 1134.308825 | 0.0127 | 0.0373 | 0.0000 | dense_balanced |
| `block_051.slot_02.moe_expert.up` | moe_expert.up | int8 | `(8, 6144, 32768)` | 32.732493 | 1071.415933 | 0.0124 | 0.0372 | 0.0000 | dense_balanced |
| `block_051.slot_03.attn_proj_i8.narrow` | attn_proj_i8.narrow | int8 | `(6144, 1024)` | 26.337809 | 693.674235 | 0.0193 | 0.0570 | 0.0000 | dense_balanced |
| `block_051.slot_04.attn_proj_i8.model_width` | attn_proj_i8.model_width | int8 | `(6144, 6144)` | 36.817442 | 1355.523921 | 0.0112 | 0.0342 | 0.0000 | dense_balanced |
| `block_051.slot_05.attn_proj_i8.model_width` | attn_proj_i8.model_width | int8 | `(6144, 6144)` | 30.101025 | 906.063360 | 0.0137 | 0.0422 | 0.0000 | dense_balanced |
| `block_051.slot_06.attn_proj_i8.narrow` | attn_proj_i8.narrow | int8 | `(6144, 1024)` | 29.995338 | 899.689000 | 0.0139 | 0.0419 | 0.0000 | dense_balanced |
| `block_051.slot_07.block_norm` | block_norm | f32 | `(6144,)` | 0.461338 | 0.014625 | 0.0000 | 0.0000 | 0.0059 | dense_balanced |
| `block_051.slot_08.block_norm` | block_norm | f32 | `(6144,)` | 2.156535 | 0.181492 | 0.0000 | 0.0000 | 0.0002 | dense_balanced |
| `block_051.slot_09.block_norm` | block_norm | f32 | `(6144,)` | 0.996384 | 0.008903 | 0.0000 | 0.0003 | 0.0026 | dense_balanced |
| `block_051.slot_10.block_norm` | block_norm | f32 | `(6144,)` | 5.250881 | 0.403887 | 0.0000 | 0.0000 | 0.0065 | dense_balanced |
| `block_051.slot_11.router` | router | f32 | `(6144, 8)` | 0.008724 | 0.000076 | 0.0000 | 0.0943 | 0.0001 | dense_balanced |
| `block_052.slot_00.moe_expert.gate` | moe_expert.gate | int8 | `(8, 6144, 32768)` | 33.207825 | 1102.656386 | 0.0114 | 0.0357 | 0.0000 | dense_balanced |
| `block_052.slot_01.moe_expert.down` | moe_expert.down | int8 | `(8, 32768, 6144)` | 33.521397 | 1123.679837 | 0.0114 | 0.0357 | 0.0000 | dense_balanced |
| `block_052.slot_02.moe_expert.up` | moe_expert.up | int8 | `(8, 6144, 32768)` | 33.361575 | 1112.992994 | 0.0122 | 0.0361 | 0.0000 | dense_balanced |
| `block_052.slot_03.attn_proj_i8.narrow` | attn_proj_i8.narrow | int8 | `(6144, 1024)` | 31.358754 | 983.345378 | 0.0131 | 0.0381 | 0.0000 | dense_balanced |
| `block_052.slot_04.attn_proj_i8.model_width` | attn_proj_i8.model_width | int8 | `(6144, 6144)` | 36.664783 | 1344.291457 | 0.0113 | 0.0335 | 0.0000 | dense_balanced |
| `block_052.slot_05.attn_proj_i8.model_width` | attn_proj_i8.model_width | int8 | `(6144, 6144)` | 31.969090 | 1022.022553 | 0.0127 | 0.0374 | 0.0000 | dense_balanced |
| `block_052.slot_06.attn_proj_i8.narrow` | attn_proj_i8.narrow | int8 | `(6144, 1024)` | 31.091998 | 966.712249 | 0.0128 | 0.0386 | 0.0000 | dense_balanced |
| `block_052.slot_07.block_norm` | block_norm | f32 | `(6144,)` | 0.356007 | 0.009907 | 0.0000 | 0.0000 | 0.0046 | dense_balanced |
| `block_052.slot_08.block_norm` | block_norm | f32 | `(6144,)` | 2.271777 | 0.147072 | 0.0000 | 0.0000 | 0.0008 | dense_balanced |
| `block_052.slot_09.block_norm` | block_norm | f32 | `(6144,)` | 0.318940 | 0.000771 | 0.0000 | 0.0005 | 0.0028 | dense_balanced |
| `block_052.slot_10.block_norm` | block_norm | f32 | `(6144,)` | 5.953707 | 0.561017 | 0.0000 | 0.0000 | 0.0086 | dense_balanced |
| `block_052.slot_11.router` | router | f32 | `(6144, 8)` | 0.027549 | 0.000759 | 0.0000 | 0.0318 | 0.0001 | dense_balanced |
| `block_053.slot_00.moe_expert.gate` | moe_expert.gate | int8 | `(8, 6144, 32768)` | 32.484273 | 1055.227051 | 0.0122 | 0.0365 | 0.0000 | dense_balanced |
| `block_053.slot_01.moe_expert.down` | moe_expert.down | int8 | `(8, 32768, 6144)` | 33.679958 | 1134.333315 | 0.0120 | 0.0369 | 0.0000 | dense_balanced |
| `block_053.slot_02.moe_expert.up` | moe_expert.up | int8 | `(8, 6144, 32768)` | 33.183959 | 1101.140918 | 0.0125 | 0.0375 | 0.0000 | dense_balanced |
| `block_053.slot_03.attn_proj_i8.narrow` | attn_proj_i8.narrow | int8 | `(6144, 1024)` | 28.130795 | 791.333328 | 0.0147 | 0.0469 | 0.0000 | dense_balanced |
| `block_053.slot_04.attn_proj_i8.model_width` | attn_proj_i8.model_width | int8 | `(6144, 6144)` | 36.508944 | 1332.892194 | 0.0119 | 0.0350 | 0.0000 | dense_balanced |
| `block_053.slot_05.attn_proj_i8.model_width` | attn_proj_i8.model_width | int8 | `(6144, 6144)` | 32.044988 | 1026.876507 | 0.0128 | 0.0395 | 0.0000 | dense_balanced |
| `block_053.slot_06.attn_proj_i8.narrow` | attn_proj_i8.narrow | int8 | `(6144, 1024)` | 31.077784 | 965.828441 | 0.0143 | 0.0414 | 0.0000 | dense_balanced |
| `block_053.slot_07.block_norm` | block_norm | f32 | `(6144,)` | 0.565806 | 0.021819 | 0.0000 | 0.0000 | 0.0046 | dense_balanced |
| `block_053.slot_08.block_norm` | block_norm | f32 | `(6144,)` | 2.603889 | 0.167880 | 0.0000 | 0.0000 | 0.0008 | dense_balanced |
| `block_053.slot_09.block_norm` | block_norm | f32 | `(6144,)` | 0.707330 | 0.003555 | 0.0000 | 0.0003 | 0.0026 | dense_balanced |
| `block_053.slot_10.block_norm` | block_norm | f32 | `(6144,)` | 6.068496 | 0.545041 | 0.0000 | 0.0000 | 0.0094 | dense_balanced |
| `block_053.slot_11.router` | router | f32 | `(6144, 8)` | 0.012246 | 0.000150 | 0.0000 | 0.0666 | 0.0001 | dense_balanced |
| `block_054.slot_00.moe_expert.gate` | moe_expert.gate | int8 | `(8, 6144, 32768)` | 33.492759 | 1121.753022 | 0.0121 | 0.0352 | 0.0000 | dense_balanced |
| `block_054.slot_01.moe_expert.down` | moe_expert.down | int8 | `(8, 32768, 6144)` | 34.440011 | 1186.101556 | 0.0112 | 0.0353 | 0.0000 | dense_balanced |
| `block_054.slot_02.moe_expert.up` | moe_expert.up | int8 | `(8, 6144, 32768)` | 33.366739 | 1113.338101 | 0.0126 | 0.0366 | 0.0000 | dense_balanced |
| `block_054.slot_03.attn_proj_i8.narrow` | attn_proj_i8.narrow | int8 | `(6144, 1024)` | 28.730196 | 825.423477 | 0.0142 | 0.0431 | 0.0000 | dense_balanced |
| `block_054.slot_04.attn_proj_i8.model_width` | attn_proj_i8.model_width | int8 | `(6144, 6144)` | 36.557397 | 1336.438849 | 0.0115 | 0.0356 | 0.0000 | dense_balanced |
| `block_054.slot_05.attn_proj_i8.model_width` | attn_proj_i8.model_width | int8 | `(6144, 6144)` | 31.313270 | 980.507055 | 0.0128 | 0.0392 | 0.0000 | dense_balanced |
| `block_054.slot_06.attn_proj_i8.narrow` | attn_proj_i8.narrow | int8 | `(6144, 1024)` | 31.300810 | 979.714463 | 0.0148 | 0.0420 | 0.0000 | dense_balanced |
| `block_054.slot_07.block_norm` | block_norm | f32 | `(6144,)` | 0.328959 | 0.006350 | 0.0000 | 0.0000 | 0.0067 | dense_balanced |
| `block_054.slot_08.block_norm` | block_norm | f32 | `(6144,)` | 4.008798 | 0.446102 | 0.0000 | 0.0000 | 0.0000 | dense_balanced |
| `block_054.slot_09.block_norm` | block_norm | f32 | `(6144,)` | 0.387679 | 0.001148 | 0.0000 | 0.0005 | 0.0024 | dense_balanced |
| `block_054.slot_10.block_norm` | block_norm | f32 | `(6144,)` | 6.447156 | 0.561436 | 0.0000 | 0.0000 | 0.0086 | dense_balanced |
| `block_054.slot_11.router` | router | f32 | `(6144, 8)` | 0.020399 | 0.000416 | 0.0000 | 0.0407 | 0.0001 | dense_balanced |
| `block_055.slot_00.moe_expert.gate` | moe_expert.gate | int8 | `(8, 6144, 32768)` | 32.992674 | 1088.514719 | 0.0125 | 0.0369 | 0.0000 | dense_balanced |
| `block_055.slot_01.moe_expert.down` | moe_expert.down | int8 | `(8, 32768, 6144)` | 33.911859 | 1150.009599 | 0.0118 | 0.0359 | 0.0000 | dense_balanced |
| `block_055.slot_02.moe_expert.up` | moe_expert.up | int8 | `(8, 6144, 32768)` | 33.130328 | 1097.617422 | 0.0115 | 0.0361 | 0.0000 | dense_balanced |
| `block_055.slot_03.attn_proj_i8.narrow` | attn_proj_i8.narrow | int8 | `(6144, 1024)` | 32.276502 | 1041.728960 | 0.0129 | 0.0378 | 0.0000 | dense_balanced |
| `block_055.slot_04.attn_proj_i8.model_width` | attn_proj_i8.model_width | int8 | `(6144, 6144)` | 36.703693 | 1347.160774 | 0.0114 | 0.0352 | 0.0000 | dense_balanced |
| `block_055.slot_05.attn_proj_i8.model_width` | attn_proj_i8.model_width | int8 | `(6144, 6144)` | 32.267500 | 1041.184095 | 0.0122 | 0.0354 | 0.0000 | dense_balanced |
| `block_055.slot_06.attn_proj_i8.narrow` | attn_proj_i8.narrow | int8 | `(6144, 1024)` | 30.746650 | 945.349724 | 0.0139 | 0.0409 | 0.0000 | dense_balanced |
| `block_055.slot_07.block_norm` | block_norm | f32 | `(6144,)` | 0.351959 | 0.009737 | 0.0000 | 0.0000 | 0.0057 | dense_balanced |
| `block_055.slot_08.block_norm` | block_norm | f32 | `(6144,)` | 2.821664 | 0.165230 | 0.0000 | 0.0000 | 0.0021 | dense_balanced |
| `block_055.slot_09.block_norm` | block_norm | f32 | `(6144,)` | 0.728314 | 0.003581 | 0.0000 | 0.0005 | 0.0015 | dense_balanced |
| `block_055.slot_10.block_norm` | block_norm | f32 | `(6144,)` | 6.912750 | 0.442471 | 0.0000 | 0.0000 | 0.0080 | dense_balanced |
| `block_055.slot_11.router` | router | f32 | `(6144, 8)` | 0.011908 | 0.000142 | 0.0000 | 0.0671 | 0.0003 | dense_balanced |
| `block_056.slot_00.moe_expert.gate` | moe_expert.gate | int8 | `(8, 6144, 32768)` | 32.115482 | 1031.392682 | 0.0130 | 0.0386 | 0.0000 | dense_balanced |
| `block_056.slot_01.moe_expert.down` | moe_expert.down | int8 | `(8, 32768, 6144)` | 34.039612 | 1158.666699 | 0.0125 | 0.0371 | 0.0000 | dense_balanced |
| `block_056.slot_02.moe_expert.up` | moe_expert.up | int8 | `(8, 6144, 32768)` | 31.786976 | 1010.407961 | 0.0137 | 0.0384 | 0.0000 | dense_balanced |
| `block_056.slot_03.attn_proj_i8.narrow` | attn_proj_i8.narrow | int8 | `(6144, 1024)` | 32.757813 | 1073.074313 | 0.0127 | 0.0385 | 0.0000 | dense_balanced |
| `block_056.slot_04.attn_proj_i8.model_width` | attn_proj_i8.model_width | int8 | `(6144, 6144)` | 36.445551 | 1328.265127 | 0.0116 | 0.0338 | 0.0000 | dense_balanced |
| `block_056.slot_05.attn_proj_i8.model_width` | attn_proj_i8.model_width | int8 | `(6144, 6144)` | 32.634395 | 1064.923284 | 0.0126 | 0.0376 | 0.0000 | dense_balanced |
| `block_056.slot_06.attn_proj_i8.narrow` | attn_proj_i8.narrow | int8 | `(6144, 1024)` | 31.838995 | 1013.696067 | 0.0132 | 0.0386 | 0.0000 | dense_balanced |
| `block_056.slot_07.block_norm` | block_norm | f32 | `(6144,)` | 0.506113 | 0.007757 | 0.0000 | 0.0000 | 0.0000 | dense_balanced |
| `block_056.slot_08.block_norm` | block_norm | f32 | `(6144,)` | 0.555817 | 0.048149 | 0.0000 | 0.0000 | 0.0044 | dense_balanced |
| `block_056.slot_09.block_norm` | block_norm | f32 | `(6144,)` | 0.681782 | 0.038025 | 0.0000 | 0.0024 | 0.0000 | dense_balanced |
| `block_056.slot_10.block_norm` | block_norm | f32 | `(6144,)` | 0.697407 | 0.034158 | 0.0000 | 0.0000 | 0.0007 | dense_balanced |
| `block_056.slot_11.router` | router | f32 | `(6144, 8)` | 0.019299 | 0.000372 | 0.0000 | 0.0443 | 0.0008 | dense_balanced |
| `block_057.slot_00.moe_expert.gate` | moe_expert.gate | int8 | `(8, 6144, 32768)` | 32.285647 | 1042.283641 | 0.0128 | 0.0371 | 0.0000 | dense_balanced |
| `block_057.slot_01.moe_expert.down` | moe_expert.down | int8 | `(8, 32768, 6144)` | 33.593461 | 1128.520606 | 0.0112 | 0.0354 | 0.0000 | dense_balanced |
| `block_057.slot_02.moe_expert.up` | moe_expert.up | int8 | `(8, 6144, 32768)` | 32.463969 | 1053.887230 | 0.0132 | 0.0380 | 0.0000 | dense_balanced |
| `block_057.slot_03.attn_proj_i8.narrow` | attn_proj_i8.narrow | int8 | `(6144, 1024)` | 31.756628 | 1008.477133 | 0.0136 | 0.0389 | 0.0000 | dense_balanced |
| `block_057.slot_04.attn_proj_i8.model_width` | attn_proj_i8.model_width | int8 | `(6144, 6144)` | 36.504695 | 1332.586486 | 0.0114 | 0.0342 | 0.0000 | dense_balanced |
| `block_057.slot_05.attn_proj_i8.model_width` | attn_proj_i8.model_width | int8 | `(6144, 6144)` | 32.006276 | 1024.376819 | 0.0125 | 0.0392 | 0.0000 | dense_balanced |
| `block_057.slot_06.attn_proj_i8.narrow` | attn_proj_i8.narrow | int8 | `(6144, 1024)` | 30.672315 | 940.762711 | 0.0138 | 0.0416 | 0.0000 | dense_balanced |
| `block_057.slot_07.block_norm` | block_norm | f32 | `(6144,)` | 0.595861 | 0.023758 | 0.0000 | 0.0000 | 0.0068 | dense_balanced |
| `block_057.slot_08.block_norm` | block_norm | f32 | `(6144,)` | 3.517995 | 0.210490 | 0.0000 | 0.0000 | 0.0007 | dense_balanced |
| `block_057.slot_09.block_norm` | block_norm | f32 | `(6144,)` | 1.009932 | 0.008324 | 0.0000 | 0.0002 | 0.0023 | dense_balanced |
| `block_057.slot_10.block_norm` | block_norm | f32 | `(6144,)` | 7.441967 | 0.570045 | 0.0000 | 0.0000 | 0.0072 | dense_balanced |
| `block_057.slot_11.router` | router | f32 | `(6144, 8)` | 0.008636 | 0.000075 | 0.0000 | 0.0904 | 0.0001 | dense_balanced |
| `block_058.slot_00.moe_expert.gate` | moe_expert.gate | int8 | `(8, 6144, 32768)` | 32.797920 | 1075.696426 | 0.0117 | 0.0359 | 0.0000 | dense_balanced |
| `block_058.slot_01.moe_expert.down` | moe_expert.down | int8 | `(8, 32768, 6144)` | 34.033865 | 1158.245271 | 0.0127 | 0.0358 | 0.0000 | dense_balanced |
| `block_058.slot_02.moe_expert.up` | moe_expert.up | int8 | `(8, 6144, 32768)` | 32.246213 | 1039.817218 | 0.0122 | 0.0378 | 0.0000 | dense_balanced |
| `block_058.slot_03.attn_proj_i8.narrow` | attn_proj_i8.narrow | int8 | `(6144, 1024)` | 30.754014 | 945.798715 | 0.0131 | 0.0400 | 0.0000 | dense_balanced |
| `block_058.slot_04.attn_proj_i8.model_width` | attn_proj_i8.model_width | int8 | `(6144, 6144)` | 35.548785 | 1263.715202 | 0.0118 | 0.0359 | 0.0000 | dense_balanced |
| `block_058.slot_05.attn_proj_i8.model_width` | attn_proj_i8.model_width | int8 | `(6144, 6144)` | 31.019074 | 962.175260 | 0.0135 | 0.0397 | 0.0000 | dense_balanced |
| `block_058.slot_06.attn_proj_i8.narrow` | attn_proj_i8.narrow | int8 | `(6144, 1024)` | 30.020546 | 901.217199 | 0.0138 | 0.0437 | 0.0000 | dense_balanced |
| `block_058.slot_07.block_norm` | block_norm | f32 | `(6144,)` | 0.493560 | 0.016110 | 0.0000 | 0.0000 | 0.0065 | dense_balanced |
| `block_058.slot_08.block_norm` | block_norm | f32 | `(6144,)` | 5.049409 | 0.365424 | 0.0000 | 0.0000 | 0.0010 | dense_balanced |
| `block_058.slot_09.block_norm` | block_norm | f32 | `(6144,)` | 1.372380 | 0.019130 | 0.0000 | 0.0000 | 0.0028 | dense_balanced |
| `block_058.slot_10.block_norm` | block_norm | f32 | `(6144,)` | 7.536412 | 0.633300 | 0.0000 | 0.0000 | 0.0055 | dense_balanced |
| `block_058.slot_11.router` | router | f32 | `(6144, 8)` | 0.006776 | 0.000046 | 0.0000 | 0.1163 | 0.0000 | dense_balanced |
| `block_059.slot_00.moe_expert.gate` | moe_expert.gate | int8 | `(8, 6144, 32768)` | 32.845141 | 1078.795341 | 0.0122 | 0.0359 | 0.0000 | dense_balanced |
| `block_059.slot_01.moe_expert.down` | moe_expert.down | int8 | `(8, 32768, 6144)` | 33.012193 | 1089.804330 | 0.0127 | 0.0379 | 0.0000 | dense_balanced |
| `block_059.slot_02.moe_expert.up` | moe_expert.up | int8 | `(8, 6144, 32768)` | 33.483118 | 1121.113257 | 0.0119 | 0.0373 | 0.0000 | dense_balanced |
| `block_059.slot_03.attn_proj_i8.narrow` | attn_proj_i8.narrow | int8 | `(6144, 1024)` | 31.587784 | 997.788099 | 0.0131 | 0.0384 | 0.0000 | dense_balanced |
| `block_059.slot_04.attn_proj_i8.model_width` | attn_proj_i8.model_width | int8 | `(6144, 6144)` | 36.232469 | 1312.723049 | 0.0122 | 0.0352 | 0.0000 | dense_balanced |
| `block_059.slot_05.attn_proj_i8.model_width` | attn_proj_i8.model_width | int8 | `(6144, 6144)` | 30.940241 | 957.275722 | 0.0133 | 0.0406 | 0.0000 | dense_balanced |
| `block_059.slot_06.attn_proj_i8.narrow` | attn_proj_i8.narrow | int8 | `(6144, 1024)` | 30.945154 | 957.596905 | 0.0137 | 0.0414 | 0.0000 | dense_balanced |
| `block_059.slot_07.block_norm` | block_norm | f32 | `(6144,)` | 2.695164 | 0.580174 | 0.0000 | 0.0000 | 0.0050 | dense_balanced |
| `block_059.slot_08.block_norm` | block_norm | f32 | `(6144,)` | 4.417190 | 0.262735 | 0.0000 | 0.0000 | 0.0011 | dense_balanced |
| `block_059.slot_09.block_norm` | block_norm | f32 | `(6144,)` | 0.361932 | 0.001808 | 0.0000 | 0.0000 | 0.0050 | dense_balanced |
| `block_059.slot_10.block_norm` | block_norm | f32 | `(6144,)` | 7.733720 | 0.866094 | 0.0000 | 0.0000 | 0.0023 | dense_balanced |
| `block_059.slot_11.router` | router | f32 | `(6144, 8)` | 0.027676 | 0.000766 | 0.0000 | 0.0286 | 0.0000 | dense_balanced |
| `block_060.slot_00.moe_expert.gate` | moe_expert.gate | int8 | `(8, 6144, 32768)` | 33.387261 | 1114.687631 | 0.0119 | 0.0353 | 0.0000 | dense_balanced |
| `block_060.slot_01.moe_expert.down` | moe_expert.down | int8 | `(8, 32768, 6144)` | 32.304226 | 1043.554004 | 0.0142 | 0.0415 | 0.0000 | dense_balanced |
| `block_060.slot_02.moe_expert.up` | moe_expert.up | int8 | `(8, 6144, 32768)` | 32.528836 | 1058.116547 | 0.0117 | 0.0364 | 0.0000 | dense_balanced |
| `block_060.slot_03.attn_proj_i8.narrow` | attn_proj_i8.narrow | int8 | `(6144, 1024)` | 30.754982 | 945.864841 | 0.0134 | 0.0395 | 0.0000 | dense_balanced |
| `block_060.slot_04.attn_proj_i8.model_width` | attn_proj_i8.model_width | int8 | `(6144, 6144)` | 36.094814 | 1302.806019 | 0.0104 | 0.0341 | 0.0000 | dense_balanced |
| `block_060.slot_05.attn_proj_i8.model_width` | attn_proj_i8.model_width | int8 | `(6144, 6144)` | 31.655373 | 1002.008013 | 0.0140 | 0.0401 | 0.0000 | dense_balanced |
| `block_060.slot_06.attn_proj_i8.narrow` | attn_proj_i8.narrow | int8 | `(6144, 1024)` | 30.280138 | 916.886586 | 0.0140 | 0.0431 | 0.0000 | dense_balanced |
| `block_060.slot_07.block_norm` | block_norm | f32 | `(6144,)` | 0.822909 | 0.052635 | 0.0000 | 0.0000 | 0.0042 | dense_balanced |
| `block_060.slot_08.block_norm` | block_norm | f32 | `(6144,)` | 4.200552 | 0.509499 | 0.0000 | 0.0000 | 0.0003 | dense_balanced |
| `block_060.slot_09.block_norm` | block_norm | f32 | `(6144,)` | 1.687150 | 0.093041 | 0.0000 | 0.0000 | 0.0050 | dense_balanced |
| `block_060.slot_10.block_norm` | block_norm | f32 | `(6144,)` | 4.820732 | 0.634994 | 0.0000 | 0.0000 | 0.0018 | dense_balanced |
| `block_060.slot_11.router` | router | f32 | `(6144, 8)` | 0.007846 | 0.000062 | 0.0000 | 0.0980 | 0.0000 | dense_balanced |
| `block_061.slot_00.moe_expert.gate` | moe_expert.gate | int8 | `(8, 6144, 32768)` | 33.187642 | 1101.407772 | 0.0120 | 0.0356 | 0.0000 | dense_balanced |
| `block_061.slot_01.moe_expert.down` | moe_expert.down | int8 | `(8, 32768, 6144)` | 33.936691 | 1151.683570 | 0.0123 | 0.0367 | 0.0000 | dense_balanced |
| `block_061.slot_02.moe_expert.up` | moe_expert.up | int8 | `(8, 6144, 32768)` | 33.596371 | 1128.665069 | 0.0128 | 0.0367 | 0.0000 | dense_balanced |
| `block_061.slot_03.attn_proj_i8.narrow` | attn_proj_i8.narrow | int8 | `(6144, 1024)` | 32.337014 | 1045.681694 | 0.0122 | 0.0373 | 0.0000 | dense_balanced |
| `block_061.slot_04.attn_proj_i8.model_width` | attn_proj_i8.model_width | int8 | `(6144, 6144)` | 37.340355 | 1394.184133 | 0.0109 | 0.0337 | 0.0000 | dense_balanced |
| `block_061.slot_05.attn_proj_i8.model_width` | attn_proj_i8.model_width | int8 | `(6144, 6144)` | 32.013058 | 1024.829644 | 0.0125 | 0.0378 | 0.0000 | dense_balanced |
| `block_061.slot_06.attn_proj_i8.narrow` | attn_proj_i8.narrow | int8 | `(6144, 1024)` | 32.602190 | 1062.891742 | 0.0124 | 0.0386 | 0.0000 | dense_balanced |
| `block_061.slot_07.block_norm` | block_norm | f32 | `(6144,)` | 0.805027 | 0.024851 | 0.0000 | 0.0000 | 0.0000 | dense_balanced |
| `block_061.slot_08.block_norm` | block_norm | f32 | `(6144,)` | 0.600937 | 0.049733 | 0.0000 | 0.0000 | 0.0033 | dense_balanced |
| `block_061.slot_09.block_norm` | block_norm | f32 | `(6144,)` | 0.362362 | 0.011204 | 0.0000 | 0.0098 | 0.0000 | dense_balanced |
| `block_061.slot_10.block_norm` | block_norm | f32 | `(6144,)` | 0.862954 | 0.051700 | 0.0000 | 0.0000 | 0.0008 | dense_balanced |
| `block_061.slot_11.router` | router | f32 | `(6144, 8)` | 0.036683 | 0.001346 | 0.0000 | 0.0243 | 0.0013 | dense_balanced |
| `block_062.slot_00.moe_expert.gate` | moe_expert.gate | int8 | `(8, 6144, 32768)` | 32.600761 | 1062.800949 | 0.0125 | 0.0367 | 0.0000 | dense_balanced |
| `block_062.slot_01.moe_expert.down` | moe_expert.down | int8 | `(8, 32768, 6144)` | 33.406004 | 1115.960226 | 0.0114 | 0.0354 | 0.0000 | dense_balanced |
| `block_062.slot_02.moe_expert.up` | moe_expert.up | int8 | `(8, 6144, 32768)` | 31.874958 | 1016.009231 | 0.0124 | 0.0382 | 0.0000 | dense_balanced |
| `block_062.slot_03.attn_proj_i8.narrow` | attn_proj_i8.narrow | int8 | `(6144, 1024)` | 32.757777 | 1073.053143 | 0.0127 | 0.0377 | 0.0000 | dense_balanced |
| `block_062.slot_04.attn_proj_i8.model_width` | attn_proj_i8.model_width | int8 | `(6144, 6144)` | 37.241895 | 1386.954981 | 0.0114 | 0.0343 | 0.0000 | dense_balanced |
| `block_062.slot_05.attn_proj_i8.model_width` | attn_proj_i8.model_width | int8 | `(6144, 6144)` | 32.385679 | 1048.817704 | 0.0130 | 0.0369 | 0.0000 | dense_balanced |
| `block_062.slot_06.attn_proj_i8.narrow` | attn_proj_i8.narrow | int8 | `(6144, 1024)` | 31.550052 | 995.404839 | 0.0141 | 0.0427 | 0.0000 | dense_balanced |
| `block_062.slot_07.block_norm` | block_norm | f32 | `(6144,)` | 0.610588 | 0.018270 | 0.0000 | 0.0005 | 0.0000 | dense_balanced |
| `block_062.slot_08.block_norm` | block_norm | f32 | `(6144,)` | 0.630911 | 0.038460 | 0.0000 | 0.0000 | 0.0016 | dense_balanced |
| `block_062.slot_09.block_norm` | block_norm | f32 | `(6144,)` | 0.305501 | 0.007133 | 0.0000 | 0.0033 | 0.0000 | dense_balanced |
| `block_062.slot_10.block_norm` | block_norm | f32 | `(6144,)` | 0.868938 | 0.039470 | 0.0000 | 0.0000 | 0.0007 | dense_balanced |
| `block_062.slot_11.router` | router | f32 | `(6144, 8)` | 0.039434 | 0.001555 | 0.0000 | 0.0208 | 0.0011 | dense_balanced |
| `block_063.slot_00.moe_expert.gate` | moe_expert.gate | int8 | `(8, 6144, 32768)` | 32.176675 | 1035.323579 | 0.0124 | 0.0383 | 0.0000 | dense_balanced |
| `block_063.slot_01.moe_expert.down` | moe_expert.down | int8 | `(8, 32768, 6144)` | 34.028148 | 1157.905910 | 0.0124 | 0.0365 | 0.0000 | dense_balanced |
| `block_063.slot_02.moe_expert.up` | moe_expert.up | int8 | `(8, 6144, 32768)` | 32.668563 | 1067.230950 | 0.0126 | 0.0368 | 0.0000 | dense_balanced |
| `block_063.slot_03.attn_proj_i8.narrow` | attn_proj_i8.narrow | int8 | `(6144, 1024)` | 31.868098 | 1015.573852 | 0.0129 | 0.0387 | 0.0000 | dense_balanced |
| `block_063.slot_04.attn_proj_i8.model_width` | attn_proj_i8.model_width | int8 | `(6144, 6144)` | 37.729480 | 1423.501918 | 0.0109 | 0.0328 | 0.0000 | dense_balanced |
| `block_063.slot_05.attn_proj_i8.model_width` | attn_proj_i8.model_width | int8 | `(6144, 6144)` | 31.835068 | 1013.462647 | 0.0126 | 0.0380 | 0.0000 | dense_balanced |
| `block_063.slot_06.attn_proj_i8.narrow` | attn_proj_i8.narrow | int8 | `(6144, 1024)` | 32.406644 | 1050.175151 | 0.0134 | 0.0398 | 0.0000 | dense_balanced |
| `block_063.slot_07.block_norm` | block_norm | f32 | `(6144,)` | 0.937360 | 0.035861 | 0.0000 | 0.0002 | 0.0000 | dense_balanced |
| `block_063.slot_08.block_norm` | block_norm | f32 | `(6144,)` | 0.681916 | 0.039609 | 0.0000 | 0.0000 | 0.0024 | dense_balanced |
| `block_063.slot_09.block_norm` | block_norm | f32 | `(6144,)` | 0.697279 | 0.034568 | 0.0000 | 0.0015 | 0.0000 | dense_balanced |
| `block_063.slot_10.block_norm` | block_norm | f32 | `(6144,)` | 0.990820 | 0.045942 | 0.0000 | 0.0000 | 0.0007 | dense_balanced |
| `block_063.slot_11.router` | router | f32 | `(6144, 8)` | 0.017227 | 0.000297 | 0.0000 | 0.0470 | 0.0009 | dense_balanced |

wrote stats bundle -> out/grok1_run3_20260802T023050Z/{reports,exports,manifests}/xai-grok-1-ckpt-0/...
2026-08-02T02:43:32.587195Z  INFO command{repo="xai-dissect" command="stats" run_id="xai-dissect-1785638369702202981-3132787-0" git_sha="unknown" limit=None prefix="tensor" family="grok-1" sample_values=Some(65536)}: xai_dissect: command_finish event="command_finish" latency_ms=242884 success=true error_category="none"
=== stats OK 2026-08-02T02:43:32+00:00 ===

=== saaq-readiness START 2026-08-02T02:43:32+00:00 ===
2026-08-02T02:43:32.596751Z  INFO command{repo="xai-dissect" command="saaq-readiness" run_id="xai-dissect-1785638612596735974-3135501-0" git_sha="unknown" limit=None prefix="tensor" family="grok-1" sample_values=Some(65536)}: xai_dissect: command_start event="command_start"
checkpoint: /home/raulmc/.models/xai-grok-1/ckpt-0  candidate_targets: 448  routing_critical: 64
top_candidate: block_030.slot_01.moe_expert.down  readiness: 0.188  risk: 0.156

# xai-dissect SAAQ-readiness report

- **model_family**: `grok-1`
- **checkpoint**: `/home/raulmc/.models/xai-grok-1/ckpt-0`
- **shards**: 770
- **quantization_candidates**: 448
- **precision_sensitive_tensors**: 257
- **deferred_tensors**: 1
- **routing_critical_tensors**: 64
- **schema_version**: 2

## Quantization candidates

| Rank | Tensor | Kind | Region | Readiness | Opportunity | Risk | Disposition |
| ---: | ------ | ---- | ------ | --------: | ----------: | ---: | ----------- |
| 1 | `block_030.slot_01.moe_expert.down` | moe_expert.down | potential_target | 0.188 | 0.227 | 0.156 | candidate |
| 2 | `block_056.slot_01.moe_expert.down` | moe_expert.down | potential_target | 0.188 | 0.227 | 0.156 | candidate |
| 3 | `block_022.slot_01.moe_expert.down` | moe_expert.down | potential_target | 0.188 | 0.227 | 0.156 | candidate |
| 4 | `block_063.slot_01.moe_expert.down` | moe_expert.down | potential_target | 0.188 | 0.227 | 0.156 | candidate |
| 5 | `block_058.slot_01.moe_expert.down` | moe_expert.down | potential_target | 0.188 | 0.227 | 0.156 | candidate |
| 6 | `block_012.slot_01.moe_expert.down` | moe_expert.down | potential_target | 0.188 | 0.227 | 0.157 | candidate |
| 7 | `block_061.slot_01.moe_expert.down` | moe_expert.down | potential_target | 0.188 | 0.227 | 0.156 | candidate |
| 8 | `block_047.slot_01.moe_expert.down` | moe_expert.down | potential_target | 0.188 | 0.227 | 0.156 | candidate |
| 9 | `block_051.slot_01.moe_expert.down` | moe_expert.down | potential_target | 0.188 | 0.227 | 0.157 | candidate |
| 10 | `block_043.slot_01.moe_expert.down` | moe_expert.down | potential_target | 0.188 | 0.227 | 0.156 | candidate |
| 11 | `block_036.slot_01.moe_expert.down` | moe_expert.down | potential_target | 0.188 | 0.227 | 0.156 | candidate |
| 12 | `block_041.slot_01.moe_expert.down` | moe_expert.down | potential_target | 0.188 | 0.227 | 0.156 | candidate |
| 13 | `block_061.slot_02.moe_expert.up` | moe_expert.up | potential_target | 0.188 | 0.227 | 0.157 | candidate |
| 14 | `block_054.slot_01.moe_expert.down` | moe_expert.down | potential_target | 0.188 | 0.227 | 0.156 | candidate |
| 15 | `block_060.slot_01.moe_expert.down` | moe_expert.down | potential_target | 0.188 | 0.227 | 0.158 | candidate |
| 16 | `block_014.slot_02.moe_expert.up` | moe_expert.up | potential_target | 0.188 | 0.227 | 0.157 | candidate |
| 17 | `block_046.slot_01.moe_expert.down` | moe_expert.down | potential_target | 0.188 | 0.227 | 0.157 | candidate |
| 18 | `block_031.slot_01.moe_expert.down` | moe_expert.down | potential_target | 0.188 | 0.227 | 0.157 | candidate |
| 19 | `block_027.slot_01.moe_expert.down` | moe_expert.down | potential_target | 0.188 | 0.227 | 0.156 | candidate |
| 20 | `block_010.slot_01.moe_expert.down` | moe_expert.down | potential_target | 0.188 | 0.227 | 0.157 | candidate |
| 21 | `block_001.slot_01.moe_expert.down` | moe_expert.down | potential_target | 0.188 | 0.227 | 0.157 | candidate |
| 22 | `block_026.slot_02.moe_expert.up` | moe_expert.up | potential_target | 0.188 | 0.227 | 0.157 | candidate |
| 23 | `block_040.slot_01.moe_expert.down` | moe_expert.down | potential_target | 0.188 | 0.227 | 0.156 | candidate |
| 24 | `block_038.slot_01.moe_expert.down` | moe_expert.down | potential_target | 0.188 | 0.227 | 0.156 | candidate |
| 25 | `block_031.slot_02.moe_expert.up` | moe_expert.up | potential_target | 0.188 | 0.227 | 0.157 | candidate |
| 26 | `block_053.slot_01.moe_expert.down` | moe_expert.down | potential_target | 0.188 | 0.227 | 0.157 | candidate |
| 27 | `block_055.slot_01.moe_expert.down` | moe_expert.down | potential_target | 0.188 | 0.227 | 0.156 | candidate |
| 28 | `block_024.slot_01.moe_expert.down` | moe_expert.down | potential_target | 0.188 | 0.227 | 0.157 | candidate |
| 29 | `block_021.slot_00.moe_expert.gate` | moe_expert.gate | potential_target | 0.188 | 0.227 | 0.156 | candidate |
| 30 | `block_002.slot_01.moe_expert.down` | moe_expert.down | potential_target | 0.188 | 0.227 | 0.156 | candidate |
| 31 | `block_018.slot_02.moe_expert.up` | moe_expert.up | potential_target | 0.188 | 0.227 | 0.157 | candidate |
| 32 | `block_044.slot_00.moe_expert.gate` | moe_expert.gate | potential_target | 0.188 | 0.227 | 0.157 | candidate |
| 33 | `block_050.slot_01.moe_expert.down` | moe_expert.down | potential_target | 0.188 | 0.227 | 0.157 | candidate |
| 34 | `block_035.slot_02.moe_expert.up` | moe_expert.up | potential_target | 0.188 | 0.227 | 0.157 | candidate |
| 35 | `block_004.slot_01.moe_expert.down` | moe_expert.down | potential_target | 0.188 | 0.227 | 0.157 | candidate |
| 36 | `block_054.slot_02.moe_expert.up` | moe_expert.up | potential_target | 0.188 | 0.227 | 0.157 | candidate |
| 37 | `block_023.slot_01.moe_expert.down` | moe_expert.down | potential_target | 0.188 | 0.227 | 0.156 | candidate |
| 38 | `block_039.slot_01.moe_expert.down` | moe_expert.down | potential_target | 0.188 | 0.227 | 0.156 | candidate |
| 39 | `block_016.slot_01.moe_expert.down` | moe_expert.down | potential_target | 0.188 | 0.227 | 0.156 | candidate |
| 40 | `block_032.slot_02.moe_expert.up` | moe_expert.up | potential_target | 0.188 | 0.227 | 0.157 | candidate |
| 41 | `block_006.slot_01.moe_expert.down` | moe_expert.down | potential_target | 0.188 | 0.227 | 0.157 | candidate |
| 42 | `block_024.slot_00.moe_expert.gate` | moe_expert.gate | potential_target | 0.188 | 0.227 | 0.157 | candidate |
| 43 | `block_059.slot_02.moe_expert.up` | moe_expert.up | potential_target | 0.188 | 0.227 | 0.157 | candidate |
| 44 | `block_026.slot_01.moe_expert.down` | moe_expert.down | potential_target | 0.188 | 0.227 | 0.156 | candidate |
| 45 | `block_048.slot_01.moe_expert.down` | moe_expert.down | potential_target | 0.188 | 0.227 | 0.157 | candidate |
| 46 | `block_053.slot_02.moe_expert.up` | moe_expert.up | potential_target | 0.188 | 0.227 | 0.157 | candidate |
| 47 | `block_042.slot_01.moe_expert.down` | moe_expert.down | potential_target | 0.188 | 0.227 | 0.157 | candidate |
| 48 | `block_049.slot_01.moe_expert.down` | moe_expert.down | potential_target | 0.188 | 0.227 | 0.157 | candidate |
| 49 | `block_046.slot_02.moe_expert.up` | moe_expert.up | potential_target | 0.188 | 0.227 | 0.157 | candidate |
| 50 | `block_034.slot_01.moe_expert.down` | moe_expert.down | potential_target | 0.188 | 0.227 | 0.156 | candidate |
| 51 | `block_059.slot_01.moe_expert.down` | moe_expert.down | potential_target | 0.188 | 0.227 | 0.157 | candidate |
| 52 | `block_024.slot_02.moe_expert.up` | moe_expert.up | potential_target | 0.188 | 0.227 | 0.157 | candidate |
| 53 | `block_020.slot_01.moe_expert.down` | moe_expert.down | potential_target | 0.188 | 0.227 | 0.156 | candidate |
| 54 | `block_041.slot_00.moe_expert.gate` | moe_expert.gate | potential_target | 0.188 | 0.227 | 0.157 | candidate |
| 55 | `block_008.slot_01.moe_expert.down` | moe_expert.down | potential_target | 0.188 | 0.227 | 0.157 | candidate |
| 56 | `block_032.slot_01.moe_expert.down` | moe_expert.down | potential_target | 0.188 | 0.227 | 0.157 | candidate |
| 57 | `block_002.slot_02.moe_expert.up` | moe_expert.up | potential_target | 0.188 | 0.227 | 0.157 | candidate |
| 58 | `block_037.slot_02.moe_expert.up` | moe_expert.up | potential_target | 0.188 | 0.227 | 0.157 | candidate |
| 59 | `block_038.slot_02.moe_expert.up` | moe_expert.up | potential_target | 0.188 | 0.227 | 0.157 | candidate |
| 60 | `block_029.slot_01.moe_expert.down` | moe_expert.down | potential_target | 0.188 | 0.227 | 0.157 | candidate |
| 61 | `block_010.slot_00.moe_expert.gate` | moe_expert.gate | potential_target | 0.188 | 0.227 | 0.157 | candidate |
| 62 | `block_015.slot_01.moe_expert.down` | moe_expert.down | potential_target | 0.188 | 0.227 | 0.157 | candidate |
| 63 | `block_037.slot_01.moe_expert.down` | moe_expert.down | potential_target | 0.188 | 0.227 | 0.156 | candidate |
| 64 | `block_021.slot_01.moe_expert.down` | moe_expert.down | potential_target | 0.188 | 0.227 | 0.157 | candidate |
| 65 | `block_013.slot_00.moe_expert.gate` | moe_expert.gate | potential_target | 0.188 | 0.227 | 0.157 | candidate |
| 66 | `block_045.slot_00.moe_expert.gate` | moe_expert.gate | potential_target | 0.188 | 0.227 | 0.157 | candidate |
| 67 | `block_052.slot_02.moe_expert.up` | moe_expert.up | potential_target | 0.188 | 0.227 | 0.157 | candidate |
| 68 | `block_005.slot_01.moe_expert.down` | moe_expert.down | potential_target | 0.188 | 0.227 | 0.157 | candidate |
| 69 | `block_014.slot_01.moe_expert.down` | moe_expert.down | potential_target | 0.188 | 0.227 | 0.157 | candidate |
| 70 | `block_025.slot_01.moe_expert.down` | moe_expert.down | potential_target | 0.188 | 0.227 | 0.157 | candidate |
| 71 | `block_040.slot_02.moe_expert.up` | moe_expert.up | potential_target | 0.188 | 0.227 | 0.157 | candidate |
| 72 | `block_012.slot_00.moe_expert.gate` | moe_expert.gate | potential_target | 0.188 | 0.226 | 0.157 | candidate |
| 73 | `block_030.slot_02.moe_expert.up` | moe_expert.up | potential_target | 0.188 | 0.226 | 0.157 | candidate |
| 74 | `block_018.slot_00.moe_expert.gate` | moe_expert.gate | potential_target | 0.188 | 0.226 | 0.157 | candidate |
| 75 | `block_020.slot_02.moe_expert.up` | moe_expert.up | potential_target | 0.188 | 0.226 | 0.157 | candidate |
| 76 | `block_025.slot_02.moe_expert.up` | moe_expert.up | potential_target | 0.188 | 0.226 | 0.157 | candidate |
| 77 | `block_043.slot_00.moe_expert.gate` | moe_expert.gate | potential_target | 0.188 | 0.226 | 0.157 | candidate |
| 78 | `block_054.slot_00.moe_expert.gate` | moe_expert.gate | potential_target | 0.188 | 0.226 | 0.157 | candidate |
| 79 | `block_014.slot_00.moe_expert.gate` | moe_expert.gate | potential_target | 0.188 | 0.226 | 0.157 | candidate |
| 80 | `block_030.slot_00.moe_expert.gate` | moe_expert.gate | potential_target | 0.188 | 0.226 | 0.157 | candidate |
| 81 | `block_038.slot_00.moe_expert.gate` | moe_expert.gate | potential_target | 0.188 | 0.226 | 0.157 | candidate |
| 82 | `block_019.slot_01.moe_expert.down` | moe_expert.down | potential_target | 0.188 | 0.226 | 0.157 | candidate |
| 83 | `block_020.slot_00.moe_expert.gate` | moe_expert.gate | potential_target | 0.188 | 0.226 | 0.157 | candidate |
| 84 | `block_027.slot_02.moe_expert.up` | moe_expert.up | potential_target | 0.188 | 0.226 | 0.157 | candidate |
| 85 | `block_055.slot_00.moe_expert.gate` | moe_expert.gate | potential_target | 0.188 | 0.226 | 0.157 | candidate |
| 86 | `block_011.slot_00.moe_expert.gate` | moe_expert.gate | potential_target | 0.188 | 0.226 | 0.157 | candidate |
| 87 | `block_035.slot_01.moe_expert.down` | moe_expert.down | potential_target | 0.188 | 0.226 | 0.156 | candidate |
| 88 | `block_048.slot_00.moe_expert.gate` | moe_expert.gate | potential_target | 0.188 | 0.226 | 0.157 | candidate |
| 89 | `block_051.slot_00.moe_expert.gate` | moe_expert.gate | potential_target | 0.188 | 0.226 | 0.157 | candidate |
| 90 | `block_033.slot_01.moe_expert.down` | moe_expert.down | potential_target | 0.188 | 0.226 | 0.157 | candidate |
| 91 | `block_000.slot_01.moe_expert.down` | moe_expert.down | potential_target | 0.188 | 0.226 | 0.157 | candidate |
| 92 | `block_015.slot_00.moe_expert.gate` | moe_expert.gate | potential_target | 0.188 | 0.226 | 0.157 | candidate |
| 93 | `block_052.slot_01.moe_expert.down` | moe_expert.down | potential_target | 0.188 | 0.226 | 0.157 | candidate |
| 94 | `block_012.slot_02.moe_expert.up` | moe_expert.up | potential_target | 0.188 | 0.226 | 0.157 | candidate |
| 95 | `block_003.slot_01.moe_expert.down` | moe_expert.down | potential_target | 0.188 | 0.226 | 0.157 | candidate |
| 96 | `block_044.slot_01.moe_expert.down` | moe_expert.down | potential_target | 0.188 | 0.226 | 0.157 | candidate |
| 97 | `block_004.slot_00.moe_expert.gate` | moe_expert.gate | potential_target | 0.188 | 0.226 | 0.157 | candidate |
| 98 | `block_060.slot_00.moe_expert.gate` | moe_expert.gate | potential_target | 0.188 | 0.226 | 0.157 | candidate |
| 99 | `block_057.slot_02.moe_expert.up` | moe_expert.up | potential_target | 0.188 | 0.226 | 0.158 | candidate |
| 100 | `block_032.slot_00.moe_expert.gate` | moe_expert.gate | potential_target | 0.188 | 0.226 | 0.157 | candidate |
| 101 | `block_041.slot_02.moe_expert.up` | moe_expert.up | potential_target | 0.188 | 0.226 | 0.157 | candidate |
| 102 | `block_028.slot_02.moe_expert.up` | moe_expert.up | potential_target | 0.188 | 0.226 | 0.157 | candidate |
| 103 | `block_044.slot_02.moe_expert.up` | moe_expert.up | potential_target | 0.188 | 0.226 | 0.157 | candidate |
| 104 | `block_042.slot_02.moe_expert.up` | moe_expert.up | potential_target | 0.188 | 0.226 | 0.157 | candidate |
| 105 | `block_023.slot_00.moe_expert.gate` | moe_expert.gate | potential_target | 0.188 | 0.226 | 0.157 | candidate |
| 106 | `block_057.slot_01.moe_expert.down` | moe_expert.down | potential_target | 0.188 | 0.226 | 0.157 | candidate |
| 107 | `block_013.slot_01.moe_expert.down` | moe_expert.down | potential_target | 0.188 | 0.226 | 0.157 | candidate |
| 108 | `block_028.slot_01.moe_expert.down` | moe_expert.down | potential_target | 0.188 | 0.226 | 0.157 | candidate |
| 109 | `block_026.slot_00.moe_expert.gate` | moe_expert.gate | potential_target | 0.188 | 0.226 | 0.157 | candidate |
| 110 | `block_037.slot_00.moe_expert.gate` | moe_expert.gate | potential_target | 0.188 | 0.226 | 0.157 | candidate |
| 111 | `block_001.slot_02.moe_expert.up` | moe_expert.up | potential_target | 0.188 | 0.226 | 0.157 | candidate |
| 112 | `block_017.slot_01.moe_expert.down` | moe_expert.down | potential_target | 0.188 | 0.226 | 0.157 | candidate |
| 113 | `block_021.slot_02.moe_expert.up` | moe_expert.up | potential_target | 0.188 | 0.226 | 0.157 | candidate |
| 114 | `block_036.slot_02.moe_expert.up` | moe_expert.up | potential_target | 0.188 | 0.226 | 0.157 | candidate |
| 115 | `block_007.slot_02.moe_expert.up` | moe_expert.up | potential_target | 0.188 | 0.226 | 0.157 | candidate |
| 116 | `block_045.slot_01.moe_expert.down` | moe_expert.down | potential_target | 0.188 | 0.226 | 0.157 | candidate |
| 117 | `block_048.slot_02.moe_expert.up` | moe_expert.up | potential_target | 0.188 | 0.226 | 0.158 | candidate |
| 118 | `block_061.slot_00.moe_expert.gate` | moe_expert.gate | potential_target | 0.188 | 0.226 | 0.157 | candidate |
| 119 | `block_050.slot_02.moe_expert.up` | moe_expert.up | potential_target | 0.188 | 0.226 | 0.157 | candidate |
| 120 | `block_018.slot_01.moe_expert.down` | moe_expert.down | potential_target | 0.188 | 0.226 | 0.157 | candidate |
| 121 | `block_039.slot_00.moe_expert.gate` | moe_expert.gate | potential_target | 0.188 | 0.226 | 0.158 | candidate |
| 122 | `block_042.slot_00.moe_expert.gate` | moe_expert.gate | potential_target | 0.188 | 0.226 | 0.158 | candidate |
| 123 | `block_034.slot_02.moe_expert.up` | moe_expert.up | potential_target | 0.188 | 0.226 | 0.157 | candidate |
| 124 | `block_051.slot_02.moe_expert.up` | moe_expert.up | potential_target | 0.188 | 0.226 | 0.157 | candidate |
| 125 | `block_040.slot_00.moe_expert.gate` | moe_expert.gate | potential_target | 0.188 | 0.226 | 0.158 | candidate |
| 126 | `block_062.slot_01.moe_expert.down` | moe_expert.down | potential_target | 0.188 | 0.226 | 0.157 | candidate |
| 127 | `block_049.slot_02.moe_expert.up` | moe_expert.up | potential_target | 0.188 | 0.226 | 0.157 | candidate |
| 128 | `block_023.slot_02.moe_expert.up` | moe_expert.up | potential_target | 0.188 | 0.226 | 0.157 | candidate |
| 129 | `block_035.slot_00.moe_expert.gate` | moe_expert.gate | potential_target | 0.188 | 0.226 | 0.157 | candidate |
| 130 | `block_011.slot_02.moe_expert.up` | moe_expert.up | potential_target | 0.188 | 0.226 | 0.157 | candidate |
| 131 | `block_011.slot_01.moe_expert.down` | moe_expert.down | potential_target | 0.188 | 0.226 | 0.157 | candidate |
| 132 | `block_033.slot_00.moe_expert.gate` | moe_expert.gate | potential_target | 0.188 | 0.226 | 0.157 | candidate |
| 133 | `block_025.slot_00.moe_expert.gate` | moe_expert.gate | potential_target | 0.188 | 0.226 | 0.157 | candidate |
| 134 | `block_063.slot_02.moe_expert.up` | moe_expert.up | potential_target | 0.188 | 0.226 | 0.157 | candidate |
| 135 | `block_027.slot_00.moe_expert.gate` | moe_expert.gate | potential_target | 0.188 | 0.226 | 0.157 | candidate |
| 136 | `block_043.slot_02.moe_expert.up` | moe_expert.up | potential_target | 0.188 | 0.226 | 0.157 | candidate |
| 137 | `block_006.slot_00.moe_expert.gate` | moe_expert.gate | potential_target | 0.188 | 0.226 | 0.157 | candidate |
| 138 | `block_007.slot_01.moe_expert.down` | moe_expert.down | potential_target | 0.188 | 0.226 | 0.157 | candidate |
| 139 | `block_031.slot_00.moe_expert.gate` | moe_expert.gate | potential_target | 0.188 | 0.226 | 0.157 | candidate |
| 140 | `block_008.slot_00.moe_expert.gate` | moe_expert.gate | potential_target | 0.188 | 0.226 | 0.157 | candidate |
| 141 | `block_055.slot_02.moe_expert.up` | moe_expert.up | potential_target | 0.188 | 0.226 | 0.157 | candidate |
| 142 | `block_004.slot_02.moe_expert.up` | moe_expert.up | potential_target | 0.188 | 0.226 | 0.157 | candidate |
| 143 | `block_052.slot_00.moe_expert.gate` | moe_expert.gate | potential_target | 0.188 | 0.226 | 0.157 | candidate |
| 144 | `block_028.slot_00.moe_expert.gate` | moe_expert.gate | potential_target | 0.188 | 0.226 | 0.157 | candidate |
| 145 | `block_049.slot_00.moe_expert.gate` | moe_expert.gate | potential_target | 0.188 | 0.226 | 0.157 | candidate |
| 146 | `block_022.slot_02.moe_expert.up` | moe_expert.up | potential_target | 0.188 | 0.226 | 0.157 | candidate |
| 147 | `block_046.slot_00.moe_expert.gate` | moe_expert.gate | potential_target | 0.188 | 0.226 | 0.158 | candidate |
| 148 | `block_059.slot_00.moe_expert.gate` | moe_expert.gate | potential_target | 0.188 | 0.226 | 0.157 | candidate |
| 149 | `block_062.slot_00.moe_expert.gate` | moe_expert.gate | potential_target | 0.188 | 0.226 | 0.157 | candidate |
| 150 | `block_033.slot_02.moe_expert.up` | moe_expert.up | potential_target | 0.188 | 0.226 | 0.157 | candidate |
| 151 | `block_056.slot_00.moe_expert.gate` | moe_expert.gate | potential_target | 0.188 | 0.226 | 0.158 | candidate |
| 152 | `block_036.slot_00.moe_expert.gate` | moe_expert.gate | potential_target | 0.188 | 0.226 | 0.157 | candidate |
| 153 | `block_008.slot_02.moe_expert.up` | moe_expert.up | potential_target | 0.188 | 0.226 | 0.158 | candidate |
| 154 | `block_022.slot_00.moe_expert.gate` | moe_expert.gate | potential_target | 0.188 | 0.226 | 0.157 | candidate |
| 155 | `block_009.slot_02.moe_expert.up` | moe_expert.up | potential_target | 0.188 | 0.226 | 0.158 | candidate |
| 156 | `block_034.slot_00.moe_expert.gate` | moe_expert.gate | potential_target | 0.188 | 0.226 | 0.157 | candidate |
| 157 | `block_057.slot_00.moe_expert.gate` | moe_expert.gate | potential_target | 0.188 | 0.226 | 0.158 | candidate |
| 158 | `block_016.slot_02.moe_expert.up` | moe_expert.up | potential_target | 0.188 | 0.226 | 0.158 | candidate |
| 159 | `block_047.slot_00.moe_expert.gate` | moe_expert.gate | potential_target | 0.188 | 0.226 | 0.157 | candidate |
| 160 | `block_056.slot_02.moe_expert.up` | moe_expert.up | potential_target | 0.188 | 0.226 | 0.158 | candidate |
| 161 | `block_019.slot_02.moe_expert.up` | moe_expert.up | potential_target | 0.188 | 0.226 | 0.157 | candidate |
| 162 | `block_003.slot_00.moe_expert.gate` | moe_expert.gate | potential_target | 0.188 | 0.226 | 0.157 | candidate |
| 163 | `block_050.slot_00.moe_expert.gate` | moe_expert.gate | potential_target | 0.188 | 0.226 | 0.157 | candidate |
| 164 | `block_015.slot_02.moe_expert.up` | moe_expert.up | potential_target | 0.188 | 0.226 | 0.158 | candidate |
| 165 | `block_019.slot_00.moe_expert.gate` | moe_expert.gate | potential_target | 0.188 | 0.226 | 0.157 | candidate |
| 166 | `block_009.slot_01.moe_expert.down` | moe_expert.down | potential_target | 0.188 | 0.226 | 0.158 | candidate |
| 167 | `block_058.slot_00.moe_expert.gate` | moe_expert.gate | potential_target | 0.188 | 0.226 | 0.157 | candidate |
| 168 | `block_063.slot_00.moe_expert.gate` | moe_expert.gate | potential_target | 0.188 | 0.226 | 0.158 | candidate |
| 169 | `block_005.slot_00.moe_expert.gate` | moe_expert.gate | potential_target | 0.188 | 0.226 | 0.158 | candidate |
| 170 | `block_002.slot_00.moe_expert.gate` | moe_expert.gate | potential_target | 0.188 | 0.226 | 0.157 | candidate |
| 171 | `block_053.slot_00.moe_expert.gate` | moe_expert.gate | potential_target | 0.188 | 0.226 | 0.158 | candidate |
| 172 | `block_016.slot_00.moe_expert.gate` | moe_expert.gate | potential_target | 0.188 | 0.226 | 0.158 | candidate |
| 173 | `block_017.slot_00.moe_expert.gate` | moe_expert.gate | potential_target | 0.188 | 0.226 | 0.158 | candidate |
| 174 | `block_003.slot_02.moe_expert.up` | moe_expert.up | potential_target | 0.188 | 0.226 | 0.158 | candidate |
| 175 | `block_009.slot_00.moe_expert.gate` | moe_expert.gate | potential_target | 0.188 | 0.226 | 0.158 | candidate |
| 176 | `block_005.slot_02.moe_expert.up` | moe_expert.up | potential_target | 0.188 | 0.226 | 0.158 | candidate |
| 177 | `block_058.slot_02.moe_expert.up` | moe_expert.up | potential_target | 0.188 | 0.226 | 0.158 | candidate |
| 178 | `block_029.slot_00.moe_expert.gate` | moe_expert.gate | potential_target | 0.188 | 0.226 | 0.157 | candidate |
| 179 | `block_007.slot_00.moe_expert.gate` | moe_expert.gate | potential_target | 0.188 | 0.226 | 0.158 | candidate |
| 180 | `block_006.slot_02.moe_expert.up` | moe_expert.up | potential_target | 0.188 | 0.226 | 0.158 | candidate |
| 181 | `block_039.slot_02.moe_expert.up` | moe_expert.up | potential_target | 0.188 | 0.226 | 0.158 | candidate |
| 182 | `block_047.slot_02.moe_expert.up` | moe_expert.up | potential_target | 0.188 | 0.226 | 0.158 | candidate |
| 183 | `block_060.slot_02.moe_expert.up` | moe_expert.up | potential_target | 0.188 | 0.226 | 0.158 | candidate |
| 184 | `block_013.slot_02.moe_expert.up` | moe_expert.up | potential_target | 0.188 | 0.226 | 0.158 | candidate |
| 185 | `block_062.slot_02.moe_expert.up` | moe_expert.up | potential_target | 0.188 | 0.226 | 0.158 | candidate |
| 186 | `block_001.slot_00.moe_expert.gate` | moe_expert.gate | potential_target | 0.188 | 0.226 | 0.158 | candidate |
| 187 | `block_010.slot_02.moe_expert.up` | moe_expert.up | potential_target | 0.188 | 0.226 | 0.158 | candidate |
| 188 | `block_000.slot_02.moe_expert.up` | moe_expert.up | potential_target | 0.188 | 0.226 | 0.158 | candidate |
| 189 | `block_045.slot_02.moe_expert.up` | moe_expert.up | potential_target | 0.188 | 0.226 | 0.158 | candidate |
| 190 | `block_017.slot_02.moe_expert.up` | moe_expert.up | potential_target | 0.188 | 0.226 | 0.158 | candidate |
| 191 | `block_029.slot_02.moe_expert.up` | moe_expert.up | potential_target | 0.188 | 0.226 | 0.158 | candidate |
| 192 | `block_000.slot_00.moe_expert.gate` | moe_expert.gate | potential_target | 0.187 | 0.225 | 0.163 | candidate |
| 193 | `block_027.slot_04.attn_proj_i8.model_width` | attn_proj_i8.model_width | potential_target | 0.167 | 0.201 | 0.154 | candidate |
| 194 | `block_022.slot_04.attn_proj_i8.model_width` | attn_proj_i8.model_width | potential_target | 0.167 | 0.201 | 0.154 | candidate |
| 195 | `block_050.slot_04.attn_proj_i8.model_width` | attn_proj_i8.model_width | potential_target | 0.167 | 0.201 | 0.154 | candidate |
| 196 | `block_021.slot_04.attn_proj_i8.model_width` | attn_proj_i8.model_width | potential_target | 0.167 | 0.201 | 0.154 | candidate |
| 197 | `block_017.slot_04.attn_proj_i8.model_width` | attn_proj_i8.model_width | potential_target | 0.167 | 0.201 | 0.154 | candidate |
| 198 | `block_037.slot_04.attn_proj_i8.model_width` | attn_proj_i8.model_width | potential_target | 0.167 | 0.201 | 0.154 | candidate |
| 199 | `block_005.slot_04.attn_proj_i8.model_width` | attn_proj_i8.model_width | potential_target | 0.167 | 0.201 | 0.154 | candidate |
| 200 | `block_062.slot_04.attn_proj_i8.model_width` | attn_proj_i8.model_width | potential_target | 0.167 | 0.201 | 0.154 | candidate |
| 201 | `block_045.slot_04.attn_proj_i8.model_width` | attn_proj_i8.model_width | potential_target | 0.167 | 0.201 | 0.154 | candidate |
| 202 | `block_048.slot_04.attn_proj_i8.model_width` | attn_proj_i8.model_width | potential_target | 0.167 | 0.201 | 0.154 | candidate |
| 203 | `block_049.slot_04.attn_proj_i8.model_width` | attn_proj_i8.model_width | potential_target | 0.167 | 0.201 | 0.154 | candidate |
| 204 | `block_063.slot_04.attn_proj_i8.model_width` | attn_proj_i8.model_width | potential_target | 0.167 | 0.201 | 0.154 | candidate |
| 205 | `block_034.slot_04.attn_proj_i8.model_width` | attn_proj_i8.model_width | potential_target | 0.167 | 0.201 | 0.154 | candidate |
| 206 | `block_002.slot_04.attn_proj_i8.model_width` | attn_proj_i8.model_width | potential_target | 0.167 | 0.201 | 0.154 | candidate |
| 207 | `block_043.slot_04.attn_proj_i8.model_width` | attn_proj_i8.model_width | potential_target | 0.167 | 0.201 | 0.154 | candidate |
| 208 | `block_026.slot_04.attn_proj_i8.model_width` | attn_proj_i8.model_width | potential_target | 0.167 | 0.201 | 0.154 | candidate |
| 209 | `block_035.slot_04.attn_proj_i8.model_width` | attn_proj_i8.model_width | potential_target | 0.167 | 0.201 | 0.154 | candidate |
| 210 | `block_009.slot_04.attn_proj_i8.model_width` | attn_proj_i8.model_width | potential_target | 0.167 | 0.201 | 0.154 | candidate |
| 211 | `block_025.slot_04.attn_proj_i8.model_width` | attn_proj_i8.model_width | potential_target | 0.167 | 0.201 | 0.154 | candidate |
| 212 | `block_044.slot_04.attn_proj_i8.model_width` | attn_proj_i8.model_width | potential_target | 0.167 | 0.201 | 0.154 | candidate |
| 213 | `block_001.slot_04.attn_proj_i8.model_width` | attn_proj_i8.model_width | potential_target | 0.167 | 0.201 | 0.154 | candidate |
| 214 | `block_046.slot_04.attn_proj_i8.model_width` | attn_proj_i8.model_width | potential_target | 0.167 | 0.201 | 0.154 | candidate |
| 215 | `block_023.slot_04.attn_proj_i8.model_width` | attn_proj_i8.model_width | potential_target | 0.167 | 0.201 | 0.154 | candidate |
| 216 | `block_013.slot_04.attn_proj_i8.model_width` | attn_proj_i8.model_width | potential_target | 0.167 | 0.201 | 0.154 | candidate |
| 217 | `block_042.slot_04.attn_proj_i8.model_width` | attn_proj_i8.model_width | potential_target | 0.167 | 0.201 | 0.154 | candidate |
| 218 | `block_040.slot_04.attn_proj_i8.model_width` | attn_proj_i8.model_width | potential_target | 0.167 | 0.201 | 0.154 | candidate |
| 219 | `block_039.slot_04.attn_proj_i8.model_width` | attn_proj_i8.model_width | potential_target | 0.167 | 0.201 | 0.154 | candidate |
| 220 | `block_061.slot_04.attn_proj_i8.model_width` | attn_proj_i8.model_width | potential_target | 0.167 | 0.201 | 0.154 | candidate |
| 221 | `block_012.slot_04.attn_proj_i8.model_width` | attn_proj_i8.model_width | potential_target | 0.167 | 0.201 | 0.154 | candidate |
| 222 | `block_032.slot_04.attn_proj_i8.model_width` | attn_proj_i8.model_width | potential_target | 0.167 | 0.201 | 0.154 | candidate |
| 223 | `block_047.slot_04.attn_proj_i8.model_width` | attn_proj_i8.model_width | potential_target | 0.166 | 0.201 | 0.154 | candidate |
| 224 | `block_055.slot_04.attn_proj_i8.model_width` | attn_proj_i8.model_width | potential_target | 0.166 | 0.201 | 0.154 | candidate |
| 225 | `block_041.slot_04.attn_proj_i8.model_width` | attn_proj_i8.model_width | potential_target | 0.166 | 0.201 | 0.154 | candidate |
| 226 | `block_024.slot_04.attn_proj_i8.model_width` | attn_proj_i8.model_width | potential_target | 0.166 | 0.201 | 0.154 | candidate |
| 227 | `block_038.slot_04.attn_proj_i8.model_width` | attn_proj_i8.model_width | potential_target | 0.166 | 0.201 | 0.155 | candidate |
| 228 | `block_053.slot_04.attn_proj_i8.model_width` | attn_proj_i8.model_width | potential_target | 0.166 | 0.201 | 0.155 | candidate |
| 229 | `block_054.slot_04.attn_proj_i8.model_width` | attn_proj_i8.model_width | potential_target | 0.166 | 0.201 | 0.155 | candidate |
| 230 | `block_028.slot_04.attn_proj_i8.model_width` | attn_proj_i8.model_width | potential_target | 0.166 | 0.201 | 0.154 | candidate |
| 231 | `block_036.slot_04.attn_proj_i8.model_width` | attn_proj_i8.model_width | potential_target | 0.166 | 0.201 | 0.154 | candidate |
| 232 | `block_010.slot_04.attn_proj_i8.model_width` | attn_proj_i8.model_width | potential_target | 0.166 | 0.201 | 0.154 | candidate |
| 233 | `block_016.slot_04.attn_proj_i8.model_width` | attn_proj_i8.model_width | potential_target | 0.166 | 0.201 | 0.154 | candidate |
| 234 | `block_020.slot_04.attn_proj_i8.model_width` | attn_proj_i8.model_width | potential_target | 0.166 | 0.201 | 0.154 | candidate |
| 235 | `block_059.slot_04.attn_proj_i8.model_width` | attn_proj_i8.model_width | potential_target | 0.166 | 0.201 | 0.155 | candidate |
| 236 | `block_014.slot_04.attn_proj_i8.model_width` | attn_proj_i8.model_width | potential_target | 0.166 | 0.201 | 0.154 | candidate |
| 237 | `block_004.slot_04.attn_proj_i8.model_width` | attn_proj_i8.model_width | potential_target | 0.166 | 0.201 | 0.154 | candidate |
| 238 | `block_007.slot_04.attn_proj_i8.model_width` | attn_proj_i8.model_width | potential_target | 0.166 | 0.201 | 0.154 | candidate |
| 239 | `block_019.slot_04.attn_proj_i8.model_width` | attn_proj_i8.model_width | potential_target | 0.166 | 0.201 | 0.154 | candidate |
| 240 | `block_008.slot_04.attn_proj_i8.model_width` | attn_proj_i8.model_width | potential_target | 0.166 | 0.201 | 0.154 | candidate |
| 241 | `block_051.slot_04.attn_proj_i8.model_width` | attn_proj_i8.model_width | potential_target | 0.166 | 0.201 | 0.154 | candidate |
| 242 | `block_033.slot_04.attn_proj_i8.model_width` | attn_proj_i8.model_width | potential_target | 0.166 | 0.201 | 0.154 | candidate |
| 243 | `block_011.slot_04.attn_proj_i8.model_width` | attn_proj_i8.model_width | potential_target | 0.166 | 0.200 | 0.154 | candidate |
| 244 | `block_015.slot_04.attn_proj_i8.model_width` | attn_proj_i8.model_width | potential_target | 0.166 | 0.200 | 0.155 | candidate |
| 245 | `block_029.slot_04.attn_proj_i8.model_width` | attn_proj_i8.model_width | potential_target | 0.166 | 0.200 | 0.154 | candidate |
| 246 | `block_057.slot_04.attn_proj_i8.model_width` | attn_proj_i8.model_width | potential_target | 0.166 | 0.200 | 0.155 | candidate |
| 247 | `block_052.slot_04.attn_proj_i8.model_width` | attn_proj_i8.model_width | potential_target | 0.166 | 0.200 | 0.154 | candidate |
| 248 | `block_056.slot_04.attn_proj_i8.model_width` | attn_proj_i8.model_width | potential_target | 0.166 | 0.200 | 0.155 | candidate |
| 249 | `block_000.slot_04.attn_proj_i8.model_width` | attn_proj_i8.model_width | potential_target | 0.166 | 0.200 | 0.154 | candidate |
| 250 | `block_030.slot_04.attn_proj_i8.model_width` | attn_proj_i8.model_width | potential_target | 0.166 | 0.200 | 0.155 | candidate |
| 251 | `block_018.slot_04.attn_proj_i8.model_width` | attn_proj_i8.model_width | potential_target | 0.166 | 0.200 | 0.154 | candidate |
| 252 | `block_031.slot_04.attn_proj_i8.model_width` | attn_proj_i8.model_width | potential_target | 0.166 | 0.200 | 0.154 | candidate |
| 253 | `block_003.slot_04.attn_proj_i8.model_width` | attn_proj_i8.model_width | potential_target | 0.166 | 0.200 | 0.154 | candidate |
| 254 | `block_006.slot_04.attn_proj_i8.model_width` | attn_proj_i8.model_width | potential_target | 0.166 | 0.200 | 0.155 | candidate |
| 255 | `block_058.slot_04.attn_proj_i8.model_width` | attn_proj_i8.model_width | potential_target | 0.166 | 0.200 | 0.155 | candidate |
| 256 | `block_060.slot_04.attn_proj_i8.model_width` | attn_proj_i8.model_width | potential_target | 0.166 | 0.200 | 0.155 | candidate |
| 257 | `block_024.slot_05.attn_proj_i8.model_width` | attn_proj_i8.model_width | potential_target | 0.166 | 0.199 | 0.157 | candidate |
| 258 | `block_018.slot_05.attn_proj_i8.model_width` | attn_proj_i8.model_width | potential_target | 0.165 | 0.199 | 0.158 | candidate |
| 259 | `block_031.slot_05.attn_proj_i8.model_width` | attn_proj_i8.model_width | potential_target | 0.165 | 0.199 | 0.158 | candidate |
| 260 | `block_042.slot_05.attn_proj_i8.model_width` | attn_proj_i8.model_width | potential_target | 0.165 | 0.199 | 0.158 | candidate |
| 261 | `block_035.slot_05.attn_proj_i8.model_width` | attn_proj_i8.model_width | potential_target | 0.165 | 0.199 | 0.158 | candidate |
| 262 | `block_016.slot_05.attn_proj_i8.model_width` | attn_proj_i8.model_width | potential_target | 0.165 | 0.199 | 0.157 | candidate |
| 263 | `block_056.slot_05.attn_proj_i8.model_width` | attn_proj_i8.model_width | potential_target | 0.165 | 0.199 | 0.157 | candidate |
| 264 | `block_060.slot_05.attn_proj_i8.model_width` | attn_proj_i8.model_width | potential_target | 0.165 | 0.199 | 0.158 | candidate |
| 265 | `block_036.slot_05.attn_proj_i8.model_width` | attn_proj_i8.model_width | potential_target | 0.165 | 0.199 | 0.157 | candidate |
| 266 | `block_062.slot_05.attn_proj_i8.model_width` | attn_proj_i8.model_width | potential_target | 0.165 | 0.199 | 0.158 | candidate |
| 267 | `block_053.slot_05.attn_proj_i8.model_width` | attn_proj_i8.model_width | potential_target | 0.165 | 0.199 | 0.158 | candidate |
| 268 | `block_020.slot_05.attn_proj_i8.model_width` | attn_proj_i8.model_width | potential_target | 0.165 | 0.199 | 0.158 | candidate |
| 269 | `block_029.slot_05.attn_proj_i8.model_width` | attn_proj_i8.model_width | potential_target | 0.165 | 0.199 | 0.157 | candidate |
| 270 | `block_002.slot_05.attn_proj_i8.model_width` | attn_proj_i8.model_width | potential_target | 0.165 | 0.199 | 0.158 | candidate |
| 271 | `block_044.slot_05.attn_proj_i8.model_width` | attn_proj_i8.model_width | potential_target | 0.165 | 0.199 | 0.158 | candidate |
| 272 | `block_011.slot_05.attn_proj_i8.model_width` | attn_proj_i8.model_width | potential_target | 0.165 | 0.199 | 0.158 | candidate |
| 273 | `block_049.slot_05.attn_proj_i8.model_width` | attn_proj_i8.model_width | potential_target | 0.165 | 0.199 | 0.158 | candidate |
| 274 | `block_046.slot_05.attn_proj_i8.model_width` | attn_proj_i8.model_width | potential_target | 0.165 | 0.199 | 0.158 | candidate |
| 275 | `block_032.slot_05.attn_proj_i8.model_width` | attn_proj_i8.model_width | potential_target | 0.165 | 0.199 | 0.157 | candidate |
| 276 | `block_057.slot_05.attn_proj_i8.model_width` | attn_proj_i8.model_width | potential_target | 0.165 | 0.199 | 0.158 | candidate |
| 277 | `block_039.slot_05.attn_proj_i8.model_width` | attn_proj_i8.model_width | potential_target | 0.165 | 0.199 | 0.158 | candidate |
| 278 | `block_006.slot_05.attn_proj_i8.model_width` | attn_proj_i8.model_width | potential_target | 0.165 | 0.199 | 0.158 | candidate |
| 279 | `block_028.slot_05.attn_proj_i8.model_width` | attn_proj_i8.model_width | potential_target | 0.165 | 0.199 | 0.158 | candidate |
| 280 | `block_038.slot_05.attn_proj_i8.model_width` | attn_proj_i8.model_width | potential_target | 0.165 | 0.199 | 0.158 | candidate |
| 281 | `block_037.slot_05.attn_proj_i8.model_width` | attn_proj_i8.model_width | potential_target | 0.165 | 0.199 | 0.158 | candidate |
| 282 | `block_047.slot_05.attn_proj_i8.model_width` | attn_proj_i8.model_width | potential_target | 0.165 | 0.199 | 0.158 | candidate |
| 283 | `block_004.slot_05.attn_proj_i8.model_width` | attn_proj_i8.model_width | potential_target | 0.165 | 0.199 | 0.158 | candidate |
| 284 | `block_026.slot_05.attn_proj_i8.model_width` | attn_proj_i8.model_width | potential_target | 0.165 | 0.199 | 0.158 | candidate |
| 285 | `block_022.slot_05.attn_proj_i8.model_width` | attn_proj_i8.model_width | potential_target | 0.165 | 0.199 | 0.158 | candidate |
| 286 | `block_027.slot_05.attn_proj_i8.model_width` | attn_proj_i8.model_width | potential_target | 0.165 | 0.199 | 0.158 | candidate |
| 287 | `block_019.slot_05.attn_proj_i8.model_width` | attn_proj_i8.model_width | potential_target | 0.165 | 0.199 | 0.158 | candidate |
| 288 | `block_061.slot_05.attn_proj_i8.model_width` | attn_proj_i8.model_width | potential_target | 0.165 | 0.199 | 0.158 | candidate |
| 289 | `block_052.slot_05.attn_proj_i8.model_width` | attn_proj_i8.model_width | potential_target | 0.165 | 0.199 | 0.158 | candidate |
| 290 | `block_041.slot_05.attn_proj_i8.model_width` | attn_proj_i8.model_width | potential_target | 0.165 | 0.199 | 0.158 | candidate |
| 291 | `block_017.slot_05.attn_proj_i8.model_width` | attn_proj_i8.model_width | potential_target | 0.165 | 0.199 | 0.158 | candidate |
| 292 | `block_033.slot_05.attn_proj_i8.model_width` | attn_proj_i8.model_width | potential_target | 0.165 | 0.199 | 0.159 | candidate |
| 293 | `block_063.slot_05.attn_proj_i8.model_width` | attn_proj_i8.model_width | potential_target | 0.165 | 0.199 | 0.158 | candidate |
| 294 | `block_045.slot_05.attn_proj_i8.model_width` | attn_proj_i8.model_width | potential_target | 0.165 | 0.199 | 0.158 | candidate |
| 295 | `block_055.slot_05.attn_proj_i8.model_width` | attn_proj_i8.model_width | potential_target | 0.165 | 0.199 | 0.158 | candidate |
| 296 | `block_000.slot_05.attn_proj_i8.model_width` | attn_proj_i8.model_width | potential_target | 0.165 | 0.199 | 0.158 | candidate |
| 297 | `block_008.slot_05.attn_proj_i8.model_width` | attn_proj_i8.model_width | potential_target | 0.165 | 0.199 | 0.159 | candidate |
| 298 | `block_025.slot_05.attn_proj_i8.model_width` | attn_proj_i8.model_width | potential_target | 0.165 | 0.199 | 0.159 | candidate |
| 299 | `block_007.slot_05.attn_proj_i8.model_width` | attn_proj_i8.model_width | potential_target | 0.165 | 0.199 | 0.159 | candidate |
| 300 | `block_054.slot_05.attn_proj_i8.model_width` | attn_proj_i8.model_width | potential_target | 0.165 | 0.199 | 0.159 | candidate |
| 301 | `block_015.slot_05.attn_proj_i8.model_width` | attn_proj_i8.model_width | potential_target | 0.165 | 0.199 | 0.158 | candidate |
| 302 | `block_058.slot_05.attn_proj_i8.model_width` | attn_proj_i8.model_width | potential_target | 0.165 | 0.199 | 0.159 | candidate |
| 303 | `block_059.slot_05.attn_proj_i8.model_width` | attn_proj_i8.model_width | potential_target | 0.165 | 0.199 | 0.159 | candidate |
| 304 | `block_034.slot_05.attn_proj_i8.model_width` | attn_proj_i8.model_width | potential_target | 0.165 | 0.199 | 0.159 | candidate |
| 305 | `block_048.slot_05.attn_proj_i8.model_width` | attn_proj_i8.model_width | potential_target | 0.165 | 0.199 | 0.159 | candidate |
| 306 | `block_021.slot_05.attn_proj_i8.model_width` | attn_proj_i8.model_width | potential_target | 0.165 | 0.199 | 0.159 | candidate |
| 307 | `block_003.slot_05.attn_proj_i8.model_width` | attn_proj_i8.model_width | potential_target | 0.165 | 0.199 | 0.159 | candidate |
| 308 | `block_050.slot_05.attn_proj_i8.model_width` | attn_proj_i8.model_width | potential_target | 0.165 | 0.199 | 0.159 | candidate |
| 309 | `block_023.slot_05.attn_proj_i8.model_width` | attn_proj_i8.model_width | potential_target | 0.165 | 0.199 | 0.159 | candidate |
| 310 | `block_001.slot_05.attn_proj_i8.model_width` | attn_proj_i8.model_width | potential_target | 0.165 | 0.199 | 0.161 | candidate |
| 311 | `block_014.slot_05.attn_proj_i8.model_width` | attn_proj_i8.model_width | potential_target | 0.165 | 0.199 | 0.159 | candidate |
| 312 | `block_013.slot_05.attn_proj_i8.model_width` | attn_proj_i8.model_width | potential_target | 0.165 | 0.199 | 0.159 | candidate |
| 313 | `block_005.slot_05.attn_proj_i8.model_width` | attn_proj_i8.model_width | potential_target | 0.165 | 0.199 | 0.159 | candidate |
| 314 | `block_051.slot_05.attn_proj_i8.model_width` | attn_proj_i8.model_width | potential_target | 0.165 | 0.198 | 0.160 | candidate |
| 315 | `block_040.slot_05.attn_proj_i8.model_width` | attn_proj_i8.model_width | potential_target | 0.165 | 0.198 | 0.159 | candidate |
| 316 | `block_043.slot_05.attn_proj_i8.model_width` | attn_proj_i8.model_width | potential_target | 0.165 | 0.198 | 0.160 | candidate |
| 317 | `block_010.slot_05.attn_proj_i8.model_width` | attn_proj_i8.model_width | potential_target | 0.164 | 0.198 | 0.161 | candidate |
| 318 | `block_012.slot_05.attn_proj_i8.model_width` | attn_proj_i8.model_width | potential_target | 0.164 | 0.198 | 0.161 | candidate |
| 319 | `block_030.slot_05.attn_proj_i8.model_width` | attn_proj_i8.model_width | potential_target | 0.164 | 0.198 | 0.162 | candidate |
| 320 | `block_009.slot_05.attn_proj_i8.model_width` | attn_proj_i8.model_width | potential_target | 0.164 | 0.198 | 0.161 | candidate |
| 321 | `block_004.slot_06.attn_proj_i8.narrow` | attn_proj_i8.narrow | potential_target | 0.163 | 0.197 | 0.159 | candidate |
| 322 | `block_008.slot_06.attn_proj_i8.narrow` | attn_proj_i8.narrow | potential_target | 0.163 | 0.197 | 0.158 | candidate |
| 323 | `block_035.slot_06.attn_proj_i8.narrow` | attn_proj_i8.narrow | potential_target | 0.163 | 0.197 | 0.158 | candidate |
| 324 | `block_063.slot_06.attn_proj_i8.narrow` | attn_proj_i8.narrow | potential_target | 0.163 | 0.197 | 0.158 | candidate |
| 325 | `block_013.slot_06.attn_proj_i8.narrow` | attn_proj_i8.narrow | potential_target | 0.163 | 0.197 | 0.158 | candidate |
| 326 | `block_016.slot_03.attn_proj_i8.narrow` | attn_proj_i8.narrow | potential_target | 0.163 | 0.196 | 0.158 | candidate |
| 327 | `block_056.slot_03.attn_proj_i8.narrow` | attn_proj_i8.narrow | potential_target | 0.163 | 0.196 | 0.157 | candidate |
| 328 | `block_002.slot_06.attn_proj_i8.narrow` | attn_proj_i8.narrow | potential_target | 0.163 | 0.196 | 0.158 | candidate |
| 329 | `block_062.slot_06.attn_proj_i8.narrow` | attn_proj_i8.narrow | potential_target | 0.163 | 0.196 | 0.158 | candidate |
| 330 | `block_062.slot_03.attn_proj_i8.narrow` | attn_proj_i8.narrow | potential_target | 0.163 | 0.196 | 0.157 | candidate |
| 331 | `block_010.slot_06.attn_proj_i8.narrow` | attn_proj_i8.narrow | potential_target | 0.163 | 0.196 | 0.158 | candidate |
| 332 | `block_054.slot_06.attn_proj_i8.narrow` | attn_proj_i8.narrow | potential_target | 0.163 | 0.196 | 0.159 | candidate |
| 333 | `block_034.slot_06.attn_proj_i8.narrow` | attn_proj_i8.narrow | potential_target | 0.163 | 0.196 | 0.157 | candidate |
| 334 | `block_000.slot_03.attn_proj_i8.narrow` | attn_proj_i8.narrow | potential_target | 0.163 | 0.196 | 0.157 | candidate |
| 335 | `block_061.slot_06.attn_proj_i8.narrow` | attn_proj_i8.narrow | potential_target | 0.163 | 0.196 | 0.157 | candidate |
| 336 | `block_035.slot_03.attn_proj_i8.narrow` | attn_proj_i8.narrow | potential_target | 0.163 | 0.196 | 0.158 | candidate |
| 337 | `block_020.slot_03.attn_proj_i8.narrow` | attn_proj_i8.narrow | potential_target | 0.163 | 0.196 | 0.157 | candidate |
| 338 | `block_015.slot_06.attn_proj_i8.narrow` | attn_proj_i8.narrow | potential_target | 0.163 | 0.196 | 0.159 | candidate |
| 339 | `block_032.slot_06.attn_proj_i8.narrow` | attn_proj_i8.narrow | potential_target | 0.163 | 0.196 | 0.158 | candidate |
| 340 | `block_045.slot_03.attn_proj_i8.narrow` | attn_proj_i8.narrow | potential_target | 0.163 | 0.196 | 0.158 | candidate |
| 341 | `block_023.slot_06.attn_proj_i8.narrow` | attn_proj_i8.narrow | potential_target | 0.163 | 0.196 | 0.159 | candidate |
| 342 | `block_011.slot_06.attn_proj_i8.narrow` | attn_proj_i8.narrow | potential_target | 0.163 | 0.196 | 0.159 | candidate |
| 343 | `block_029.slot_03.attn_proj_i8.narrow` | attn_proj_i8.narrow | potential_target | 0.163 | 0.196 | 0.157 | candidate |
| 344 | `block_055.slot_03.attn_proj_i8.narrow` | attn_proj_i8.narrow | potential_target | 0.163 | 0.196 | 0.158 | candidate |
| 345 | `block_033.slot_03.attn_proj_i8.narrow` | attn_proj_i8.narrow | potential_target | 0.163 | 0.196 | 0.158 | candidate |
| 346 | `block_040.slot_03.attn_proj_i8.narrow` | attn_proj_i8.narrow | potential_target | 0.163 | 0.196 | 0.158 | candidate |
| 347 | `block_001.slot_06.attn_proj_i8.narrow` | attn_proj_i8.narrow | potential_target | 0.163 | 0.196 | 0.159 | candidate |
| 348 | `block_037.slot_06.attn_proj_i8.narrow` | attn_proj_i8.narrow | potential_target | 0.163 | 0.196 | 0.158 | candidate |
| 349 | `block_031.slot_03.attn_proj_i8.narrow` | attn_proj_i8.narrow | potential_target | 0.163 | 0.196 | 0.157 | candidate |
| 350 | `block_012.slot_06.attn_proj_i8.narrow` | attn_proj_i8.narrow | potential_target | 0.163 | 0.196 | 0.158 | candidate |
| 351 | `block_022.slot_03.attn_proj_i8.narrow` | attn_proj_i8.narrow | potential_target | 0.163 | 0.196 | 0.158 | candidate |
| 352 | `block_042.slot_03.attn_proj_i8.narrow` | attn_proj_i8.narrow | potential_target | 0.163 | 0.196 | 0.158 | candidate |
| 353 | `block_057.slot_03.attn_proj_i8.narrow` | attn_proj_i8.narrow | potential_target | 0.163 | 0.196 | 0.158 | candidate |
| 354 | `block_017.slot_03.attn_proj_i8.narrow` | attn_proj_i8.narrow | potential_target | 0.163 | 0.196 | 0.158 | candidate |
| 355 | `block_044.slot_03.attn_proj_i8.narrow` | attn_proj_i8.narrow | potential_target | 0.163 | 0.196 | 0.158 | candidate |
| 356 | `block_047.slot_03.attn_proj_i8.narrow` | attn_proj_i8.narrow | potential_target | 0.163 | 0.196 | 0.158 | candidate |
| 357 | `block_017.slot_06.attn_proj_i8.narrow` | attn_proj_i8.narrow | potential_target | 0.163 | 0.196 | 0.159 | candidate |
| 358 | `block_045.slot_06.attn_proj_i8.narrow` | attn_proj_i8.narrow | potential_target | 0.163 | 0.196 | 0.158 | candidate |
| 359 | `block_041.slot_03.attn_proj_i8.narrow` | attn_proj_i8.narrow | potential_target | 0.163 | 0.196 | 0.158 | candidate |
| 360 | `block_053.slot_06.attn_proj_i8.narrow` | attn_proj_i8.narrow | potential_target | 0.163 | 0.196 | 0.159 | candidate |
| 361 | `block_002.slot_03.attn_proj_i8.narrow` | attn_proj_i8.narrow | potential_target | 0.163 | 0.196 | 0.158 | candidate |
| 362 | `block_056.slot_06.attn_proj_i8.narrow` | attn_proj_i8.narrow | potential_target | 0.163 | 0.196 | 0.158 | candidate |
| 363 | `block_007.slot_06.attn_proj_i8.narrow` | attn_proj_i8.narrow | potential_target | 0.163 | 0.196 | 0.159 | candidate |
| 364 | `block_003.slot_03.attn_proj_i8.narrow` | attn_proj_i8.narrow | potential_target | 0.163 | 0.196 | 0.158 | candidate |
| 365 | `block_021.slot_03.attn_proj_i8.narrow` | attn_proj_i8.narrow | potential_target | 0.163 | 0.196 | 0.158 | candidate |
| 366 | `block_049.slot_03.attn_proj_i8.narrow` | attn_proj_i8.narrow | potential_target | 0.163 | 0.196 | 0.158 | candidate |
| 367 | `block_061.slot_03.attn_proj_i8.narrow` | attn_proj_i8.narrow | potential_target | 0.163 | 0.196 | 0.158 | candidate |
| 368 | `block_063.slot_03.attn_proj_i8.narrow` | attn_proj_i8.narrow | potential_target | 0.163 | 0.196 | 0.158 | candidate |
| 369 | `block_048.slot_06.attn_proj_i8.narrow` | attn_proj_i8.narrow | potential_target | 0.163 | 0.196 | 0.159 | candidate |
| 370 | `block_014.slot_06.attn_proj_i8.narrow` | attn_proj_i8.narrow | potential_target | 0.163 | 0.196 | 0.159 | candidate |
| 371 | `block_019.slot_03.attn_proj_i8.narrow` | attn_proj_i8.narrow | potential_target | 0.163 | 0.196 | 0.158 | candidate |
| 372 | `block_036.slot_03.attn_proj_i8.narrow` | attn_proj_i8.narrow | potential_target | 0.163 | 0.196 | 0.158 | candidate |
| 373 | `block_014.slot_03.attn_proj_i8.narrow` | attn_proj_i8.narrow | potential_target | 0.163 | 0.196 | 0.158 | candidate |
| 374 | `block_039.slot_03.attn_proj_i8.narrow` | attn_proj_i8.narrow | potential_target | 0.163 | 0.196 | 0.158 | candidate |
| 375 | `block_040.slot_06.attn_proj_i8.narrow` | attn_proj_i8.narrow | potential_target | 0.163 | 0.196 | 0.159 | candidate |
| 376 | `block_049.slot_06.attn_proj_i8.narrow` | attn_proj_i8.narrow | potential_target | 0.163 | 0.196 | 0.158 | candidate |
| 377 | `block_039.slot_06.attn_proj_i8.narrow` | attn_proj_i8.narrow | potential_target | 0.163 | 0.196 | 0.159 | candidate |
| 378 | `block_027.slot_06.attn_proj_i8.narrow` | attn_proj_i8.narrow | potential_target | 0.163 | 0.196 | 0.158 | candidate |
| 379 | `block_004.slot_03.attn_proj_i8.narrow` | attn_proj_i8.narrow | potential_target | 0.163 | 0.196 | 0.159 | candidate |
| 380 | `block_019.slot_06.attn_proj_i8.narrow` | attn_proj_i8.narrow | potential_target | 0.163 | 0.196 | 0.159 | candidate |
| 381 | `block_005.slot_06.attn_proj_i8.narrow` | attn_proj_i8.narrow | potential_target | 0.163 | 0.196 | 0.159 | candidate |
| 382 | `block_059.slot_03.attn_proj_i8.narrow` | attn_proj_i8.narrow | potential_target | 0.163 | 0.196 | 0.158 | candidate |
| 383 | `block_025.slot_06.attn_proj_i8.narrow` | attn_proj_i8.narrow | potential_target | 0.163 | 0.196 | 0.158 | candidate |
| 384 | `block_038.slot_06.attn_proj_i8.narrow` | attn_proj_i8.narrow | potential_target | 0.163 | 0.196 | 0.159 | candidate |
| 385 | `block_003.slot_06.attn_proj_i8.narrow` | attn_proj_i8.narrow | potential_target | 0.163 | 0.196 | 0.159 | candidate |
| 386 | `block_028.slot_03.attn_proj_i8.narrow` | attn_proj_i8.narrow | potential_target | 0.163 | 0.196 | 0.159 | candidate |
| 387 | `block_024.slot_03.attn_proj_i8.narrow` | attn_proj_i8.narrow | potential_target | 0.163 | 0.196 | 0.158 | candidate |
| 388 | `block_059.slot_06.attn_proj_i8.narrow` | attn_proj_i8.narrow | potential_target | 0.163 | 0.196 | 0.159 | candidate |
| 389 | `block_009.slot_06.attn_proj_i8.narrow` | attn_proj_i8.narrow | potential_target | 0.163 | 0.196 | 0.159 | candidate |
| 390 | `block_025.slot_03.attn_proj_i8.narrow` | attn_proj_i8.narrow | potential_target | 0.163 | 0.196 | 0.158 | candidate |
| 391 | `block_013.slot_03.attn_proj_i8.narrow` | attn_proj_i8.narrow | potential_target | 0.163 | 0.196 | 0.159 | candidate |
| 392 | `block_041.slot_06.attn_proj_i8.narrow` | attn_proj_i8.narrow | potential_target | 0.163 | 0.196 | 0.159 | candidate |
| 393 | `block_031.slot_06.attn_proj_i8.narrow` | attn_proj_i8.narrow | potential_target | 0.163 | 0.196 | 0.159 | candidate |
| 394 | `block_018.slot_06.attn_proj_i8.narrow` | attn_proj_i8.narrow | potential_target | 0.163 | 0.196 | 0.159 | candidate |
| 395 | `block_046.slot_03.attn_proj_i8.narrow` | attn_proj_i8.narrow | potential_target | 0.163 | 0.196 | 0.159 | candidate |
| 396 | `block_018.slot_03.attn_proj_i8.narrow` | attn_proj_i8.narrow | potential_target | 0.163 | 0.196 | 0.159 | candidate |
| 397 | `block_027.slot_03.attn_proj_i8.narrow` | attn_proj_i8.narrow | potential_target | 0.163 | 0.196 | 0.158 | candidate |
| 398 | `block_006.slot_03.attn_proj_i8.narrow` | attn_proj_i8.narrow | potential_target | 0.163 | 0.196 | 0.159 | candidate |
| 399 | `block_022.slot_06.attn_proj_i8.narrow` | attn_proj_i8.narrow | potential_target | 0.163 | 0.196 | 0.158 | candidate |
| 400 | `block_029.slot_06.attn_proj_i8.narrow` | attn_proj_i8.narrow | potential_target | 0.163 | 0.196 | 0.158 | candidate |
| 401 | `block_026.slot_06.attn_proj_i8.narrow` | attn_proj_i8.narrow | potential_target | 0.163 | 0.196 | 0.159 | candidate |
| 402 | `block_047.slot_06.attn_proj_i8.narrow` | attn_proj_i8.narrow | potential_target | 0.163 | 0.196 | 0.159 | candidate |
| 403 | `block_037.slot_03.attn_proj_i8.narrow` | attn_proj_i8.narrow | potential_target | 0.163 | 0.196 | 0.158 | candidate |
| 404 | `block_016.slot_06.attn_proj_i8.narrow` | attn_proj_i8.narrow | potential_target | 0.163 | 0.196 | 0.159 | candidate |
| 405 | `block_057.slot_06.attn_proj_i8.narrow` | attn_proj_i8.narrow | potential_target | 0.163 | 0.196 | 0.159 | candidate |
| 406 | `block_055.slot_06.attn_proj_i8.narrow` | attn_proj_i8.narrow | potential_target | 0.163 | 0.196 | 0.159 | candidate |
| 407 | `block_042.slot_06.attn_proj_i8.narrow` | attn_proj_i8.narrow | potential_target | 0.163 | 0.196 | 0.159 | candidate |
| 408 | `block_046.slot_06.attn_proj_i8.narrow` | attn_proj_i8.narrow | potential_target | 0.163 | 0.196 | 0.159 | candidate |
| 409 | `block_052.slot_03.attn_proj_i8.narrow` | attn_proj_i8.narrow | potential_target | 0.163 | 0.196 | 0.159 | candidate |
| 410 | `block_024.slot_06.attn_proj_i8.narrow` | attn_proj_i8.narrow | potential_target | 0.163 | 0.196 | 0.159 | candidate |
| 411 | `block_005.slot_03.attn_proj_i8.narrow` | attn_proj_i8.narrow | potential_target | 0.163 | 0.196 | 0.159 | candidate |
| 412 | `block_001.slot_03.attn_proj_i8.narrow` | attn_proj_i8.narrow | potential_target | 0.163 | 0.196 | 0.160 | candidate |
| 413 | `block_032.slot_03.attn_proj_i8.narrow` | attn_proj_i8.narrow | potential_target | 0.163 | 0.196 | 0.159 | candidate |
| 414 | `block_038.slot_03.attn_proj_i8.narrow` | attn_proj_i8.narrow | potential_target | 0.163 | 0.196 | 0.159 | candidate |
| 415 | `block_060.slot_06.attn_proj_i8.narrow` | attn_proj_i8.narrow | potential_target | 0.162 | 0.196 | 0.160 | candidate |
| 416 | `block_028.slot_06.attn_proj_i8.narrow` | attn_proj_i8.narrow | potential_target | 0.162 | 0.196 | 0.159 | candidate |
| 417 | `block_015.slot_03.attn_proj_i8.narrow` | attn_proj_i8.narrow | potential_target | 0.162 | 0.196 | 0.159 | candidate |
| 418 | `block_023.slot_03.attn_proj_i8.narrow` | attn_proj_i8.narrow | potential_target | 0.162 | 0.196 | 0.159 | candidate |
| 419 | `block_000.slot_06.attn_proj_i8.narrow` | attn_proj_i8.narrow | potential_target | 0.162 | 0.196 | 0.158 | candidate |
| 420 | `block_012.slot_03.attn_proj_i8.narrow` | attn_proj_i8.narrow | potential_target | 0.162 | 0.196 | 0.160 | candidate |
| 421 | `block_020.slot_06.attn_proj_i8.narrow` | attn_proj_i8.narrow | potential_target | 0.162 | 0.196 | 0.159 | candidate |
| 422 | `block_026.slot_03.attn_proj_i8.narrow` | attn_proj_i8.narrow | potential_target | 0.162 | 0.196 | 0.159 | candidate |
| 423 | `block_021.slot_06.attn_proj_i8.narrow` | attn_proj_i8.narrow | potential_target | 0.162 | 0.196 | 0.159 | candidate |
| 424 | `block_048.slot_03.attn_proj_i8.narrow` | attn_proj_i8.narrow | potential_target | 0.162 | 0.196 | 0.159 | candidate |
| 425 | `block_011.slot_03.attn_proj_i8.narrow` | attn_proj_i8.narrow | potential_target | 0.162 | 0.196 | 0.160 | candidate |
| 426 | `block_052.slot_06.attn_proj_i8.narrow` | attn_proj_i8.narrow | potential_target | 0.162 | 0.196 | 0.159 | candidate |
| 427 | `block_034.slot_03.attn_proj_i8.narrow` | attn_proj_i8.narrow | potential_target | 0.162 | 0.196 | 0.159 | candidate |
| 428 | `block_044.slot_06.attn_proj_i8.narrow` | attn_proj_i8.narrow | potential_target | 0.162 | 0.196 | 0.160 | candidate |
| 429 | `block_036.slot_06.attn_proj_i8.narrow` | attn_proj_i8.narrow | potential_target | 0.162 | 0.196 | 0.159 | candidate |
| 430 | `block_060.slot_03.attn_proj_i8.narrow` | attn_proj_i8.narrow | potential_target | 0.162 | 0.196 | 0.159 | candidate |
| 431 | `block_058.slot_06.attn_proj_i8.narrow` | attn_proj_i8.narrow | potential_target | 0.162 | 0.196 | 0.160 | candidate |
| 432 | `block_058.slot_03.attn_proj_i8.narrow` | attn_proj_i8.narrow | potential_target | 0.162 | 0.196 | 0.159 | candidate |
| 433 | `block_008.slot_03.attn_proj_i8.narrow` | attn_proj_i8.narrow | potential_target | 0.162 | 0.196 | 0.160 | candidate |
| 434 | `block_007.slot_03.attn_proj_i8.narrow` | attn_proj_i8.narrow | potential_target | 0.162 | 0.196 | 0.159 | candidate |
| 435 | `block_043.slot_06.attn_proj_i8.narrow` | attn_proj_i8.narrow | potential_target | 0.162 | 0.196 | 0.159 | candidate |
| 436 | `block_033.slot_06.attn_proj_i8.narrow` | attn_proj_i8.narrow | potential_target | 0.162 | 0.196 | 0.160 | candidate |
| 437 | `block_043.slot_03.attn_proj_i8.narrow` | attn_proj_i8.narrow | potential_target | 0.162 | 0.196 | 0.160 | candidate |
| 438 | `block_010.slot_03.attn_proj_i8.narrow` | attn_proj_i8.narrow | potential_target | 0.162 | 0.196 | 0.160 | candidate |
| 439 | `block_030.slot_06.attn_proj_i8.narrow` | attn_proj_i8.narrow | potential_target | 0.162 | 0.196 | 0.160 | candidate |
| 440 | `block_006.slot_06.attn_proj_i8.narrow` | attn_proj_i8.narrow | potential_target | 0.162 | 0.196 | 0.160 | candidate |
| 441 | `block_051.slot_06.attn_proj_i8.narrow` | attn_proj_i8.narrow | potential_target | 0.162 | 0.196 | 0.160 | candidate |
| 442 | `block_050.slot_03.attn_proj_i8.narrow` | attn_proj_i8.narrow | potential_target | 0.162 | 0.195 | 0.160 | candidate |
| 443 | `block_009.slot_03.attn_proj_i8.narrow` | attn_proj_i8.narrow | potential_target | 0.162 | 0.195 | 0.160 | candidate |
| 444 | `block_050.slot_06.attn_proj_i8.narrow` | attn_proj_i8.narrow | potential_target | 0.162 | 0.195 | 0.160 | candidate |
| 445 | `block_051.slot_03.attn_proj_i8.narrow` | attn_proj_i8.narrow | potential_target | 0.162 | 0.195 | 0.164 | candidate |
| 446 | `block_030.slot_03.attn_proj_i8.narrow` | attn_proj_i8.narrow | potential_target | 0.162 | 0.195 | 0.162 | candidate |
| 447 | `block_053.slot_03.attn_proj_i8.narrow` | attn_proj_i8.narrow | potential_target | 0.162 | 0.195 | 0.162 | candidate |
| 448 | `block_054.slot_03.attn_proj_i8.narrow` | attn_proj_i8.narrow | potential_target | 0.162 | 0.195 | 0.161 | candidate |

## Routing-critical tensors

| Tensor | Readiness | Risk | Reasons |
| ------ | --------: | ---: | ------- |
| `block_060.slot_11.router` | 0.056 | 0.651 | distribution=dense_balanced<br>sampled_values=49152/49152<br>zero_fraction=0.0000<br>near_zero_fraction=0.0980<br>outlier_fraction=0.0000<br>peak_to_rms=4.729<br>linked to routing structure |
| `block_008.slot_11.router` | 0.054 | 0.682 | distribution=dense_balanced<br>sampled_values=49152/49152<br>zero_fraction=0.0000<br>near_zero_fraction=0.2503<br>outlier_fraction=0.0005<br>peak_to_rms=9.185<br>linked to routing structure |
| `block_006.slot_11.router` | 0.054 | 0.671 | distribution=dense_balanced<br>sampled_values=49152/49152<br>zero_fraction=0.0000<br>near_zero_fraction=0.1552<br>outlier_fraction=0.0003<br>peak_to_rms=7.640<br>linked to routing structure |
| `block_028.slot_11.router` | 0.054 | 0.686 | distribution=dense_balanced<br>sampled_values=49152/49152<br>zero_fraction=0.0000<br>near_zero_fraction=0.2493<br>outlier_fraction=0.0003<br>peak_to_rms=9.826<br>linked to routing structure |
| `block_058.slot_11.router` | 0.054 | 0.669 | distribution=dense_balanced<br>sampled_values=49152/49152<br>zero_fraction=0.0000<br>near_zero_fraction=0.1163<br>outlier_fraction=0.0000<br>peak_to_rms=7.371<br>linked to routing structure |
| `block_049.slot_11.router` | 0.054 | 0.672 | distribution=dense_balanced<br>sampled_values=49152/49152<br>zero_fraction=0.0000<br>near_zero_fraction=0.1313<br>outlier_fraction=0.0000<br>peak_to_rms=7.844<br>linked to routing structure |
| `block_000.slot_11.router` | 0.053 | 0.662 | distribution=dense_balanced<br>sampled_values=49152/49152<br>zero_fraction=0.0000<br>near_zero_fraction=0.0375<br>outlier_fraction=0.0000<br>peak_to_rms=6.397<br>linked to routing structure |
| `block_054.slot_11.router` | 0.053 | 0.668 | distribution=dense_balanced<br>sampled_values=49152/49152<br>zero_fraction=0.0000<br>near_zero_fraction=0.0407<br>outlier_fraction=0.0001<br>peak_to_rms=7.192<br>linked to routing structure |
| `block_057.slot_11.router` | 0.053 | 0.676 | distribution=dense_balanced<br>sampled_values=49152/49152<br>zero_fraction=0.0000<br>near_zero_fraction=0.0904<br>outlier_fraction=0.0001<br>peak_to_rms=8.290<br>linked to routing structure |
| `block_043.slot_11.router` | 0.053 | 0.672 | distribution=dense_balanced<br>sampled_values=49152/49152<br>zero_fraction=0.0000<br>near_zero_fraction=0.0603<br>outlier_fraction=0.0001<br>peak_to_rms=7.809<br>linked to routing structure |
| `block_038.slot_11.router` | 0.053 | 0.688 | distribution=dense_balanced<br>sampled_values=49152/49152<br>zero_fraction=0.0000<br>near_zero_fraction=0.1741<br>outlier_fraction=0.0005<br>peak_to_rms=10.042<br>linked to routing structure |
| `block_001.slot_11.router` | 0.052 | 0.671 | distribution=dense_balanced<br>sampled_values=49152/49152<br>zero_fraction=0.0000<br>near_zero_fraction=0.0288<br>outlier_fraction=0.0001<br>peak_to_rms=7.635<br>linked to routing structure |
| `block_052.slot_11.router` | 0.052 | 0.672 | distribution=dense_balanced<br>sampled_values=49152/49152<br>zero_fraction=0.0000<br>near_zero_fraction=0.0318<br>outlier_fraction=0.0001<br>peak_to_rms=7.742<br>linked to routing structure |
| `block_042.slot_11.router` | 0.052 | 0.684 | distribution=dense_balanced<br>sampled_values=49152/49152<br>zero_fraction=0.0000<br>near_zero_fraction=0.1140<br>outlier_fraction=0.0002<br>peak_to_rms=9.499<br>linked to routing structure |
| `block_053.slot_11.router` | 0.052 | 0.678 | distribution=dense_balanced<br>sampled_values=49152/49152<br>zero_fraction=0.0000<br>near_zero_fraction=0.0666<br>outlier_fraction=0.0001<br>peak_to_rms=8.615<br>linked to routing structure |
| `block_017.slot_11.router` | 0.052 | 0.684 | distribution=dense_balanced<br>sampled_values=49152/49152<br>zero_fraction=0.0000<br>near_zero_fraction=0.1137<br>outlier_fraction=0.0002<br>peak_to_rms=9.515<br>linked to routing structure |
| `block_059.slot_11.router` | 0.052 | 0.673 | distribution=dense_balanced<br>sampled_values=49152/49152<br>zero_fraction=0.0000<br>near_zero_fraction=0.0286<br>outlier_fraction=0.0000<br>peak_to_rms=7.920<br>linked to routing structure |
| `block_030.slot_11.router` | 0.052 | 0.674 | distribution=dense_balanced<br>sampled_values=49152/49152<br>zero_fraction=0.0000<br>near_zero_fraction=0.0323<br>outlier_fraction=0.0004<br>peak_to_rms=8.104<br>linked to routing structure |
| `block_051.slot_11.router` | 0.052 | 0.685 | distribution=dense_balanced<br>sampled_values=49152/49152<br>zero_fraction=0.0000<br>near_zero_fraction=0.0943<br>outlier_fraction=0.0001<br>peak_to_rms=9.627<br>linked to routing structure |
| `block_035.slot_11.router` | 0.052 | 0.679 | distribution=dense_balanced<br>sampled_values=49152/49152<br>zero_fraction=0.0000<br>near_zero_fraction=0.0531<br>outlier_fraction=0.0004<br>peak_to_rms=8.856<br>linked to routing structure |
| `block_013.slot_11.router` | 0.052 | 0.676 | distribution=dense_balanced<br>sampled_values=49152/49152<br>zero_fraction=0.0000<br>near_zero_fraction=0.0201<br>outlier_fraction=0.0005<br>peak_to_rms=8.308<br>linked to routing structure |
| `block_022.slot_11.router` | 0.052 | 0.679 | distribution=dense_balanced<br>sampled_values=49152/49152<br>zero_fraction=0.0000<br>near_zero_fraction=0.0437<br>outlier_fraction=0.0004<br>peak_to_rms=8.760<br>linked to routing structure |
| `block_048.slot_11.router` | 0.052 | 0.677 | distribution=dense_balanced<br>sampled_values=49152/49152<br>zero_fraction=0.0000<br>near_zero_fraction=0.0208<br>outlier_fraction=0.0001<br>peak_to_rms=8.544<br>linked to routing structure |
| `block_024.slot_11.router` | 0.051 | 0.684 | distribution=dense_balanced<br>sampled_values=49152/49152<br>zero_fraction=0.0000<br>near_zero_fraction=0.0662<br>outlier_fraction=0.0004<br>peak_to_rms=9.469<br>linked to routing structure |
| `block_021.slot_11.router` | 0.051 | 0.680 | distribution=dense_balanced<br>sampled_values=49152/49152<br>zero_fraction=0.0000<br>near_zero_fraction=0.0357<br>outlier_fraction=0.0002<br>peak_to_rms=8.956<br>linked to routing structure |
| `block_055.slot_11.router` | 0.051 | 0.685 | distribution=dense_balanced<br>sampled_values=49152/49152<br>zero_fraction=0.0000<br>near_zero_fraction=0.0671<br>outlier_fraction=0.0003<br>peak_to_rms=9.581<br>linked to routing structure |
| `block_018.slot_11.router` | 0.051 | 0.680 | distribution=dense_balanced<br>sampled_values=49152/49152<br>zero_fraction=0.0000<br>near_zero_fraction=0.0292<br>outlier_fraction=0.0002<br>peak_to_rms=8.976<br>linked to routing structure |
| `block_026.slot_11.router` | 0.051 | 0.682 | distribution=dense_balanced<br>sampled_values=49152/49152<br>zero_fraction=0.0000<br>near_zero_fraction=0.0397<br>outlier_fraction=0.0004<br>peak_to_rms=9.271<br>linked to routing structure |
| `block_019.slot_11.router` | 0.051 | 0.691 | distribution=dense_balanced<br>sampled_values=49152/49152<br>zero_fraction=0.0000<br>near_zero_fraction=0.1021<br>outlier_fraction=0.0005<br>peak_to_rms=10.447<br>linked to routing structure |
| `block_010.slot_11.router` | 0.051 | 0.681 | distribution=dense_balanced<br>sampled_values=49152/49152<br>zero_fraction=0.0000<br>near_zero_fraction=0.0263<br>outlier_fraction=0.0003<br>peak_to_rms=9.071<br>linked to routing structure |
| `block_041.slot_11.router` | 0.051 | 0.689 | distribution=dense_balanced<br>sampled_values=49152/49152<br>zero_fraction=0.0000<br>near_zero_fraction=0.0829<br>outlier_fraction=0.0004<br>peak_to_rms=10.177<br>linked to routing structure |
| `block_016.slot_11.router` | 0.051 | 0.683 | distribution=dense_balanced<br>sampled_values=49152/49152<br>zero_fraction=0.0000<br>near_zero_fraction=0.0254<br>outlier_fraction=0.0002<br>peak_to_rms=9.308<br>linked to routing structure |
| `block_014.slot_11.router` | 0.051 | 0.683 | distribution=dense_balanced<br>sampled_values=49152/49152<br>zero_fraction=0.0000<br>near_zero_fraction=0.0238<br>outlier_fraction=0.0002<br>peak_to_rms=9.386<br>linked to routing structure |
| `block_050.slot_11.router` | 0.051 | 0.691 | distribution=dense_balanced<br>sampled_values=49152/49152<br>zero_fraction=0.0000<br>near_zero_fraction=0.0802<br>outlier_fraction=0.0001<br>peak_to_rms=10.447<br>linked to routing structure |
| `block_039.slot_11.router` | 0.051 | 0.685 | distribution=dense_balanced<br>sampled_values=49152/49152<br>zero_fraction=0.0000<br>near_zero_fraction=0.0304<br>outlier_fraction=0.0005<br>peak_to_rms=9.628<br>linked to routing structure |
| `block_046.slot_11.router` | 0.051 | 0.686 | distribution=dense_balanced<br>sampled_values=49152/49152<br>zero_fraction=0.0000<br>near_zero_fraction=0.0357<br>outlier_fraction=0.0002<br>peak_to_rms=9.741<br>linked to routing structure |
| `block_037.slot_11.router` | 0.051 | 0.685 | distribution=dense_balanced<br>sampled_values=49152/49152<br>zero_fraction=0.0000<br>near_zero_fraction=0.0286<br>outlier_fraction=0.0003<br>peak_to_rms=9.657<br>linked to routing structure |
| `block_036.slot_11.router` | 0.051 | 0.687 | distribution=dense_balanced<br>sampled_values=49152/49152<br>zero_fraction=0.0000<br>near_zero_fraction=0.0458<br>outlier_fraction=0.0003<br>peak_to_rms=9.987<br>linked to routing structure |
| `block_015.slot_11.router` | 0.051 | 0.687 | distribution=dense_balanced<br>sampled_values=49152/49152<br>zero_fraction=0.0000<br>near_zero_fraction=0.0403<br>outlier_fraction=0.0003<br>peak_to_rms=9.930<br>linked to routing structure |
| `block_004.slot_11.router` | 0.051 | 0.687 | distribution=dense_balanced<br>sampled_values=49152/49152<br>zero_fraction=0.0000<br>near_zero_fraction=0.0352<br>outlier_fraction=0.0005<br>peak_to_rms=9.895<br>linked to routing structure |
| `block_025.slot_11.router` | 0.051 | 0.686 | distribution=dense_balanced<br>sampled_values=49152/49152<br>zero_fraction=0.0000<br>near_zero_fraction=0.0262<br>outlier_fraction=0.0003<br>peak_to_rms=9.755<br>linked to routing structure |
| `block_040.slot_11.router` | 0.050 | 0.688 | distribution=dense_balanced<br>sampled_values=49152/49152<br>zero_fraction=0.0000<br>near_zero_fraction=0.0311<br>outlier_fraction=0.0005<br>peak_to_rms=10.133<br>linked to routing structure |
| `block_027.slot_11.router` | 0.050 | 0.690 | distribution=dense_balanced<br>sampled_values=49152/49152<br>zero_fraction=0.0000<br>near_zero_fraction=0.0341<br>outlier_fraction=0.0003<br>peak_to_rms=10.292<br>linked to routing structure |
| `block_009.slot_11.router` | 0.050 | 0.690 | distribution=dense_balanced<br>sampled_values=49152/49152<br>zero_fraction=0.0000<br>near_zero_fraction=0.0251<br>outlier_fraction=0.0007<br>peak_to_rms=10.396<br>linked to routing structure |
| `block_045.slot_11.router` | 0.050 | 0.692 | distribution=dense_balanced<br>sampled_values=49152/49152<br>zero_fraction=0.0000<br>near_zero_fraction=0.0338<br>outlier_fraction=0.0009<br>peak_to_rms=10.621<br>linked to routing structure |
| `block_012.slot_11.router` | 0.050 | 0.695 | distribution=dense_balanced<br>sampled_values=49152/49152<br>zero_fraction=0.0000<br>near_zero_fraction=0.0314<br>outlier_fraction=0.0004<br>peak_to_rms=11.045<br>linked to routing structure |
| `block_056.slot_11.router` | 0.050 | 0.697 | distribution=dense_balanced<br>sampled_values=49152/49152<br>zero_fraction=0.0000<br>near_zero_fraction=0.0443<br>outlier_fraction=0.0008<br>peak_to_rms=11.349<br>linked to routing structure |
| `block_020.slot_11.router` | 0.050 | 0.694 | distribution=dense_balanced<br>sampled_values=49152/49152<br>zero_fraction=0.0000<br>near_zero_fraction=0.0221<br>outlier_fraction=0.0008<br>peak_to_rms=10.983<br>linked to routing structure |
| `block_007.slot_11.router` | 0.050 | 0.710 | distribution=dense_balanced<br>sampled_values=49152/49152<br>zero_fraction=0.0000<br>near_zero_fraction=0.1395<br>outlier_fraction=0.0005<br>peak_to_rms=13.223<br>linked to routing structure |
| `block_023.slot_11.router` | 0.049 | 0.699 | distribution=dense_balanced<br>sampled_values=49152/49152<br>zero_fraction=0.0000<br>near_zero_fraction=0.0381<br>outlier_fraction=0.0009<br>peak_to_rms=11.652<br>linked to routing structure |
| `block_029.slot_11.router` | 0.049 | 0.699 | distribution=dense_balanced<br>sampled_values=49152/49152<br>zero_fraction=0.0000<br>near_zero_fraction=0.0314<br>outlier_fraction=0.0006<br>peak_to_rms=11.586<br>linked to routing structure |
| `block_032.slot_11.router` | 0.049 | 0.699 | distribution=dense_balanced<br>sampled_values=49152/49152<br>zero_fraction=0.0000<br>near_zero_fraction=0.0225<br>outlier_fraction=0.0003<br>peak_to_rms=11.673<br>linked to routing structure |
| `block_044.slot_11.router` | 0.049 | 0.704 | distribution=dense_balanced<br>sampled_values=49152/49152<br>zero_fraction=0.0000<br>near_zero_fraction=0.0528<br>outlier_fraction=0.0002<br>peak_to_rms=12.375<br>linked to routing structure |
| `block_002.slot_11.router` | 0.049 | 0.701 | distribution=dense_balanced<br>sampled_values=49152/49152<br>zero_fraction=0.0000<br>near_zero_fraction=0.0247<br>outlier_fraction=0.0005<br>peak_to_rms=11.872<br>linked to routing structure |
| `block_034.slot_11.router` | 0.049 | 0.704 | distribution=dense_balanced<br>sampled_values=49152/49152<br>zero_fraction=0.0000<br>near_zero_fraction=0.0466<br>outlier_fraction=0.0015<br>peak_to_rms=12.307<br>linked to routing structure |
| `block_061.slot_11.router` | 0.049 | 0.704 | distribution=dense_balanced<br>sampled_values=49152/49152<br>zero_fraction=0.0000<br>near_zero_fraction=0.0243<br>outlier_fraction=0.0013<br>peak_to_rms=12.314<br>linked to routing structure |
| `block_003.slot_11.router` | 0.049 | 0.706 | distribution=dense_balanced<br>sampled_values=49152/49152<br>zero_fraction=0.0000<br>near_zero_fraction=0.0388<br>outlier_fraction=0.0013<br>peak_to_rms=12.607<br>linked to routing structure |
| `block_005.slot_11.router` | 0.048 | 0.709 | distribution=dense_balanced<br>sampled_values=49152/49152<br>zero_fraction=0.0000<br>near_zero_fraction=0.0224<br>outlier_fraction=0.0007<br>peak_to_rms=13.139<br>linked to routing structure |
| `block_031.slot_11.router` | 0.048 | 0.712 | distribution=dense_balanced<br>sampled_values=49152/49152<br>zero_fraction=0.0000<br>near_zero_fraction=0.0335<br>outlier_fraction=0.0006<br>peak_to_rms=13.529<br>linked to routing structure |
| `block_047.slot_11.router` | 0.048 | 0.715 | distribution=dense_balanced<br>sampled_values=49152/49152<br>zero_fraction=0.0000<br>near_zero_fraction=0.0462<br>outlier_fraction=0.0003<br>peak_to_rms=13.935<br>linked to routing structure |
| `block_062.slot_11.router` | 0.047 | 0.717 | distribution=dense_balanced<br>sampled_values=49152/49152<br>zero_fraction=0.0000<br>near_zero_fraction=0.0208<br>outlier_fraction=0.0011<br>peak_to_rms=14.233<br>linked to routing structure |
| `block_063.slot_11.router` | 0.046 | 0.727 | distribution=dense_balanced<br>sampled_values=49152/49152<br>zero_fraction=0.0000<br>near_zero_fraction=0.0470<br>outlier_fraction=0.0009<br>peak_to_rms=15.632<br>linked to routing structure |
| `block_033.slot_11.router` | 0.046 | 0.726 | distribution=dense_balanced<br>sampled_values=49152/49152<br>zero_fraction=0.0000<br>near_zero_fraction=0.0300<br>outlier_fraction=0.0005<br>peak_to_rms=15.542<br>linked to routing structure |
| `block_011.slot_11.router` | 0.046 | 0.727 | distribution=dense_balanced<br>sampled_values=49152/49152<br>zero_fraction=0.0000<br>near_zero_fraction=0.0238<br>outlier_fraction=0.0005<br>peak_to_rms=15.616<br>linked to routing structure |

## Precision-sensitive tensors

| Tensor | Risk | Reasons |
| ------ | ---: | ------- |
| `block_042.slot_08.block_norm` | 0.561 | distribution=dense_balanced<br>sampled_values=6144/6144<br>zero_fraction=0.0000<br>near_zero_fraction=0.0000<br>outlier_fraction=0.0010<br>peak_to_rms=1.260<br>lives in a routing-critical block |
| `block_023.slot_09.block_norm` | 0.563 | distribution=dense_balanced<br>sampled_values=6144/6144<br>zero_fraction=0.0000<br>near_zero_fraction=0.0094<br>outlier_fraction=0.0000<br>peak_to_rms=1.466<br>lives in a routing-critical block |
| `block_012.slot_09.block_norm` | 0.565 | distribution=dense_balanced<br>sampled_values=6144/6144<br>zero_fraction=0.0000<br>near_zero_fraction=0.0200<br>outlier_fraction=0.0000<br>peak_to_rms=1.738<br>lives in a routing-critical block |
| `block_061.slot_09.block_norm` | 0.564 | distribution=dense_balanced<br>sampled_values=6144/6144<br>zero_fraction=0.0000<br>near_zero_fraction=0.0098<br>outlier_fraction=0.0000<br>peak_to_rms=1.631<br>lives in a routing-critical block |
| `block_009.slot_09.block_norm` | 0.563 | distribution=dense_balanced<br>sampled_values=6144/6144<br>zero_fraction=0.0000<br>near_zero_fraction=0.0007<br>outlier_fraction=0.0000<br>peak_to_rms=1.464<br>lives in a routing-critical block |
| `block_010.slot_09.block_norm` | 0.563 | distribution=dense_balanced<br>sampled_values=6144/6144<br>zero_fraction=0.0000<br>near_zero_fraction=0.0008<br>outlier_fraction=0.0000<br>peak_to_rms=1.478<br>lives in a routing-critical block |
| `block_034.slot_09.block_norm` | 0.563 | distribution=dense_balanced<br>sampled_values=6144/6144<br>zero_fraction=0.0000<br>near_zero_fraction=0.0041<br>outlier_fraction=0.0000<br>peak_to_rms=1.546<br>lives in a routing-critical block |
| `block_047.slot_08.block_norm` | 0.563 | distribution=dense_balanced<br>sampled_values=6144/6144<br>zero_fraction=0.0000<br>near_zero_fraction=0.0000<br>outlier_fraction=0.0002<br>peak_to_rms=1.476<br>lives in a routing-critical block |
| `block_004.slot_09.block_norm` | 0.563 | distribution=dense_balanced<br>sampled_values=6144/6144<br>zero_fraction=0.0000<br>near_zero_fraction=0.0018<br>outlier_fraction=0.0000<br>peak_to_rms=1.532<br>lives in a routing-critical block |
| `block_003.slot_09.block_norm` | 0.563 | distribution=dense_balanced<br>sampled_values=6144/6144<br>zero_fraction=0.0000<br>near_zero_fraction=0.0008<br>outlier_fraction=0.0000<br>peak_to_rms=1.515<br>lives in a routing-critical block |
| `block_045.slot_09.block_norm` | 0.564 | distribution=dense_balanced<br>sampled_values=6144/6144<br>zero_fraction=0.0000<br>near_zero_fraction=0.0042<br>outlier_fraction=0.0000<br>peak_to_rms=1.581<br>lives in a routing-critical block |
| `block_002.slot_09.block_norm` | 0.563 | distribution=dense_balanced<br>sampled_values=6144/6144<br>zero_fraction=0.0000<br>near_zero_fraction=0.0013<br>outlier_fraction=0.0000<br>peak_to_rms=1.534<br>lives in a routing-critical block |
| `block_008.slot_09.block_norm` | 0.563 | distribution=dense_balanced<br>sampled_values=6144/6144<br>zero_fraction=0.0000<br>near_zero_fraction=0.0008<br>outlier_fraction=0.0000<br>peak_to_rms=1.530<br>lives in a routing-critical block |
| `block_010.slot_07.block_norm` | 0.563 | distribution=dense_balanced<br>sampled_values=6144/6144<br>zero_fraction=0.0000<br>near_zero_fraction=0.0000<br>outlier_fraction=0.0000<br>peak_to_rms=1.518<br>lives in a routing-critical block |
| `block_007.slot_09.block_norm` | 0.563 | distribution=dense_balanced<br>sampled_values=6144/6144<br>zero_fraction=0.0000<br>near_zero_fraction=0.0007<br>outlier_fraction=0.0000<br>peak_to_rms=1.532<br>lives in a routing-critical block |
| `block_011.slot_07.block_norm` | 0.563 | distribution=dense_balanced<br>sampled_values=6144/6144<br>zero_fraction=0.0000<br>near_zero_fraction=0.0000<br>outlier_fraction=0.0000<br>peak_to_rms=1.520<br>lives in a routing-critical block |
| `block_005.slot_09.block_norm` | 0.563 | distribution=dense_balanced<br>sampled_values=6144/6144<br>zero_fraction=0.0000<br>near_zero_fraction=0.0013<br>outlier_fraction=0.0000<br>peak_to_rms=1.548<br>lives in a routing-critical block |
| `block_063.slot_09.block_norm` | 0.563 | distribution=dense_balanced<br>sampled_values=6144/6144<br>zero_fraction=0.0000<br>near_zero_fraction=0.0015<br>outlier_fraction=0.0000<br>peak_to_rms=1.560<br>lives in a routing-critical block |
| `block_006.slot_09.block_norm` | 0.563 | distribution=dense_balanced<br>sampled_values=6144/6144<br>zero_fraction=0.0000<br>near_zero_fraction=0.0011<br>outlier_fraction=0.0000<br>peak_to_rms=1.560<br>lives in a routing-critical block |
| `block_062.slot_09.block_norm` | 0.564 | distribution=dense_balanced<br>sampled_values=6144/6144<br>zero_fraction=0.0000<br>near_zero_fraction=0.0033<br>outlier_fraction=0.0000<br>peak_to_rms=1.616<br>lives in a routing-critical block |
| `block_008.slot_07.block_norm` | 0.563 | distribution=dense_balanced<br>sampled_values=6144/6144<br>zero_fraction=0.0000<br>near_zero_fraction=0.0000<br>outlier_fraction=0.0000<br>peak_to_rms=1.570<br>lives in a routing-critical block |
| `block_006.slot_07.block_norm` | 0.564 | distribution=dense_balanced<br>sampled_values=6144/6144<br>zero_fraction=0.0000<br>near_zero_fraction=0.0000<br>outlier_fraction=0.0000<br>peak_to_rms=1.578<br>lives in a routing-critical block |
| `block_004.slot_07.block_norm` | 0.564 | distribution=dense_balanced<br>sampled_values=6144/6144<br>zero_fraction=0.0000<br>near_zero_fraction=0.0000<br>outlier_fraction=0.0000<br>peak_to_rms=1.580<br>lives in a routing-critical block |
| `block_005.slot_07.block_norm` | 0.564 | distribution=dense_balanced<br>sampled_values=6144/6144<br>zero_fraction=0.0000<br>near_zero_fraction=0.0000<br>outlier_fraction=0.0000<br>peak_to_rms=1.587<br>lives in a routing-critical block |
| `block_056.slot_09.block_norm` | 0.564 | distribution=dense_balanced<br>sampled_values=6144/6144<br>zero_fraction=0.0000<br>near_zero_fraction=0.0024<br>outlier_fraction=0.0000<br>peak_to_rms=1.637<br>lives in a routing-critical block |
| `block_003.slot_07.block_norm` | 0.564 | distribution=dense_balanced<br>sampled_values=6144/6144<br>zero_fraction=0.0000<br>near_zero_fraction=0.0000<br>outlier_fraction=0.0000<br>peak_to_rms=1.603<br>lives in a routing-critical block |
| `block_007.slot_07.block_norm` | 0.564 | distribution=dense_balanced<br>sampled_values=6144/6144<br>zero_fraction=0.0000<br>near_zero_fraction=0.0000<br>outlier_fraction=0.0000<br>peak_to_rms=1.622<br>lives in a routing-critical block |
| `block_009.slot_07.block_norm` | 0.564 | distribution=dense_balanced<br>sampled_values=6144/6144<br>zero_fraction=0.0000<br>near_zero_fraction=0.0000<br>outlier_fraction=0.0000<br>peak_to_rms=1.628<br>lives in a routing-critical block |
| `block_062.slot_07.block_norm` | 0.564 | distribution=dense_balanced<br>sampled_values=6144/6144<br>zero_fraction=0.0000<br>near_zero_fraction=0.0005<br>outlier_fraction=0.0000<br>peak_to_rms=1.644<br>lives in a routing-critical block |
| `block_046.slot_08.block_norm` | 0.564 | distribution=dense_balanced<br>sampled_values=6144/6144<br>zero_fraction=0.0000<br>near_zero_fraction=0.0000<br>outlier_fraction=0.0005<br>peak_to_rms=1.638<br>lives in a routing-critical block |
| `block_063.slot_07.block_norm` | 0.564 | distribution=dense_balanced<br>sampled_values=6144/6144<br>zero_fraction=0.0000<br>near_zero_fraction=0.0002<br>outlier_fraction=0.0000<br>peak_to_rms=1.657<br>lives in a routing-critical block |
| `block_002.slot_07.block_norm` | 0.565 | distribution=dense_balanced<br>sampled_values=6144/6144<br>zero_fraction=0.0000<br>near_zero_fraction=0.0000<br>outlier_fraction=0.0000<br>peak_to_rms=1.722<br>lives in a routing-critical block |
| `block_005.slot_10.block_norm` | 0.565 | distribution=dense_balanced<br>sampled_values=6144/6144<br>zero_fraction=0.0000<br>near_zero_fraction=0.0000<br>outlier_fraction=0.0010<br>peak_to_rms=1.758<br>lives in a routing-critical block |
| `block_011.slot_09.block_norm` | 0.565 | distribution=dense_balanced<br>sampled_values=6144/6144<br>zero_fraction=0.0000<br>near_zero_fraction=0.0013<br>outlier_fraction=0.0018<br>peak_to_rms=1.419<br>lives in a routing-critical block |
| `block_023.slot_07.block_norm` | 0.565 | distribution=dense_balanced<br>sampled_values=6144/6144<br>zero_fraction=0.0000<br>near_zero_fraction=0.0000<br>outlier_fraction=0.0000<br>peak_to_rms=1.774<br>lives in a routing-critical block |
| `block_028.slot_10.block_norm` | 0.565 | distribution=dense_balanced<br>sampled_values=6144/6144<br>zero_fraction=0.0000<br>near_zero_fraction=0.0000<br>outlier_fraction=0.0016<br>peak_to_rms=1.775<br>lives in a routing-critical block |
| `block_013.slot_07.block_norm` | 0.565 | distribution=dense_balanced<br>sampled_values=6144/6144<br>zero_fraction=0.0000<br>near_zero_fraction=0.0000<br>outlier_fraction=0.0005<br>peak_to_rms=1.782<br>lives in a routing-critical block |
| `block_034.slot_07.block_norm` | 0.565 | distribution=dense_balanced<br>sampled_values=6144/6144<br>zero_fraction=0.0000<br>near_zero_fraction=0.0000<br>outlier_fraction=0.0000<br>peak_to_rms=1.801<br>lives in a routing-critical block |
| `block_056.slot_07.block_norm` | 0.565 | distribution=dense_balanced<br>sampled_values=6144/6144<br>zero_fraction=0.0000<br>near_zero_fraction=0.0000<br>outlier_fraction=0.0000<br>peak_to_rms=1.811<br>lives in a routing-critical block |
| `block_045.slot_07.block_norm` | 0.565 | distribution=dense_balanced<br>sampled_values=6144/6144<br>zero_fraction=0.0000<br>near_zero_fraction=0.0000<br>outlier_fraction=0.0000<br>peak_to_rms=1.811<br>lives in a routing-critical block |
| `block_012.slot_07.block_norm` | 0.565 | distribution=dense_balanced<br>sampled_values=6144/6144<br>zero_fraction=0.0000<br>near_zero_fraction=0.0000<br>outlier_fraction=0.0000<br>peak_to_rms=1.812<br>lives in a routing-critical block |
| `block_055.slot_09.block_norm` | 0.565 | distribution=dense_balanced<br>sampled_values=6144/6144<br>zero_fraction=0.0000<br>near_zero_fraction=0.0005<br>outlier_fraction=0.0015<br>peak_to_rms=1.845<br>lives in a routing-critical block |
| `block_024.slot_10.block_norm` | 0.565 | distribution=dense_balanced<br>sampled_values=6144/6144<br>zero_fraction=0.0000<br>near_zero_fraction=0.0000<br>outlier_fraction=0.0013<br>peak_to_rms=1.846<br>lives in a routing-critical block |
| `block_014.slot_07.block_norm` | 0.566 | distribution=dense_balanced<br>sampled_values=6144/6144<br>zero_fraction=0.0000<br>near_zero_fraction=0.0000<br>outlier_fraction=0.0010<br>peak_to_rms=1.871<br>lives in a routing-critical block |
| `block_018.slot_07.block_norm` | 0.566 | distribution=dense_balanced<br>sampled_values=6144/6144<br>zero_fraction=0.0000<br>near_zero_fraction=0.0000<br>outlier_fraction=0.0008<br>peak_to_rms=1.878<br>lives in a routing-critical block |
| `block_007.slot_10.block_norm` | 0.566 | distribution=dense_balanced<br>sampled_values=6144/6144<br>zero_fraction=0.0000<br>near_zero_fraction=0.0000<br>outlier_fraction=0.0007<br>peak_to_rms=1.897<br>lives in a routing-critical block |
| `block_016.slot_07.block_norm` | 0.566 | distribution=dense_balanced<br>sampled_values=6144/6144<br>zero_fraction=0.0000<br>near_zero_fraction=0.0000<br>outlier_fraction=0.0013<br>peak_to_rms=1.912<br>lives in a routing-critical block |
| `block_054.slot_08.block_norm` | 0.566 | distribution=dense_balanced<br>sampled_values=6144/6144<br>zero_fraction=0.0000<br>near_zero_fraction=0.0000<br>outlier_fraction=0.0000<br>peak_to_rms=1.915<br>lives in a routing-critical block |
| `block_061.slot_07.block_norm` | 0.566 | distribution=dense_balanced<br>sampled_values=6144/6144<br>zero_fraction=0.0000<br>near_zero_fraction=0.0000<br>outlier_fraction=0.0000<br>peak_to_rms=1.922<br>lives in a routing-critical block |
| `block_013.slot_10.block_norm` | 0.566 | distribution=dense_balanced<br>sampled_values=6144/6144<br>zero_fraction=0.0000<br>near_zero_fraction=0.0000<br>outlier_fraction=0.0010<br>peak_to_rms=1.928<br>lives in a routing-critical block |
| `block_013.slot_09.block_norm` | 0.566 | distribution=dense_balanced<br>sampled_values=6144/6144<br>zero_fraction=0.0000<br>near_zero_fraction=0.0011<br>outlier_fraction=0.0020<br>peak_to_rms=1.416<br>lives in a routing-critical block |
| `block_019.slot_07.block_norm` | 0.566 | distribution=dense_balanced<br>sampled_values=6144/6144<br>zero_fraction=0.0000<br>near_zero_fraction=0.0000<br>outlier_fraction=0.0011<br>peak_to_rms=1.939<br>lives in a routing-critical block |
| `block_025.slot_10.block_norm` | 0.566 | distribution=dense_balanced<br>sampled_values=6144/6144<br>zero_fraction=0.0000<br>near_zero_fraction=0.0000<br>outlier_fraction=0.0020<br>peak_to_rms=1.729<br>lives in a routing-critical block |
| `block_015.slot_07.block_norm` | 0.566 | distribution=dense_balanced<br>sampled_values=6144/6144<br>zero_fraction=0.0000<br>near_zero_fraction=0.0000<br>outlier_fraction=0.0018<br>peak_to_rms=1.983<br>lives in a routing-critical block |
| `block_029.slot_10.block_norm` | 0.567 | distribution=dense_balanced<br>sampled_values=6144/6144<br>zero_fraction=0.0000<br>near_zero_fraction=0.0000<br>outlier_fraction=0.0020<br>peak_to_rms=2.032<br>lives in a routing-critical block |
| `block_058.slot_08.block_norm` | 0.567 | distribution=dense_balanced<br>sampled_values=6144/6144<br>zero_fraction=0.0000<br>near_zero_fraction=0.0000<br>outlier_fraction=0.0010<br>peak_to_rms=2.034<br>lives in a routing-critical block |
| `block_026.slot_10.block_norm` | 0.567 | distribution=dense_balanced<br>sampled_values=6144/6144<br>zero_fraction=0.0000<br>near_zero_fraction=0.0000<br>outlier_fraction=0.0015<br>peak_to_rms=2.057<br>lives in a routing-critical block |
| `block_018.slot_10.block_norm` | 0.567 | distribution=dense_balanced<br>sampled_values=6144/6144<br>zero_fraction=0.0000<br>near_zero_fraction=0.0000<br>outlier_fraction=0.0015<br>peak_to_rms=2.107<br>lives in a routing-critical block |
| `block_036.slot_10.block_norm` | 0.567 | distribution=dense_balanced<br>sampled_values=6144/6144<br>zero_fraction=0.0000<br>near_zero_fraction=0.0000<br>outlier_fraction=0.0021<br>peak_to_rms=1.777<br>lives in a routing-critical block |
| `block_037.slot_10.block_norm` | 0.567 | distribution=dense_balanced<br>sampled_values=6144/6144<br>zero_fraction=0.0000<br>near_zero_fraction=0.0000<br>outlier_fraction=0.0021<br>peak_to_rms=1.509<br>lives in a routing-critical block |
| `block_016.slot_10.block_norm` | 0.568 | distribution=dense_balanced<br>sampled_values=6144/6144<br>zero_fraction=0.0000<br>near_zero_fraction=0.0000<br>outlier_fraction=0.0010<br>peak_to_rms=2.154<br>lives in a routing-critical block |
| `block_031.slot_10.block_norm` | 0.568 | distribution=dense_balanced<br>sampled_values=6144/6144<br>zero_fraction=0.0000<br>near_zero_fraction=0.0000<br>outlier_fraction=0.0020<br>peak_to_rms=2.221<br>lives in a routing-critical block |
| `block_057.slot_09.block_norm` | 0.568 | distribution=dense_balanced<br>sampled_values=6144/6144<br>zero_fraction=0.0000<br>near_zero_fraction=0.0002<br>outlier_fraction=0.0023<br>peak_to_rms=1.919<br>lives in a routing-critical block |
| `block_035.slot_10.block_norm` | 0.568 | distribution=dense_balanced<br>sampled_values=6144/6144<br>zero_fraction=0.0000<br>near_zero_fraction=0.0000<br>outlier_fraction=0.0023<br>peak_to_rms=1.632<br>lives in a routing-critical block |
| `block_014.slot_10.block_norm` | 0.569 | distribution=dense_balanced<br>sampled_values=6144/6144<br>zero_fraction=0.0000<br>near_zero_fraction=0.0000<br>outlier_fraction=0.0010<br>peak_to_rms=2.288<br>lives in a routing-critical block |
| `block_060.slot_08.block_norm` | 0.569 | distribution=dense_balanced<br>sampled_values=6144/6144<br>zero_fraction=0.0000<br>near_zero_fraction=0.0000<br>outlier_fraction=0.0003<br>peak_to_rms=2.305<br>lives in a routing-critical block |
| `block_001.slot_07.block_norm` | 0.569 | distribution=dense_balanced<br>sampled_values=6144/6144<br>zero_fraction=0.0000<br>near_zero_fraction=0.0000<br>outlier_fraction=0.0005<br>peak_to_rms=2.348<br>lives in a routing-critical block |
| `block_027.slot_10.block_norm` | 0.569 | distribution=dense_balanced<br>sampled_values=6144/6144<br>zero_fraction=0.0000<br>near_zero_fraction=0.0000<br>outlier_fraction=0.0015<br>peak_to_rms=2.359<br>lives in a routing-critical block |
| `block_053.slot_08.block_norm` | 0.569 | distribution=dense_balanced<br>sampled_values=6144/6144<br>zero_fraction=0.0000<br>near_zero_fraction=0.0000<br>outlier_fraction=0.0008<br>peak_to_rms=2.419<br>lives in a routing-critical block |
| `block_050.slot_09.block_norm` | 0.570 | distribution=dense_balanced<br>sampled_values=6144/6144<br>zero_fraction=0.0000<br>near_zero_fraction=0.0005<br>outlier_fraction=0.0024<br>peak_to_rms=1.633<br>lives in a routing-critical block |
| `block_054.slot_09.block_norm` | 0.570 | distribution=dense_balanced<br>sampled_values=6144/6144<br>zero_fraction=0.0000<br>near_zero_fraction=0.0005<br>outlier_fraction=0.0024<br>peak_to_rms=1.566<br>lives in a routing-critical block |
| `final_norm.slot_00.final_norm` | 0.570 | distribution=dense_balanced<br>sampled_values=6144/6144<br>zero_fraction=0.0000<br>near_zero_fraction=0.0000<br>outlier_fraction=0.0024<br>peak_to_rms=2.157 |
| `block_033.slot_10.block_norm` | 0.570 | distribution=dense_balanced<br>sampled_values=6144/6144<br>zero_fraction=0.0000<br>near_zero_fraction=0.0000<br>outlier_fraction=0.0024<br>peak_to_rms=2.086<br>lives in a routing-critical block |
| `block_041.slot_10.block_norm` | 0.570 | distribution=dense_balanced<br>sampled_values=6144/6144<br>zero_fraction=0.0000<br>near_zero_fraction=0.0000<br>outlier_fraction=0.0024<br>peak_to_rms=1.662<br>lives in a routing-critical block |
| `block_022.slot_10.block_norm` | 0.570 | distribution=dense_balanced<br>sampled_values=6144/6144<br>zero_fraction=0.0000<br>near_zero_fraction=0.0000<br>outlier_fraction=0.0018<br>peak_to_rms=2.458<br>lives in a routing-critical block |
| `block_050.slot_08.block_norm` | 0.570 | distribution=dense_balanced<br>sampled_values=6144/6144<br>zero_fraction=0.0000<br>near_zero_fraction=0.0000<br>outlier_fraction=0.0005<br>peak_to_rms=2.471<br>lives in a routing-critical block |
| `block_020.slot_10.block_norm` | 0.570 | distribution=dense_balanced<br>sampled_values=6144/6144<br>zero_fraction=0.0000<br>near_zero_fraction=0.0000<br>outlier_fraction=0.0016<br>peak_to_rms=2.484<br>lives in a routing-critical block |
| `block_051.slot_09.block_norm` | 0.571 | distribution=dense_balanced<br>sampled_values=6144/6144<br>zero_fraction=0.0000<br>near_zero_fraction=0.0003<br>outlier_fraction=0.0026<br>peak_to_rms=1.668<br>lives in a routing-critical block |
| `block_053.slot_09.block_norm` | 0.571 | distribution=dense_balanced<br>sampled_values=6144/6144<br>zero_fraction=0.0000<br>near_zero_fraction=0.0003<br>outlier_fraction=0.0026<br>peak_to_rms=1.588<br>lives in a routing-critical block |
| `block_032.slot_10.block_norm` | 0.571 | distribution=dense_balanced<br>sampled_values=6144/6144<br>zero_fraction=0.0000<br>near_zero_fraction=0.0000<br>outlier_fraction=0.0026<br>peak_to_rms=1.828<br>lives in a routing-critical block |
| `block_059.slot_08.block_norm` | 0.571 | distribution=dense_balanced<br>sampled_values=6144/6144<br>zero_fraction=0.0000<br>near_zero_fraction=0.0000<br>outlier_fraction=0.0011<br>peak_to_rms=2.701<br>lives in a routing-critical block |
| `block_014.slot_09.block_norm` | 0.572 | distribution=dense_balanced<br>sampled_values=6144/6144<br>zero_fraction=0.0000<br>near_zero_fraction=0.0015<br>outlier_fraction=0.0028<br>peak_to_rms=1.388<br>lives in a routing-critical block |
| `block_052.slot_09.block_norm` | 0.572 | distribution=dense_balanced<br>sampled_values=6144/6144<br>zero_fraction=0.0000<br>near_zero_fraction=0.0005<br>outlier_fraction=0.0028<br>peak_to_rms=1.591<br>lives in a routing-critical block |
| `block_049.slot_08.block_norm` | 0.572 | distribution=dense_balanced<br>sampled_values=6144/6144<br>zero_fraction=0.0000<br>near_zero_fraction=0.0000<br>outlier_fraction=0.0020<br>peak_to_rms=2.766<br>lives in a routing-critical block |
| `block_017.slot_07.block_norm` | 0.572 | distribution=dense_balanced<br>sampled_values=6144/6144<br>zero_fraction=0.0000<br>near_zero_fraction=0.0000<br>outlier_fraction=0.0028<br>peak_to_rms=2.563<br>lives in a routing-critical block |
| `block_017.slot_08.block_norm` | 0.572 | distribution=dense_balanced<br>sampled_values=6144/6144<br>zero_fraction=0.0000<br>near_zero_fraction=0.0000<br>outlier_fraction=0.0028<br>peak_to_rms=2.680<br>lives in a routing-critical block |
| `block_038.slot_10.block_norm` | 0.572 | distribution=dense_balanced<br>sampled_values=6144/6144<br>zero_fraction=0.0000<br>near_zero_fraction=0.0000<br>outlier_fraction=0.0028<br>peak_to_rms=1.640<br>lives in a routing-critical block |
| `block_039.slot_08.block_norm` | 0.572 | distribution=dense_balanced<br>sampled_values=6144/6144<br>zero_fraction=0.0000<br>near_zero_fraction=0.0000<br>outlier_fraction=0.0028<br>peak_to_rms=1.311<br>lives in a routing-critical block |
| `block_058.slot_09.block_norm` | 0.572 | distribution=dense_balanced<br>sampled_values=6144/6144<br>zero_fraction=0.0000<br>near_zero_fraction=0.0000<br>outlier_fraction=0.0028<br>peak_to_rms=2.363<br>lives in a routing-critical block |
| `block_021.slot_10.block_norm` | 0.572 | distribution=dense_balanced<br>sampled_values=6144/6144<br>zero_fraction=0.0000<br>near_zero_fraction=0.0000<br>outlier_fraction=0.0013<br>peak_to_rms=2.835<br>lives in a routing-critical block |
| `block_059.slot_10.block_norm` | 0.573 | distribution=dense_balanced<br>sampled_values=6144/6144<br>zero_fraction=0.0000<br>near_zero_fraction=0.0000<br>outlier_fraction=0.0023<br>peak_to_rms=2.895<br>lives in a routing-critical block |
| `block_014.slot_08.block_norm` | 0.573 | distribution=dense_balanced<br>sampled_values=6144/6144<br>zero_fraction=0.0000<br>near_zero_fraction=0.0000<br>outlier_fraction=0.0024<br>peak_to_rms=2.896<br>lives in a routing-critical block |
| `block_019.slot_08.block_norm` | 0.573 | distribution=dense_balanced<br>sampled_values=6144/6144<br>zero_fraction=0.0000<br>near_zero_fraction=0.0000<br>outlier_fraction=0.0029<br>peak_to_rms=1.987<br>lives in a routing-critical block |
| `block_037.slot_08.block_norm` | 0.573 | distribution=dense_balanced<br>sampled_values=6144/6144<br>zero_fraction=0.0000<br>near_zero_fraction=0.0000<br>outlier_fraction=0.0015<br>peak_to_rms=2.978<br>lives in a routing-critical block |
| `block_013.slot_08.block_norm` | 0.573 | distribution=dense_balanced<br>sampled_values=6144/6144<br>zero_fraction=0.0000<br>near_zero_fraction=0.0000<br>outlier_fraction=0.0020<br>peak_to_rms=2.979<br>lives in a routing-critical block |
| `block_019.slot_10.block_norm` | 0.573 | distribution=dense_balanced<br>sampled_values=6144/6144<br>zero_fraction=0.0000<br>near_zero_fraction=0.0000<br>outlier_fraction=0.0016<br>peak_to_rms=2.989<br>lives in a routing-critical block |
| `block_001.slot_09.block_norm` | 0.576 | distribution=dense_balanced<br>sampled_values=6144/6144<br>zero_fraction=0.0000<br>near_zero_fraction=0.0218<br>outlier_fraction=0.0002<br>peak_to_rms=3.420<br>lives in a routing-critical block |
| `block_030.slot_10.block_norm` | 0.574 | distribution=dense_balanced<br>sampled_values=6144/6144<br>zero_fraction=0.0000<br>near_zero_fraction=0.0000<br>outlier_fraction=0.0016<br>peak_to_rms=3.074<br>lives in a routing-critical block |
| `block_057.slot_08.block_norm` | 0.574 | distribution=dense_balanced<br>sampled_values=6144/6144<br>zero_fraction=0.0000<br>near_zero_fraction=0.0000<br>outlier_fraction=0.0007<br>peak_to_rms=3.077<br>lives in a routing-critical block |
| `block_018.slot_08.block_norm` | 0.574 | distribution=dense_balanced<br>sampled_values=6144/6144<br>zero_fraction=0.0000<br>near_zero_fraction=0.0000<br>outlier_fraction=0.0031<br>peak_to_rms=2.951<br>lives in a routing-critical block |
| `block_044.slot_08.block_norm` | 0.574 | distribution=dense_balanced<br>sampled_values=6144/6144<br>zero_fraction=0.0000<br>near_zero_fraction=0.0000<br>outlier_fraction=0.0031<br>peak_to_rms=2.217<br>lives in a routing-critical block |
| `block_052.slot_08.block_norm` | 0.574 | distribution=dense_balanced<br>sampled_values=6144/6144<br>zero_fraction=0.0000<br>near_zero_fraction=0.0000<br>outlier_fraction=0.0008<br>peak_to_rms=3.109<br>lives in a routing-critical block |
| `block_043.slot_08.block_norm` | 0.575 | distribution=dense_balanced<br>sampled_values=6144/6144<br>zero_fraction=0.0000<br>near_zero_fraction=0.0000<br>outlier_fraction=0.0031<br>peak_to_rms=3.161<br>lives in a routing-critical block |
| `block_030.slot_08.block_norm` | 0.575 | distribution=dense_balanced<br>sampled_values=6144/6144<br>zero_fraction=0.0000<br>near_zero_fraction=0.0000<br>outlier_fraction=0.0011<br>peak_to_rms=3.185<br>lives in a routing-critical block |
| `block_015.slot_08.block_norm` | 0.575 | distribution=dense_balanced<br>sampled_values=6144/6144<br>zero_fraction=0.0000<br>near_zero_fraction=0.0000<br>outlier_fraction=0.0020<br>peak_to_rms=3.224<br>lives in a routing-critical block |
| `block_049.slot_09.block_norm` | 0.575 | distribution=dense_balanced<br>sampled_values=6144/6144<br>zero_fraction=0.0000<br>near_zero_fraction=0.0007<br>outlier_fraction=0.0033<br>peak_to_rms=1.599<br>lives in a routing-critical block |
| `block_029.slot_08.block_norm` | 0.575 | distribution=dense_balanced<br>sampled_values=6144/6144<br>zero_fraction=0.0000<br>near_zero_fraction=0.0000<br>outlier_fraction=0.0033<br>peak_to_rms=2.097<br>lives in a routing-critical block |
| `block_033.slot_08.block_norm` | 0.575 | distribution=dense_balanced<br>sampled_values=6144/6144<br>zero_fraction=0.0000<br>near_zero_fraction=0.0000<br>outlier_fraction=0.0033<br>peak_to_rms=2.912<br>lives in a routing-critical block |
| `block_040.slot_10.block_norm` | 0.575 | distribution=dense_balanced<br>sampled_values=6144/6144<br>zero_fraction=0.0000<br>near_zero_fraction=0.0000<br>outlier_fraction=0.0033<br>peak_to_rms=1.536<br>lives in a routing-critical block |
| `block_043.slot_10.block_norm` | 0.575 | distribution=dense_balanced<br>sampled_values=6144/6144<br>zero_fraction=0.0000<br>near_zero_fraction=0.0000<br>outlier_fraction=0.0033<br>peak_to_rms=2.089<br>lives in a routing-critical block |
| `block_028.slot_08.block_norm` | 0.576 | distribution=dense_balanced<br>sampled_values=6144/6144<br>zero_fraction=0.0000<br>near_zero_fraction=0.0000<br>outlier_fraction=0.0034<br>peak_to_rms=1.411<br>lives in a routing-critical block |
| `block_042.slot_10.block_norm` | 0.576 | distribution=dense_balanced<br>sampled_values=6144/6144<br>zero_fraction=0.0000<br>near_zero_fraction=0.0000<br>outlier_fraction=0.0034<br>peak_to_rms=1.367<br>lives in a routing-critical block |
| `block_055.slot_08.block_norm` | 0.576 | distribution=dense_balanced<br>sampled_values=6144/6144<br>zero_fraction=0.0000<br>near_zero_fraction=0.0000<br>outlier_fraction=0.0021<br>peak_to_rms=3.426<br>lives in a routing-critical block |
| `block_022.slot_08.block_norm` | 0.577 | distribution=dense_balanced<br>sampled_values=6144/6144<br>zero_fraction=0.0000<br>near_zero_fraction=0.0000<br>outlier_fraction=0.0021<br>peak_to_rms=3.435<br>lives in a routing-critical block |
| `block_011.slot_08.block_norm` | 0.577 | distribution=dense_balanced<br>sampled_values=6144/6144<br>zero_fraction=0.0000<br>near_zero_fraction=0.0000<br>outlier_fraction=0.0011<br>peak_to_rms=3.550<br>lives in a routing-critical block |
| `block_029.slot_07.block_norm` | 0.578 | distribution=dense_balanced<br>sampled_values=6144/6144<br>zero_fraction=0.0000<br>near_zero_fraction=0.0000<br>outlier_fraction=0.0036<br>peak_to_rms=2.704<br>lives in a routing-critical block |
| `block_038.slot_08.block_norm` | 0.578 | distribution=dense_balanced<br>sampled_values=6144/6144<br>zero_fraction=0.0000<br>near_zero_fraction=0.0000<br>outlier_fraction=0.0036<br>peak_to_rms=1.386<br>lives in a routing-critical block |
| `block_039.slot_10.block_norm` | 0.578 | distribution=dense_balanced<br>sampled_values=6144/6144<br>zero_fraction=0.0000<br>near_zero_fraction=0.0000<br>outlier_fraction=0.0036<br>peak_to_rms=1.381<br>lives in a routing-critical block |
| `block_010.slot_08.block_norm` | 0.578 | distribution=dense_balanced<br>sampled_values=6144/6144<br>zero_fraction=0.0000<br>near_zero_fraction=0.0000<br>outlier_fraction=0.0008<br>peak_to_rms=3.670<br>lives in a routing-critical block |
| `block_060.slot_10.block_norm` | 0.579 | distribution=dense_balanced<br>sampled_values=6144/6144<br>zero_fraction=0.0000<br>near_zero_fraction=0.0000<br>outlier_fraction=0.0018<br>peak_to_rms=3.726<br>lives in a routing-critical block |
| `block_047.slot_09.block_norm` | 0.579 | distribution=dense_balanced<br>sampled_values=6144/6144<br>zero_fraction=0.0000<br>near_zero_fraction=0.0008<br>outlier_fraction=0.0037<br>peak_to_rms=1.582<br>lives in a routing-critical block |
| `block_048.slot_08.block_norm` | 0.579 | distribution=dense_balanced<br>sampled_values=6144/6144<br>zero_fraction=0.0000<br>near_zero_fraction=0.0000<br>outlier_fraction=0.0026<br>peak_to_rms=3.853<br>lives in a routing-critical block |
| `block_048.slot_09.block_norm` | 0.580 | distribution=dense_balanced<br>sampled_values=6144/6144<br>zero_fraction=0.0000<br>near_zero_fraction=0.0011<br>outlier_fraction=0.0039<br>peak_to_rms=1.595<br>lives in a routing-critical block |
| `block_031.slot_08.block_norm` | 0.580 | distribution=dense_balanced<br>sampled_values=6144/6144<br>zero_fraction=0.0000<br>near_zero_fraction=0.0000<br>outlier_fraction=0.0039<br>peak_to_rms=3.367<br>lives in a routing-critical block |
| `block_041.slot_08.block_norm` | 0.580 | distribution=dense_balanced<br>sampled_values=6144/6144<br>zero_fraction=0.0000<br>near_zero_fraction=0.0000<br>outlier_fraction=0.0039<br>peak_to_rms=1.588<br>lives in a routing-critical block |
| `block_044.slot_10.block_norm` | 0.580 | distribution=dense_balanced<br>sampled_values=6144/6144<br>zero_fraction=0.0000<br>near_zero_fraction=0.0000<br>outlier_fraction=0.0039<br>peak_to_rms=1.372<br>lives in a routing-critical block |
| `block_051.slot_08.block_norm` | 0.581 | distribution=dense_balanced<br>sampled_values=6144/6144<br>zero_fraction=0.0000<br>near_zero_fraction=0.0000<br>outlier_fraction=0.0002<br>peak_to_rms=4.016<br>lives in a routing-critical block |
| `block_020.slot_07.block_norm` | 0.581 | distribution=dense_balanced<br>sampled_values=6144/6144<br>zero_fraction=0.0000<br>near_zero_fraction=0.0000<br>outlier_fraction=0.0041<br>peak_to_rms=2.796<br>lives in a routing-critical block |
| `block_026.slot_08.block_norm` | 0.581 | distribution=dense_balanced<br>sampled_values=6144/6144<br>zero_fraction=0.0000<br>near_zero_fraction=0.0000<br>outlier_fraction=0.0041<br>peak_to_rms=3.696<br>lives in a routing-critical block |
| `block_009.slot_08.block_norm` | 0.582 | distribution=dense_balanced<br>sampled_values=6144/6144<br>zero_fraction=0.0000<br>near_zero_fraction=0.0000<br>outlier_fraction=0.0002<br>peak_to_rms=4.143<br>lives in a routing-critical block |
| `block_007.slot_08.block_norm` | 0.582 | distribution=dense_balanced<br>sampled_values=6144/6144<br>zero_fraction=0.0000<br>near_zero_fraction=0.0000<br>outlier_fraction=0.0003<br>peak_to_rms=4.214<br>lives in a routing-critical block |
| `block_060.slot_07.block_norm` | 0.582 | distribution=dense_balanced<br>sampled_values=6144/6144<br>zero_fraction=0.0000<br>near_zero_fraction=0.0000<br>outlier_fraction=0.0042<br>peak_to_rms=3.432<br>lives in a routing-critical block |
| `block_050.slot_07.block_norm` | 0.583 | distribution=dense_balanced<br>sampled_values=6144/6144<br>zero_fraction=0.0000<br>near_zero_fraction=0.0000<br>outlier_fraction=0.0039<br>peak_to_rms=4.385<br>lives in a routing-critical block |
| `block_016.slot_08.block_norm` | 0.583 | distribution=dense_balanced<br>sampled_values=6144/6144<br>zero_fraction=0.0000<br>near_zero_fraction=0.0000<br>outlier_fraction=0.0044<br>peak_to_rms=1.800<br>lives in a routing-critical block |
| `block_022.slot_07.block_norm` | 0.583 | distribution=dense_balanced<br>sampled_values=6144/6144<br>zero_fraction=0.0000<br>near_zero_fraction=0.0000<br>outlier_fraction=0.0044<br>peak_to_rms=2.651<br>lives in a routing-critical block |
| `block_024.slot_08.block_norm` | 0.583 | distribution=dense_balanced<br>sampled_values=6144/6144<br>zero_fraction=0.0000<br>near_zero_fraction=0.0000<br>outlier_fraction=0.0044<br>peak_to_rms=1.357<br>lives in a routing-critical block |
| `block_027.slot_08.block_norm` | 0.583 | distribution=dense_balanced<br>sampled_values=6144/6144<br>zero_fraction=0.0000<br>near_zero_fraction=0.0000<br>outlier_fraction=0.0044<br>peak_to_rms=2.310<br>lives in a routing-critical block |
| `block_030.slot_07.block_norm` | 0.583 | distribution=dense_balanced<br>sampled_values=6144/6144<br>zero_fraction=0.0000<br>near_zero_fraction=0.0000<br>outlier_fraction=0.0044<br>peak_to_rms=3.372<br>lives in a routing-critical block |
| `block_008.slot_08.block_norm` | 0.584 | distribution=dense_balanced<br>sampled_values=6144/6144<br>zero_fraction=0.0000<br>near_zero_fraction=0.0000<br>outlier_fraction=0.0007<br>peak_to_rms=4.466<br>lives in a routing-critical block |
| `block_024.slot_07.block_norm` | 0.584 | distribution=dense_balanced<br>sampled_values=6144/6144<br>zero_fraction=0.0000<br>near_zero_fraction=0.0000<br>outlier_fraction=0.0046<br>peak_to_rms=2.442<br>lives in a routing-critical block |
| `block_032.slot_08.block_norm` | 0.584 | distribution=dense_balanced<br>sampled_values=6144/6144<br>zero_fraction=0.0000<br>near_zero_fraction=0.0000<br>outlier_fraction=0.0046<br>peak_to_rms=2.163<br>lives in a routing-critical block |
| `block_006.slot_08.block_norm` | 0.584 | distribution=dense_balanced<br>sampled_values=6144/6144<br>zero_fraction=0.0000<br>near_zero_fraction=0.0000<br>outlier_fraction=0.0031<br>peak_to_rms=4.563<br>lives in a routing-critical block |
| `block_009.slot_10.block_norm` | 0.585 | distribution=dense_balanced<br>sampled_values=6144/6144<br>zero_fraction=0.0000<br>near_zero_fraction=0.0000<br>outlier_fraction=0.0010<br>peak_to_rms=4.609<br>lives in a routing-critical block |
| `block_053.slot_07.block_norm` | 0.585 | distribution=dense_balanced<br>sampled_values=6144/6144<br>zero_fraction=0.0000<br>near_zero_fraction=0.0000<br>outlier_fraction=0.0046<br>peak_to_rms=4.610<br>lives in a routing-critical block |
| `block_044.slot_09.block_norm` | 0.586 | distribution=dense_balanced<br>sampled_values=6144/6144<br>zero_fraction=0.0000<br>near_zero_fraction=0.0013<br>outlier_fraction=0.0047<br>peak_to_rms=1.539<br>lives in a routing-critical block |
| `block_020.slot_08.block_norm` | 0.586 | distribution=dense_balanced<br>sampled_values=6144/6144<br>zero_fraction=0.0000<br>near_zero_fraction=0.0000<br>outlier_fraction=0.0047<br>peak_to_rms=1.759<br>lives in a routing-critical block |
| `block_036.slot_08.block_norm` | 0.586 | distribution=dense_balanced<br>sampled_values=6144/6144<br>zero_fraction=0.0000<br>near_zero_fraction=0.0000<br>outlier_fraction=0.0047<br>peak_to_rms=1.439<br>lives in a routing-critical block |
| `block_049.slot_10.block_norm` | 0.586 | distribution=dense_balanced<br>sampled_values=6144/6144<br>zero_fraction=0.0000<br>near_zero_fraction=0.0000<br>outlier_fraction=0.0047<br>peak_to_rms=1.339<br>lives in a routing-critical block |
| `block_046.slot_09.block_norm` | 0.587 | distribution=dense_balanced<br>sampled_values=6144/6144<br>zero_fraction=0.0000<br>near_zero_fraction=0.0013<br>outlier_fraction=0.0049<br>peak_to_rms=1.552<br>lives in a routing-critical block |
| `block_031.slot_07.block_norm` | 0.587 | distribution=dense_balanced<br>sampled_values=6144/6144<br>zero_fraction=0.0000<br>near_zero_fraction=0.0000<br>outlier_fraction=0.0049<br>peak_to_rms=4.283<br>lives in a routing-critical block |
| `block_037.slot_07.block_norm` | 0.587 | distribution=dense_balanced<br>sampled_values=6144/6144<br>zero_fraction=0.0000<br>near_zero_fraction=0.0000<br>outlier_fraction=0.0049<br>peak_to_rms=3.750<br>lives in a routing-critical block |
| `block_046.slot_10.block_norm` | 0.587 | distribution=dense_balanced<br>sampled_values=6144/6144<br>zero_fraction=0.0000<br>near_zero_fraction=0.0000<br>outlier_fraction=0.0049<br>peak_to_rms=1.354<br>lives in a routing-critical block |
| `block_025.slot_08.block_norm` | 0.588 | distribution=dense_balanced<br>sampled_values=6144/6144<br>zero_fraction=0.0000<br>near_zero_fraction=0.0000<br>outlier_fraction=0.0050<br>peak_to_rms=3.844<br>lives in a routing-critical block |
| `block_035.slot_08.block_norm` | 0.588 | distribution=dense_balanced<br>sampled_values=6144/6144<br>zero_fraction=0.0000<br>near_zero_fraction=0.0000<br>outlier_fraction=0.0050<br>peak_to_rms=4.716<br>lives in a routing-critical block |
| `block_059.slot_07.block_norm` | 0.588 | distribution=dense_balanced<br>sampled_values=6144/6144<br>zero_fraction=0.0000<br>near_zero_fraction=0.0000<br>outlier_fraction=0.0050<br>peak_to_rms=4.214<br>lives in a routing-critical block |
| `block_059.slot_09.block_norm` | 0.588 | distribution=dense_balanced<br>sampled_values=6144/6144<br>zero_fraction=0.0000<br>near_zero_fraction=0.0000<br>outlier_fraction=0.0050<br>peak_to_rms=3.086<br>lives in a routing-critical block |
| `block_060.slot_09.block_norm` | 0.588 | distribution=dense_balanced<br>sampled_values=6144/6144<br>zero_fraction=0.0000<br>near_zero_fraction=0.0000<br>outlier_fraction=0.0050<br>peak_to_rms=4.057<br>lives in a routing-critical block |
| `block_017.slot_10.block_norm` | 0.588 | distribution=dense_balanced<br>sampled_values=6144/6144<br>zero_fraction=0.0000<br>near_zero_fraction=0.0000<br>outlier_fraction=0.0013<br>peak_to_rms=5.090<br>lives in a routing-critical block |
| `block_043.slot_09.block_norm` | 0.589 | distribution=dense_balanced<br>sampled_values=6144/6144<br>zero_fraction=0.0000<br>near_zero_fraction=0.0013<br>outlier_fraction=0.0052<br>peak_to_rms=1.557<br>lives in a routing-critical block |
| `block_015.slot_09.block_norm` | 0.589 | distribution=dense_balanced<br>sampled_values=6144/6144<br>zero_fraction=0.0000<br>near_zero_fraction=0.0007<br>outlier_fraction=0.0052<br>peak_to_rms=1.509<br>lives in a routing-critical block |
| `block_021.slot_08.block_norm` | 0.589 | distribution=dense_balanced<br>sampled_values=6144/6144<br>zero_fraction=0.0000<br>near_zero_fraction=0.0000<br>outlier_fraction=0.0052<br>peak_to_rms=3.238<br>lives in a routing-critical block |
| `block_050.slot_10.block_norm` | 0.589 | distribution=dense_balanced<br>sampled_values=6144/6144<br>zero_fraction=0.0000<br>near_zero_fraction=0.0000<br>outlier_fraction=0.0052<br>peak_to_rms=1.284<br>lives in a routing-critical block |
| `block_052.slot_07.block_norm` | 0.589 | distribution=dense_balanced<br>sampled_values=6144/6144<br>zero_fraction=0.0000<br>near_zero_fraction=0.0000<br>outlier_fraction=0.0046<br>peak_to_rms=5.269<br>lives in a routing-critical block |
| `block_042.slot_09.block_norm` | 0.590 | distribution=dense_balanced<br>sampled_values=6144/6144<br>zero_fraction=0.0000<br>near_zero_fraction=0.0011<br>outlier_fraction=0.0054<br>peak_to_rms=1.533<br>lives in a routing-critical block |
| `block_040.slot_09.block_norm` | 0.591 | distribution=dense_balanced<br>sampled_values=6144/6144<br>zero_fraction=0.0000<br>near_zero_fraction=0.0013<br>outlier_fraction=0.0055<br>peak_to_rms=1.501<br>lives in a routing-critical block |
| `block_041.slot_09.block_norm` | 0.591 | distribution=dense_balanced<br>sampled_values=6144/6144<br>zero_fraction=0.0000<br>near_zero_fraction=0.0013<br>outlier_fraction=0.0055<br>peak_to_rms=1.556<br>lives in a routing-critical block |
| `block_048.slot_10.block_norm` | 0.591 | distribution=dense_balanced<br>sampled_values=6144/6144<br>zero_fraction=0.0000<br>near_zero_fraction=0.0002<br>outlier_fraction=0.0055<br>peak_to_rms=2.100<br>lives in a routing-critical block |
| `block_039.slot_07.block_norm` | 0.591 | distribution=dense_balanced<br>sampled_values=6144/6144<br>zero_fraction=0.0000<br>near_zero_fraction=0.0000<br>outlier_fraction=0.0055<br>peak_to_rms=3.964<br>lives in a routing-critical block |
| `block_048.slot_07.block_norm` | 0.591 | distribution=dense_balanced<br>sampled_values=6144/6144<br>zero_fraction=0.0000<br>near_zero_fraction=0.0000<br>outlier_fraction=0.0055<br>peak_to_rms=4.494<br>lives in a routing-critical block |
| `block_058.slot_10.block_norm` | 0.591 | distribution=dense_balanced<br>sampled_values=6144/6144<br>zero_fraction=0.0000<br>near_zero_fraction=0.0000<br>outlier_fraction=0.0055<br>peak_to_rms=1.580<br>lives in a routing-critical block |
| `block_005.slot_08.block_norm` | 0.592 | distribution=dense_balanced<br>sampled_values=6144/6144<br>zero_fraction=0.0000<br>near_zero_fraction=0.0000<br>outlier_fraction=0.0028<br>peak_to_rms=5.606<br>lives in a routing-critical block |
| `block_043.slot_07.block_norm` | 0.592 | distribution=dense_balanced<br>sampled_values=6144/6144<br>zero_fraction=0.0000<br>near_zero_fraction=0.0000<br>outlier_fraction=0.0041<br>peak_to_rms=5.607<br>lives in a routing-critical block |
| `block_038.slot_09.block_norm` | 0.592 | distribution=dense_balanced<br>sampled_values=6144/6144<br>zero_fraction=0.0000<br>near_zero_fraction=0.0010<br>outlier_fraction=0.0057<br>peak_to_rms=1.491<br>lives in a routing-critical block |
| `block_025.slot_07.block_norm` | 0.592 | distribution=dense_balanced<br>sampled_values=6144/6144<br>zero_fraction=0.0000<br>near_zero_fraction=0.0000<br>outlier_fraction=0.0057<br>peak_to_rms=3.327<br>lives in a routing-critical block |
| `block_027.slot_07.block_norm` | 0.592 | distribution=dense_balanced<br>sampled_values=6144/6144<br>zero_fraction=0.0000<br>near_zero_fraction=0.0000<br>outlier_fraction=0.0057<br>peak_to_rms=2.530<br>lives in a routing-critical block |
| `block_038.slot_07.block_norm` | 0.592 | distribution=dense_balanced<br>sampled_values=6144/6144<br>zero_fraction=0.0000<br>near_zero_fraction=0.0000<br>outlier_fraction=0.0057<br>peak_to_rms=4.345<br>lives in a routing-critical block |
| `block_046.slot_07.block_norm` | 0.592 | distribution=dense_balanced<br>sampled_values=6144/6144<br>zero_fraction=0.0000<br>near_zero_fraction=0.0000<br>outlier_fraction=0.0057<br>peak_to_rms=3.592<br>lives in a routing-critical block |
| `block_047.slot_10.block_norm` | 0.592 | distribution=dense_balanced<br>sampled_values=6144/6144<br>zero_fraction=0.0000<br>near_zero_fraction=0.0000<br>outlier_fraction=0.0057<br>peak_to_rms=2.291<br>lives in a routing-critical block |
| `block_055.slot_07.block_norm` | 0.592 | distribution=dense_balanced<br>sampled_values=6144/6144<br>zero_fraction=0.0000<br>near_zero_fraction=0.0000<br>outlier_fraction=0.0057<br>peak_to_rms=4.568<br>lives in a routing-critical block |
| `block_021.slot_07.block_norm` | 0.594 | distribution=dense_balanced<br>sampled_values=6144/6144<br>zero_fraction=0.0000<br>near_zero_fraction=0.0000<br>outlier_fraction=0.0059<br>peak_to_rms=2.989<br>lives in a routing-critical block |
| `block_028.slot_07.block_norm` | 0.594 | distribution=dense_balanced<br>sampled_values=6144/6144<br>zero_fraction=0.0000<br>near_zero_fraction=0.0000<br>outlier_fraction=0.0059<br>peak_to_rms=2.597<br>lives in a routing-critical block |
| `block_033.slot_07.block_norm` | 0.594 | distribution=dense_balanced<br>sampled_values=6144/6144<br>zero_fraction=0.0000<br>near_zero_fraction=0.0000<br>outlier_fraction=0.0059<br>peak_to_rms=4.069<br>lives in a routing-critical block |
| `block_051.slot_07.block_norm` | 0.594 | distribution=dense_balanced<br>sampled_values=6144/6144<br>zero_fraction=0.0000<br>near_zero_fraction=0.0000<br>outlier_fraction=0.0059<br>peak_to_rms=3.999<br>lives in a routing-critical block |
| `block_040.slot_08.block_norm` | 0.594 | distribution=dense_balanced<br>sampled_values=6144/6144<br>zero_fraction=0.0000<br>near_zero_fraction=0.0000<br>outlier_fraction=0.0046<br>peak_to_rms=5.904<br>lives in a routing-critical block |
| `block_015.slot_10.block_norm` | 0.594 | distribution=dense_balanced<br>sampled_values=6144/6144<br>zero_fraction=0.0000<br>near_zero_fraction=0.0000<br>outlier_fraction=0.0016<br>peak_to_rms=5.950<br>lives in a routing-critical block |
| `block_037.slot_09.block_norm` | 0.595 | distribution=dense_balanced<br>sampled_values=6144/6144<br>zero_fraction=0.0000<br>near_zero_fraction=0.0018<br>outlier_fraction=0.0060<br>peak_to_rms=1.534<br>lives in a routing-critical block |
| `block_039.slot_09.block_norm` | 0.595 | distribution=dense_balanced<br>sampled_values=6144/6144<br>zero_fraction=0.0000<br>near_zero_fraction=0.0015<br>outlier_fraction=0.0060<br>peak_to_rms=1.509<br>lives in a routing-critical block |
| `block_026.slot_07.block_norm` | 0.596 | distribution=dense_balanced<br>sampled_values=6144/6144<br>zero_fraction=0.0000<br>near_zero_fraction=0.0000<br>outlier_fraction=0.0062<br>peak_to_rms=3.163<br>lives in a routing-critical block |
| `block_036.slot_09.block_norm` | 0.597 | distribution=dense_balanced<br>sampled_values=6144/6144<br>zero_fraction=0.0000<br>near_zero_fraction=0.0016<br>outlier_fraction=0.0063<br>peak_to_rms=1.454<br>lives in a routing-critical block |
| `block_036.slot_07.block_norm` | 0.597 | distribution=dense_balanced<br>sampled_values=6144/6144<br>zero_fraction=0.0000<br>near_zero_fraction=0.0000<br>outlier_fraction=0.0063<br>peak_to_rms=3.043<br>lives in a routing-critical block |
| `block_041.slot_07.block_norm` | 0.597 | distribution=dense_balanced<br>sampled_values=6144/6144<br>zero_fraction=0.0000<br>near_zero_fraction=0.0000<br>outlier_fraction=0.0063<br>peak_to_rms=3.606<br>lives in a routing-critical block |
| `block_042.slot_07.block_norm` | 0.597 | distribution=dense_balanced<br>sampled_values=6144/6144<br>zero_fraction=0.0000<br>near_zero_fraction=0.0000<br>outlier_fraction=0.0063<br>peak_to_rms=3.518<br>lives in a routing-critical block |
| `block_044.slot_07.block_norm` | 0.597 | distribution=dense_balanced<br>sampled_values=6144/6144<br>zero_fraction=0.0000<br>near_zero_fraction=0.0000<br>outlier_fraction=0.0063<br>peak_to_rms=3.731<br>lives in a routing-critical block |
| `block_035.slot_09.block_norm` | 0.598 | distribution=dense_balanced<br>sampled_values=6144/6144<br>zero_fraction=0.0000<br>near_zero_fraction=0.0015<br>outlier_fraction=0.0065<br>peak_to_rms=1.450<br>lives in a routing-critical block |
| `block_033.slot_09.block_norm` | 0.598 | distribution=dense_balanced<br>sampled_values=6144/6144<br>zero_fraction=0.0000<br>near_zero_fraction=0.0007<br>outlier_fraction=0.0065<br>peak_to_rms=1.461<br>lives in a routing-critical block |
| `block_049.slot_07.block_norm` | 0.598 | distribution=dense_balanced<br>sampled_values=6144/6144<br>zero_fraction=0.0000<br>near_zero_fraction=0.0000<br>outlier_fraction=0.0065<br>peak_to_rms=4.444<br>lives in a routing-critical block |
| `block_051.slot_10.block_norm` | 0.598 | distribution=dense_balanced<br>sampled_values=6144/6144<br>zero_fraction=0.0000<br>near_zero_fraction=0.0000<br>outlier_fraction=0.0065<br>peak_to_rms=1.433<br>lives in a routing-critical block |
| `block_058.slot_07.block_norm` | 0.598 | distribution=dense_balanced<br>sampled_values=6144/6144<br>zero_fraction=0.0000<br>near_zero_fraction=0.0000<br>outlier_fraction=0.0065<br>peak_to_rms=4.487<br>lives in a routing-critical block |
| `block_004.slot_08.block_norm` | 0.598 | distribution=dense_balanced<br>sampled_values=6144/6144<br>zero_fraction=0.0000<br>near_zero_fraction=0.0000<br>outlier_fraction=0.0036<br>peak_to_rms=6.534<br>lives in a routing-critical block |
| `block_029.slot_09.block_norm` | 0.599 | distribution=dense_balanced<br>sampled_values=6144/6144<br>zero_fraction=0.0000<br>near_zero_fraction=0.0013<br>outlier_fraction=0.0067<br>peak_to_rms=1.480<br>lives in a routing-critical block |
| `block_030.slot_09.block_norm` | 0.599 | distribution=dense_balanced<br>sampled_values=6144/6144<br>zero_fraction=0.0000<br>near_zero_fraction=0.0013<br>outlier_fraction=0.0067<br>peak_to_rms=1.478<br>lives in a routing-critical block |
| `block_031.slot_09.block_norm` | 0.599 | distribution=dense_balanced<br>sampled_values=6144/6144<br>zero_fraction=0.0000<br>near_zero_fraction=0.0013<br>outlier_fraction=0.0067<br>peak_to_rms=1.462<br>lives in a routing-critical block |
| `block_017.slot_09.block_norm` | 0.599 | distribution=dense_balanced<br>sampled_values=6144/6144<br>zero_fraction=0.0000<br>near_zero_fraction=0.0008<br>outlier_fraction=0.0067<br>peak_to_rms=1.531<br>lives in a routing-critical block |
| `block_040.slot_07.block_norm` | 0.599 | distribution=dense_balanced<br>sampled_values=6144/6144<br>zero_fraction=0.0000<br>near_zero_fraction=0.0000<br>outlier_fraction=0.0067<br>peak_to_rms=4.931<br>lives in a routing-critical block |
| `block_054.slot_07.block_norm` | 0.599 | distribution=dense_balanced<br>sampled_values=6144/6144<br>zero_fraction=0.0000<br>near_zero_fraction=0.0000<br>outlier_fraction=0.0067<br>peak_to_rms=4.307<br>lives in a routing-critical block |
| `block_000.slot_08.block_norm` | 0.600 | distribution=dense_balanced<br>sampled_values=6144/6144<br>zero_fraction=0.0000<br>near_zero_fraction=0.0000<br>outlier_fraction=0.0068<br>peak_to_rms=5.462<br>lives in a routing-critical block |
| `block_057.slot_07.block_norm` | 0.600 | distribution=dense_balanced<br>sampled_values=6144/6144<br>zero_fraction=0.0000<br>near_zero_fraction=0.0000<br>outlier_fraction=0.0068<br>peak_to_rms=4.236<br>lives in a routing-critical block |
| `block_027.slot_09.block_norm` | 0.601 | distribution=dense_balanced<br>sampled_values=6144/6144<br>zero_fraction=0.0000<br>near_zero_fraction=0.0018<br>outlier_fraction=0.0070<br>peak_to_rms=1.512<br>lives in a routing-critical block |
| `block_016.slot_09.block_norm` | 0.601 | distribution=dense_balanced<br>sampled_values=6144/6144<br>zero_fraction=0.0000<br>near_zero_fraction=0.0015<br>outlier_fraction=0.0070<br>peak_to_rms=1.484<br>lives in a routing-critical block |
| `block_021.slot_09.block_norm` | 0.603 | distribution=dense_balanced<br>sampled_values=6144/6144<br>zero_fraction=0.0000<br>near_zero_fraction=0.0018<br>outlier_fraction=0.0072<br>peak_to_rms=1.571<br>lives in a routing-critical block |
| `block_022.slot_09.block_norm` | 0.603 | distribution=dense_balanced<br>sampled_values=6144/6144<br>zero_fraction=0.0000<br>near_zero_fraction=0.0011<br>outlier_fraction=0.0072<br>peak_to_rms=1.550<br>lives in a routing-critical block |
| `block_019.slot_09.block_norm` | 0.603 | distribution=dense_balanced<br>sampled_values=6144/6144<br>zero_fraction=0.0000<br>near_zero_fraction=0.0008<br>outlier_fraction=0.0072<br>peak_to_rms=1.580<br>lives in a routing-critical block |
| `block_057.slot_10.block_norm` | 0.603 | distribution=dense_balanced<br>sampled_values=6144/6144<br>zero_fraction=0.0000<br>near_zero_fraction=0.0000<br>outlier_fraction=0.0072<br>peak_to_rms=1.291<br>lives in a routing-critical block |
| `block_001.slot_10.block_norm` | 0.603 | distribution=dense_balanced<br>sampled_values=6144/6144<br>zero_fraction=0.0000<br>near_zero_fraction=0.0000<br>outlier_fraction=0.0010<br>peak_to_rms=7.184<br>lives in a routing-critical block |
| `block_018.slot_09.block_norm` | 0.604 | distribution=dense_balanced<br>sampled_values=6144/6144<br>zero_fraction=0.0000<br>near_zero_fraction=0.0018<br>outlier_fraction=0.0073<br>peak_to_rms=1.477<br>lives in a routing-critical block |
| `block_026.slot_09.block_norm` | 0.604 | distribution=dense_balanced<br>sampled_values=6144/6144<br>zero_fraction=0.0000<br>near_zero_fraction=0.0018<br>outlier_fraction=0.0073<br>peak_to_rms=1.502<br>lives in a routing-critical block |
| `block_032.slot_09.block_norm` | 0.604 | distribution=dense_balanced<br>sampled_values=6144/6144<br>zero_fraction=0.0000<br>near_zero_fraction=0.0015<br>outlier_fraction=0.0073<br>peak_to_rms=1.448<br>lives in a routing-critical block |
| `block_003.slot_08.block_norm` | 0.604 | distribution=dense_balanced<br>sampled_values=6144/6144<br>zero_fraction=0.0000<br>near_zero_fraction=0.0000<br>outlier_fraction=0.0062<br>peak_to_rms=7.319<br>lives in a routing-critical block |
| `block_035.slot_07.block_norm` | 0.604 | distribution=dense_balanced<br>sampled_values=6144/6144<br>zero_fraction=0.0000<br>near_zero_fraction=0.0000<br>outlier_fraction=0.0073<br>peak_to_rms=4.525<br>lives in a routing-critical block |
| `block_012.slot_10.block_norm` | 0.604 | distribution=dense_balanced<br>sampled_values=6144/6144<br>zero_fraction=0.0000<br>near_zero_fraction=0.0000<br>outlier_fraction=0.0010<br>peak_to_rms=7.378<br>lives in a routing-critical block |
| `block_028.slot_09.block_norm` | 0.605 | distribution=dense_balanced<br>sampled_values=6144/6144<br>zero_fraction=0.0000<br>near_zero_fraction=0.0008<br>outlier_fraction=0.0075<br>peak_to_rms=1.473<br>lives in a routing-critical block |
| `block_006.slot_10.block_norm` | 0.606 | distribution=dense_balanced<br>sampled_values=6144/6144<br>zero_fraction=0.0000<br>near_zero_fraction=0.0000<br>outlier_fraction=0.0008<br>peak_to_rms=7.624<br>lives in a routing-critical block |
| `block_011.slot_10.block_norm` | 0.606 | distribution=dense_balanced<br>sampled_values=6144/6144<br>zero_fraction=0.0000<br>near_zero_fraction=0.0000<br>outlier_fraction=0.0011<br>peak_to_rms=7.666<br>lives in a routing-critical block |
| `block_024.slot_09.block_norm` | 0.607 | distribution=dense_balanced<br>sampled_values=6144/6144<br>zero_fraction=0.0000<br>near_zero_fraction=0.0015<br>outlier_fraction=0.0078<br>peak_to_rms=1.540<br>lives in a routing-critical block |
| `block_020.slot_09.block_norm` | 0.607 | distribution=dense_balanced<br>sampled_values=6144/6144<br>zero_fraction=0.0000<br>near_zero_fraction=0.0013<br>outlier_fraction=0.0078<br>peak_to_rms=1.541<br>lives in a routing-critical block |
| `block_047.slot_07.block_norm` | 0.607 | distribution=dense_balanced<br>sampled_values=6144/6144<br>zero_fraction=0.0000<br>near_zero_fraction=0.0000<br>outlier_fraction=0.0078<br>peak_to_rms=3.522<br>lives in a routing-critical block |
| `block_000.slot_07.block_norm` | 0.607 | distribution=dense_balanced<br>sampled_values=6144/6144<br>zero_fraction=0.0000<br>near_zero_fraction=0.0000<br>outlier_fraction=0.0054<br>peak_to_rms=7.827<br>lives in a routing-critical block |
| `block_055.slot_10.block_norm` | 0.608 | distribution=dense_balanced<br>sampled_values=6144/6144<br>zero_fraction=0.0000<br>near_zero_fraction=0.0000<br>outlier_fraction=0.0080<br>peak_to_rms=1.463<br>lives in a routing-critical block |
| `block_025.slot_09.block_norm` | 0.609 | distribution=dense_balanced<br>sampled_values=6144/6144<br>zero_fraction=0.0000<br>near_zero_fraction=0.0016<br>outlier_fraction=0.0081<br>peak_to_rms=1.494<br>lives in a routing-critical block |
| `block_032.slot_07.block_norm` | 0.609 | distribution=dense_balanced<br>sampled_values=6144/6144<br>zero_fraction=0.0000<br>near_zero_fraction=0.0000<br>outlier_fraction=0.0081<br>peak_to_rms=2.783<br>lives in a routing-critical block |
| `block_008.slot_10.block_norm` | 0.610 | distribution=dense_balanced<br>sampled_values=6144/6144<br>zero_fraction=0.0000<br>near_zero_fraction=0.0000<br>outlier_fraction=0.0003<br>peak_to_rms=8.269<br>lives in a routing-critical block |
| `block_001.slot_08.block_norm` | 0.611 | distribution=dense_balanced<br>sampled_values=6144/6144<br>zero_fraction=0.0000<br>near_zero_fraction=0.0002<br>outlier_fraction=0.0005<br>peak_to_rms=8.334<br>lives in a routing-critical block |
| `block_000.slot_09.block_norm` | 0.611 | distribution=dense_balanced<br>sampled_values=6144/6144<br>zero_fraction=0.0000<br>near_zero_fraction=0.0002<br>outlier_fraction=0.0063<br>peak_to_rms=8.419<br>lives in a routing-critical block |
| `block_004.slot_10.block_norm` | 0.613 | distribution=dense_balanced<br>sampled_values=6144/6144<br>zero_fraction=0.0000<br>near_zero_fraction=0.0000<br>outlier_fraction=0.0011<br>peak_to_rms=8.618<br>lives in a routing-critical block |
| `block_052.slot_10.block_norm` | 0.613 | distribution=dense_balanced<br>sampled_values=6144/6144<br>zero_fraction=0.0000<br>near_zero_fraction=0.0000<br>outlier_fraction=0.0086<br>peak_to_rms=1.423<br>lives in a routing-critical block |
| `block_054.slot_10.block_norm` | 0.613 | distribution=dense_balanced<br>sampled_values=6144/6144<br>zero_fraction=0.0000<br>near_zero_fraction=0.0000<br>outlier_fraction=0.0086<br>peak_to_rms=1.622<br>lives in a routing-critical block |
| `block_010.slot_10.block_norm` | 0.617 | distribution=dense_balanced<br>sampled_values=6144/6144<br>zero_fraction=0.0000<br>near_zero_fraction=0.0000<br>outlier_fraction=0.0003<br>peak_to_rms=9.166<br>lives in a routing-critical block |
| `block_012.slot_08.block_norm` | 0.618 | distribution=dense_balanced<br>sampled_values=6144/6144<br>zero_fraction=0.0000<br>near_zero_fraction=0.0000<br>outlier_fraction=0.0013<br>peak_to_rms=9.381<br>lives in a routing-critical block |
| `block_053.slot_10.block_norm` | 0.619 | distribution=dense_balanced<br>sampled_values=6144/6144<br>zero_fraction=0.0000<br>near_zero_fraction=0.0000<br>outlier_fraction=0.0094<br>peak_to_rms=1.452<br>lives in a routing-critical block |
| `block_002.slot_08.block_norm` | 0.620 | distribution=dense_balanced<br>sampled_values=6144/6144<br>zero_fraction=0.0000<br>near_zero_fraction=0.0000<br>outlier_fraction=0.0055<br>peak_to_rms=9.666<br>lives in a routing-critical block |
| `block_023.slot_10.block_norm` | 0.621 | distribution=dense_balanced<br>sampled_values=6144/6144<br>zero_fraction=0.0000<br>near_zero_fraction=0.0000<br>outlier_fraction=0.0007<br>peak_to_rms=9.753<br>lives in a routing-critical block |
| `block_023.slot_08.block_norm` | 0.622 | distribution=dense_balanced<br>sampled_values=6144/6144<br>zero_fraction=0.0000<br>near_zero_fraction=0.0002<br>outlier_fraction=0.0018<br>peak_to_rms=9.928<br>lives in a routing-critical block |
| `block_056.slot_08.block_norm` | 0.628 | distribution=dense_balanced<br>sampled_values=6144/6144<br>zero_fraction=0.0000<br>near_zero_fraction=0.0000<br>outlier_fraction=0.0044<br>peak_to_rms=10.721<br>lives in a routing-critical block |
| `block_034.slot_10.block_norm` | 0.628 | distribution=dense_balanced<br>sampled_values=6144/6144<br>zero_fraction=0.0000<br>near_zero_fraction=0.0000<br>outlier_fraction=0.0010<br>peak_to_rms=10.736<br>lives in a routing-critical block |
| `block_034.slot_08.block_norm` | 0.631 | distribution=dense_balanced<br>sampled_values=6144/6144<br>zero_fraction=0.0000<br>near_zero_fraction=0.0003<br>outlier_fraction=0.0037<br>peak_to_rms=11.269<br>lives in a routing-critical block |
| `block_003.slot_10.block_norm` | 0.634 | distribution=dense_balanced<br>sampled_values=6144/6144<br>zero_fraction=0.0000<br>near_zero_fraction=0.0000<br>outlier_fraction=0.0010<br>peak_to_rms=11.593<br>lives in a routing-critical block |
| `block_000.slot_10.block_norm` | 0.636 | distribution=dense_balanced<br>sampled_values=6144/6144<br>zero_fraction=0.0000<br>near_zero_fraction=0.0000<br>outlier_fraction=0.0080<br>peak_to_rms=11.967<br>lives in a routing-critical block |
| `block_056.slot_10.block_norm` | 0.643 | distribution=dense_balanced<br>sampled_values=6144/6144<br>zero_fraction=0.0000<br>near_zero_fraction=0.0000<br>outlier_fraction=0.0007<br>peak_to_rms=12.923<br>lives in a routing-critical block |
| `block_045.slot_08.block_norm` | 0.644 | distribution=dense_balanced<br>sampled_values=6144/6144<br>zero_fraction=0.0000<br>near_zero_fraction=0.0000<br>outlier_fraction=0.0034<br>peak_to_rms=13.031<br>lives in a routing-critical block |
| `block_002.slot_10.block_norm` | 0.644 | distribution=dense_balanced<br>sampled_values=6144/6144<br>zero_fraction=0.0000<br>near_zero_fraction=0.0000<br>outlier_fraction=0.0007<br>peak_to_rms=13.036<br>lives in a routing-critical block |
| `block_045.slot_10.block_norm` | 0.646 | distribution=dense_balanced<br>sampled_values=6144/6144<br>zero_fraction=0.0000<br>near_zero_fraction=0.0000<br>outlier_fraction=0.0003<br>peak_to_rms=13.365<br>lives in a routing-critical block |
| `block_062.slot_10.block_norm` | 0.646 | distribution=dense_balanced<br>sampled_values=6144/6144<br>zero_fraction=0.0000<br>near_zero_fraction=0.0000<br>outlier_fraction=0.0007<br>peak_to_rms=13.427<br>lives in a routing-critical block |
| `block_061.slot_08.block_norm` | 0.648 | distribution=dense_balanced<br>sampled_values=6144/6144<br>zero_fraction=0.0000<br>near_zero_fraction=0.0000<br>outlier_fraction=0.0033<br>peak_to_rms=13.596<br>lives in a routing-critical block |
| `block_063.slot_10.block_norm` | 0.648 | distribution=dense_balanced<br>sampled_values=6144/6144<br>zero_fraction=0.0000<br>near_zero_fraction=0.0000<br>outlier_fraction=0.0007<br>peak_to_rms=13.648<br>lives in a routing-critical block |
| `block_063.slot_08.block_norm` | 0.648 | distribution=dense_balanced<br>sampled_values=6144/6144<br>zero_fraction=0.0000<br>near_zero_fraction=0.0000<br>outlier_fraction=0.0024<br>peak_to_rms=13.648<br>lives in a routing-critical block |
| `block_061.slot_10.block_norm` | 0.658 | distribution=dense_balanced<br>sampled_values=6144/6144<br>zero_fraction=0.0000<br>near_zero_fraction=0.0000<br>outlier_fraction=0.0008<br>peak_to_rms=15.031<br>lives in a routing-critical block |
| `block_062.slot_08.block_norm` | 0.659 | distribution=dense_balanced<br>sampled_values=6144/6144<br>zero_fraction=0.0000<br>near_zero_fraction=0.0000<br>outlier_fraction=0.0016<br>peak_to_rms=15.218<br>lives in a routing-critical block |

## Deferred tensors

| Tensor | Kind | Disposition | Reasons |
| ------ | ---- | ----------- | ------- |
| `embedding.slot_00.token_embedding` | token_embedding | observe_only | distribution=dense_balanced<br>sampled_values=65536/805306368<br>zero_fraction=0.0000<br>near_zero_fraction=0.0675<br>outlier_fraction=0.0000<br>peak_to_rms=4.722 |

## Highest-risk tensors

| Tensor | Region | Risk | Reasons |
| ------ | ------ | ---: | ------- |
| `block_063.slot_11.router` | routing_critical | 0.727 | distribution=dense_balanced<br>sampled_values=49152/49152<br>zero_fraction=0.0000<br>near_zero_fraction=0.0470<br>outlier_fraction=0.0009<br>peak_to_rms=15.632<br>linked to routing structure |
| `block_011.slot_11.router` | routing_critical | 0.727 | distribution=dense_balanced<br>sampled_values=49152/49152<br>zero_fraction=0.0000<br>near_zero_fraction=0.0238<br>outlier_fraction=0.0005<br>peak_to_rms=15.616<br>linked to routing structure |
| `block_033.slot_11.router` | routing_critical | 0.726 | distribution=dense_balanced<br>sampled_values=49152/49152<br>zero_fraction=0.0000<br>near_zero_fraction=0.0300<br>outlier_fraction=0.0005<br>peak_to_rms=15.542<br>linked to routing structure |
| `block_062.slot_11.router` | routing_critical | 0.717 | distribution=dense_balanced<br>sampled_values=49152/49152<br>zero_fraction=0.0000<br>near_zero_fraction=0.0208<br>outlier_fraction=0.0011<br>peak_to_rms=14.233<br>linked to routing structure |
| `block_047.slot_11.router` | routing_critical | 0.715 | distribution=dense_balanced<br>sampled_values=49152/49152<br>zero_fraction=0.0000<br>near_zero_fraction=0.0462<br>outlier_fraction=0.0003<br>peak_to_rms=13.935<br>linked to routing structure |
| `block_031.slot_11.router` | routing_critical | 0.712 | distribution=dense_balanced<br>sampled_values=49152/49152<br>zero_fraction=0.0000<br>near_zero_fraction=0.0335<br>outlier_fraction=0.0006<br>peak_to_rms=13.529<br>linked to routing structure |
| `block_007.slot_11.router` | routing_critical | 0.710 | distribution=dense_balanced<br>sampled_values=49152/49152<br>zero_fraction=0.0000<br>near_zero_fraction=0.1395<br>outlier_fraction=0.0005<br>peak_to_rms=13.223<br>linked to routing structure |
| `block_005.slot_11.router` | routing_critical | 0.709 | distribution=dense_balanced<br>sampled_values=49152/49152<br>zero_fraction=0.0000<br>near_zero_fraction=0.0224<br>outlier_fraction=0.0007<br>peak_to_rms=13.139<br>linked to routing structure |
| `block_003.slot_11.router` | routing_critical | 0.706 | distribution=dense_balanced<br>sampled_values=49152/49152<br>zero_fraction=0.0000<br>near_zero_fraction=0.0388<br>outlier_fraction=0.0013<br>peak_to_rms=12.607<br>linked to routing structure |
| `block_044.slot_11.router` | routing_critical | 0.704 | distribution=dense_balanced<br>sampled_values=49152/49152<br>zero_fraction=0.0000<br>near_zero_fraction=0.0528<br>outlier_fraction=0.0002<br>peak_to_rms=12.375<br>linked to routing structure |
| `block_061.slot_11.router` | routing_critical | 0.704 | distribution=dense_balanced<br>sampled_values=49152/49152<br>zero_fraction=0.0000<br>near_zero_fraction=0.0243<br>outlier_fraction=0.0013<br>peak_to_rms=12.314<br>linked to routing structure |
| `block_034.slot_11.router` | routing_critical | 0.704 | distribution=dense_balanced<br>sampled_values=49152/49152<br>zero_fraction=0.0000<br>near_zero_fraction=0.0466<br>outlier_fraction=0.0015<br>peak_to_rms=12.307<br>linked to routing structure |
| `block_002.slot_11.router` | routing_critical | 0.701 | distribution=dense_balanced<br>sampled_values=49152/49152<br>zero_fraction=0.0000<br>near_zero_fraction=0.0247<br>outlier_fraction=0.0005<br>peak_to_rms=11.872<br>linked to routing structure |

## Layer readiness

| Label | Block | Routing critical | Candidate targets | Mean readiness | Max risk |
| ----- | ----: | ---------------- | ----------------: | -------------: | -------: |
| unassigned | - | no | 0 | 0.107 | 0.570 |
| block_000 | 0 | yes | 7 | 0.131 | 0.662 |
| block_001 | 1 | yes | 7 | 0.132 | 0.671 |
| block_002 | 2 | yes | 7 | 0.131 | 0.701 |
| block_003 | 3 | yes | 7 | 0.131 | 0.706 |
| block_004 | 4 | yes | 7 | 0.132 | 0.687 |
| block_005 | 5 | yes | 7 | 0.132 | 0.709 |
| block_006 | 6 | yes | 7 | 0.133 | 0.671 |
| block_007 | 7 | yes | 7 | 0.133 | 0.710 |
| block_008 | 8 | yes | 7 | 0.133 | 0.682 |
| block_009 | 9 | yes | 7 | 0.132 | 0.690 |
| block_010 | 10 | yes | 7 | 0.132 | 0.681 |
| block_011 | 11 | yes | 7 | 0.132 | 0.727 |
| block_012 | 12 | yes | 7 | 0.132 | 0.695 |
| block_013 | 13 | yes | 7 | 0.133 | 0.676 |
| block_014 | 14 | yes | 7 | 0.133 | 0.683 |
| block_015 | 15 | yes | 7 | 0.132 | 0.687 |
| block_016 | 16 | yes | 7 | 0.132 | 0.683 |
| block_017 | 17 | yes | 7 | 0.132 | 0.684 |
| block_018 | 18 | yes | 7 | 0.132 | 0.680 |
| block_019 | 19 | yes | 7 | 0.132 | 0.691 |
| block_020 | 20 | yes | 7 | 0.132 | 0.694 |
| block_021 | 21 | yes | 7 | 0.132 | 0.680 |
| block_022 | 22 | yes | 7 | 0.132 | 0.679 |
| block_023 | 23 | yes | 7 | 0.131 | 0.699 |
| block_024 | 24 | yes | 7 | 0.132 | 0.684 |
| block_025 | 25 | yes | 7 | 0.132 | 0.686 |
| block_026 | 26 | yes | 7 | 0.132 | 0.682 |
| block_027 | 27 | yes | 7 | 0.132 | 0.690 |
| block_028 | 28 | yes | 7 | 0.132 | 0.686 |
| block_029 | 29 | yes | 7 | 0.132 | 0.699 |
| block_030 | 30 | yes | 7 | 0.132 | 0.674 |
| block_031 | 31 | yes | 7 | 0.132 | 0.712 |
| block_032 | 32 | yes | 7 | 0.132 | 0.699 |
| block_033 | 33 | yes | 7 | 0.132 | 0.726 |
| block_034 | 34 | yes | 7 | 0.131 | 0.704 |
| block_035 | 35 | yes | 7 | 0.132 | 0.679 |
| block_036 | 36 | yes | 7 | 0.132 | 0.687 |
| block_037 | 37 | yes | 7 | 0.132 | 0.685 |
| block_038 | 38 | yes | 7 | 0.132 | 0.688 |
| block_039 | 39 | yes | 7 | 0.132 | 0.685 |
| block_040 | 40 | yes | 7 | 0.132 | 0.688 |
| block_041 | 41 | yes | 7 | 0.132 | 0.689 |
| block_042 | 42 | yes | 7 | 0.132 | 0.684 |
| block_043 | 43 | yes | 7 | 0.132 | 0.672 |
| block_044 | 44 | yes | 7 | 0.132 | 0.704 |
| block_045 | 45 | yes | 7 | 0.131 | 0.692 |
| block_046 | 46 | yes | 7 | 0.132 | 0.686 |
| block_047 | 47 | yes | 7 | 0.132 | 0.715 |
| block_048 | 48 | yes | 7 | 0.132 | 0.677 |
| block_049 | 49 | yes | 7 | 0.132 | 0.672 |
| block_050 | 50 | yes | 7 | 0.132 | 0.691 |
| block_051 | 51 | yes | 7 | 0.132 | 0.685 |
| block_052 | 52 | yes | 7 | 0.132 | 0.672 |
| block_053 | 53 | yes | 7 | 0.132 | 0.678 |
| block_054 | 54 | yes | 7 | 0.132 | 0.668 |
| block_055 | 55 | yes | 7 | 0.132 | 0.685 |
| block_056 | 56 | yes | 7 | 0.131 | 0.697 |
| block_057 | 57 | yes | 7 | 0.132 | 0.676 |
| block_058 | 58 | yes | 7 | 0.132 | 0.669 |
| block_059 | 59 | yes | 7 | 0.132 | 0.673 |
| block_060 | 60 | yes | 7 | 0.133 | 0.651 |
| block_061 | 61 | yes | 7 | 0.131 | 0.704 |
| block_062 | 62 | yes | 7 | 0.131 | 0.717 |
| block_063 | 63 | yes | 7 | 0.131 | 0.727 |

## Notes

- Top quantization candidate is `block_030.slot_01.moe_expert.down` with readiness 0.188.
- 64 tensors are classified as routing-critical and should be handled cautiously.
- Routing analysis notes: Primary routing candidates are plain f32 tensors oriented from d_model to expert logits. Primary routing candidates occupy a stable block slot (11) across observed blocks. Observed primary routing tensors match the Grok-style router shape `(6144, 8)`.

wrote saaq bundle -> out/grok1_run3_20260802T023050Z/{reports,exports,manifests}/xai-grok-1-ckpt-0/...
2026-08-02T02:47:43.077937Z  INFO command{repo="xai-dissect" command="saaq-readiness" run_id="xai-dissect-1785638612596735974-3135501-0" git_sha="unknown" limit=None prefix="tensor" family="grok-1" sample_values=Some(65536)}: xai_dissect: command_finish event="command_finish" latency_ms=250481 success=true error_category="none"
=== saaq-readiness OK 2026-08-02T02:47:43+00:00 ===

=== quant-plan START 2026-08-02T02:47:43+00:00 ===
2026-08-02T02:47:43.088575Z  INFO command{repo="xai-dissect" command="quant-plan" run_id="xai-dissect-1785638863088561511-3136712-0" git_sha="unknown" limit=None prefix="tensor" family="grok-1" sample_values=Some(65536)}: xai_dissect: command_start event="command_start"
checkpoint: /home/raulmc/.models/xai-grok-1/ckpt-0  baseline: grok1-map-v1-clean  tensors: 770
keep_fp32: 3  pilot_quantize: 5  defer: 1

# xai-dissect quant plan

- **model_family**: `grok-1`
- **checkpoint**: `/home/raulmc/.models/xai-grok-1/ckpt-0`
- **baseline**: `grok1-map-v1-clean`
- **schema_version**: 1

## Required validation

| Metric | Required | Discovered |
| ------ | -------: | ---------: |
| blocks | 64 | 64 |
| tensors | 770 | 770 |
| routers | 64 | 64 |
| expert_families | 192 | 192 |
| unknown_tensors | 0 | 0 |

## Keep fp32

- `router`
- `block_norm`
- `final_norm`

## Pilot quantize

- `attn_proj_i8.model_width`
- `attn_proj_i8.narrow`
- `moe_expert.gate`
- `moe_expert.up`
- `moe_expert.down`

## Defer

- `token_embedding`

## Notes

- 770 tensors partition into 448 quantization candidates, 64 routing-critical, 257 precision-sensitive, and 1 deferred entries.
- Top quantization candidate is `block_030.slot_01.moe_expert.down` with readiness 0.188.

wrote quant-plan bundle -> out/grok1_run3_20260802T023050Z/{reports,exports,manifests}/xai-grok-1-ckpt-0/...
2026-08-02T02:51:47.026757Z  INFO command{repo="xai-dissect" command="quant-plan" run_id="xai-dissect-1785638863088561511-3136712-0" git_sha="unknown" limit=None prefix="tensor" family="grok-1" sample_values=Some(65536)}: xai_dissect: command_finish event="command_finish" latency_ms=243938 success=true error_category="none"
=== quant-plan OK 2026-08-02T02:51:47+00:00 ===
END_UTC=2026-08-02T02:51:47+00:00
SUCCESS
